-- MySQL dump 10.13  Distrib 5.7.26, for Win64 (x86_64)
--
-- Host: svq-8y1b8c2    Database: agilemeter
-- ------------------------------------------------------
-- Server version	5.7.26

/*!40101 SET @OLD_CHARACTER_SET_CLIENT=@@CHARACTER_SET_CLIENT */;
/*!40101 SET @OLD_CHARACTER_SET_RESULTS=@@CHARACTER_SET_RESULTS */;
/*!40101 SET @OLD_COLLATION_CONNECTION=@@COLLATION_CONNECTION */;
/*!40101 SET NAMES utf8 */;
/*!40103 SET @OLD_TIME_ZONE=@@TIME_ZONE */;
/*!40103 SET TIME_ZONE='+00:00' */;
/*!40014 SET @OLD_UNIQUE_CHECKS=@@UNIQUE_CHECKS, UNIQUE_CHECKS=0 */;
/*!40014 SET @OLD_FOREIGN_KEY_CHECKS=@@FOREIGN_KEY_CHECKS, FOREIGN_KEY_CHECKS=0 */;
/*!40101 SET @OLD_SQL_MODE=@@SQL_MODE, SQL_MODE='NO_AUTO_VALUE_ON_ZERO' */;
/*!40111 SET @OLD_SQL_NOTES=@@SQL_NOTES, SQL_NOTES=0 */;

--
-- Table structure for table `__efmigrationshistory`
--

DROP TABLE IF EXISTS `__efmigrationshistory`;
/*!40101 SET @saved_cs_client     = @@character_set_client */;
/*!40101 SET character_set_client = utf8 */;
CREATE TABLE `__efmigrationshistory` (
  `MigrationId` varchar(95) NOT NULL,
  `ProductVersion` varchar(32) NOT NULL,
  PRIMARY KEY (`MigrationId`)
) ENGINE=InnoDB DEFAULT CHARSET=latin1;
/*!40101 SET character_set_client = @saved_cs_client */;

--
-- Dumping data for table `__efmigrationshistory`
--

LOCK TABLES `__efmigrationshistory` WRITE;
/*!40000 ALTER TABLE `__efmigrationshistory` DISABLE KEYS */;
INSERT INTO `__efmigrationshistory` VALUES ('20181023105227_AddUserProyecto','2.0.2-rtm-10011'),('20181025094247_RemoveUserRoles','2.0.2-rtm-10011'),('20181026062550_AddAssessments','2.0.2-rtm-10011'),('20181029085809_LinkAssessmentWithSections','2.0.2-rtm-10011'),('20181029103724_LinkEvaluationsWithAssessments','2.0.2-rtm-10011'),('20181113120302_AddUserNameToEvaluation','2.0.2-rtm-10011'),('20181203104813_TestProyects','2.0.2-rtm-10011'),('20181217133407_AñadirPesosASecciones','2.0.2-rtm-10011'),('20181218081534_PreguntaHabilitante','2.0.2-rtm-10011'),('20190108132133_AddLastQuestionUpdate','2.0.2-rtm-10011'),('20190109093506_PesoIntToFloat','2.0.2-rtm-10011'),('20190109135727_NivelPreguntas','2.0.2-rtm-10011'),('20190201074324_SectionPesosNiveles','2.0.2-rtm-10011'),('20190503111708_AddTableOficina-Unidad_Linea','2.0.2-rtm-10011'),('20190522091354_NombreCompleto_Activo','2.0.2-rtm-10011'),('20190523094508_ModificacionTablaProyectos','2.0.2-rtm-10011');
/*!40000 ALTER TABLE `__efmigrationshistory` ENABLE KEYS */;
UNLOCK TABLES;

--
-- Table structure for table `asignaciones`
--

DROP TABLE IF EXISTS `asignaciones`;
/*!40101 SET @saved_cs_client     = @@character_set_client */;
/*!40101 SET character_set_client = utf8 */;
CREATE TABLE `asignaciones` (
  `Id` int(11) NOT NULL AUTO_INCREMENT,
  `Nombre` varchar(50) NOT NULL,
  `Peso` int(11) DEFAULT '0',
  `SectionId` int(11) NOT NULL,
  PRIMARY KEY (`Id`),
  KEY `IX_Asignaciones_SectionId` (`SectionId`),
  CONSTRAINT `FK_Asignaciones_Sections_SectionId` FOREIGN KEY (`SectionId`) REFERENCES `sections` (`Id`) ON DELETE CASCADE
) ENGINE=InnoDB AUTO_INCREMENT=26 DEFAULT CHARSET=latin1;
/*!40101 SET character_set_client = @saved_cs_client */;

--
-- Dumping data for table `asignaciones`
--

LOCK TABLES `asignaciones` WRITE;
/*!40000 ALTER TABLE `asignaciones` DISABLE KEYS */;
INSERT INTO `asignaciones` VALUES (1,'Product Owner',20,1),(2,'Scrum Master',40,1),(3,'Equipo Desarrollo',40,1),(4,'Daily Scrum',20,2),(5,'Sprint Retrospective',30,2),(6,'Sprint Review',10,2),(7,'Sprint Planning',15,2),(8,'Refinement',5,2),(9,'Sprint',20,2),(10,'Product Backlog',40,3),(11,'Sprint Backlog',40,3),(12,'Incremento',20,3),(13,'Cultura',30,4),(14,'Disciplina',35,4),(15,'Mejora Continua',35,4),(16,'Métricas',35,5),(17,'Implementación',40,5),(18,'Objetivos',25,5),(19,'Organización Equipos',100,6),(20,'Ciclo de vida',100,7),(21,'Construcción',100,8),(22,'Testing y Calidad',100,9),(23,'Despliegue',100,10),(24,'Monitorización',100,11),(25,'Aprovisionamiento',100,12);
/*!40000 ALTER TABLE `asignaciones` ENABLE KEYS */;
UNLOCK TABLES;

--
-- Table structure for table `assessment`
--

DROP TABLE IF EXISTS `assessment`;
/*!40101 SET @saved_cs_client     = @@character_set_client */;
/*!40101 SET character_set_client = utf8 */;
CREATE TABLE `assessment` (
  `AssessmentId` int(11) NOT NULL AUTO_INCREMENT,
  `AssessmentName` varchar(50) NOT NULL,
  PRIMARY KEY (`AssessmentId`)
) ENGINE=InnoDB AUTO_INCREMENT=3 DEFAULT CHARSET=latin1;
/*!40101 SET character_set_client = @saved_cs_client */;

--
-- Dumping data for table `assessment`
--

LOCK TABLES `assessment` WRITE;
/*!40000 ALTER TABLE `assessment` DISABLE KEYS */;
INSERT INTO `assessment` VALUES (1,'SCRUM'),(2,'DEVOPS');
/*!40000 ALTER TABLE `assessment` ENABLE KEYS */;
UNLOCK TABLES;

--
-- Table structure for table `evaluaciones`
--

DROP TABLE IF EXISTS `evaluaciones`;
/*!40101 SET @saved_cs_client     = @@character_set_client */;
/*!40101 SET character_set_client = utf8 */;
CREATE TABLE `evaluaciones` (
  `Id` int(11) NOT NULL AUTO_INCREMENT,
  `Estado` bit(1) NOT NULL,
  `Fecha` datetime NOT NULL,
  `NotasEvaluacion` varchar(4000) DEFAULT NULL,
  `NotasObjetivos` varchar(4000) DEFAULT NULL,
  `ProyectoId` int(11) NOT NULL,
  `Puntuacion` double DEFAULT '0',
  `AssessmentId` int(11) NOT NULL DEFAULT '1',
  `UserNombre` varchar(127) DEFAULT NULL,
  `LastQuestionUpdated` int(11) DEFAULT NULL,
  PRIMARY KEY (`Id`),
  KEY `IX_Evaluaciones_ProyectoId` (`ProyectoId`),
  KEY `IX_Evaluaciones_AssessmentId` (`AssessmentId`),
  KEY `IX_Evaluaciones_UserNombre` (`UserNombre`),
  CONSTRAINT `FK_Evaluaciones_Assessment_AssessmentId` FOREIGN KEY (`AssessmentId`) REFERENCES `assessment` (`AssessmentId`) ON DELETE CASCADE,
  CONSTRAINT `FK_Evaluaciones_Preguntas_Id` FOREIGN KEY (`Id`) REFERENCES `preguntas` (`Id`) ON DELETE CASCADE,
  CONSTRAINT `FK_Evaluaciones_Proyectos_ProyectoId` FOREIGN KEY (`ProyectoId`) REFERENCES `proyectos` (`Id`) ON DELETE CASCADE,
  CONSTRAINT `FK_Evaluaciones_Users_UserNombre` FOREIGN KEY (`UserNombre`) REFERENCES `users` (`Nombre`) ON DELETE NO ACTION
) ENGINE=InnoDB AUTO_INCREMENT=83 DEFAULT CHARSET=latin1;
/*!40101 SET character_set_client = @saved_cs_client */;

--
-- Dumping data for table `evaluaciones`
--

LOCK TABLES `evaluaciones` WRITE;
/*!40000 ALTER TABLE `evaluaciones` DISABLE KEYS */;
INSERT INTO `evaluaciones` VALUES (1,_binary '\0','2019-01-28 14:21:57',NULL,NULL,7,0,1,'cgonzaro',2),(2,_binary '\0','2019-01-28 14:44:35',NULL,NULL,8,0,1,'fvellari',NULL),(3,_binary '','2019-01-29 12:40:09',NULL,NULL,5,17.399999618530273,1,'jherrric',141),(4,_binary '','2019-01-29 12:45:29',NULL,NULL,5,2.5,1,'jherrric',141),(5,_binary '','2019-01-30 11:41:49',NULL,NULL,5,37,1,'jherrric',141),(6,_binary '','2019-01-31 09:16:42',NULL,NULL,10,25.799999237060547,1,'acornago',140),(7,_binary '','2019-01-31 10:21:42',NULL,NULL,10,21.700000762939453,1,'acornago',141),(8,_binary '','2019-01-31 10:51:52',NULL,NULL,10,14.300000190734863,1,'acornago',141),(11,_binary '','2019-02-06 23:13:00',NULL,NULL,7,29.100000381469727,1,'cgonzaro',141),(12,_binary '','2019-02-06 23:14:11',NULL,NULL,7,4.900000095367432,1,'cgonzaro',118),(13,_binary '','2019-02-06 23:15:23',NULL,NULL,7,4.900000095367432,1,'cgonzaro',141),(15,_binary '','2019-02-07 12:18:04',NULL,NULL,7,50.20000076293945,1,'cgonzaro',141),(17,_binary '','2019-02-07 12:58:18',NULL,NULL,7,28.700000762939453,1,'cgonzaro',141),(18,_binary '','2019-02-07 13:02:41',NULL,NULL,7,58.29999923706055,1,'cgonzaro',141),(19,_binary '','2019-02-07 14:23:54',NULL,NULL,7,41.20000076293945,1,'cgonzaro',141),(20,_binary '\0','2019-02-07 14:51:28',NULL,NULL,7,0,1,'cgonzaro',133),(21,_binary '','2019-02-08 06:17:15',NULL,NULL,7,52.099998474121094,1,'cgonzaro',141),(22,_binary '\0','2019-02-08 06:20:37',NULL,NULL,7,0,1,'cgonzaro',133),(23,_binary '\0','2019-02-08 06:23:56',NULL,NULL,7,0,1,'cgonzaro',133),(24,_binary '\0','2019-02-08 06:26:04',NULL,NULL,7,0,1,'cgonzaro',133),(25,_binary '','2018-12-07 06:27:31','',NULL,2,42.70000076293945,1,'mcampong',141),(26,_binary '','2019-01-08 06:29:34',NULL,NULL,2,47.20000076293945,1,'mcampong',8),(27,_binary '','2019-06-28 06:42:33','test1','test2',2,49.70000076293945,1,'mcampong',141),(30,_binary '\0','2019-02-14 07:22:53',NULL,NULL,7,0,1,'cgonzaro',133),(31,_binary '\0','2019-02-14 10:04:33',NULL,NULL,7,0,1,'cgonzaro',133),(32,_binary '\0','2019-02-14 10:07:07',NULL,NULL,7,0,1,'cgonzaro',133),(33,_binary '\0','2019-02-14 10:11:00',NULL,NULL,7,0,1,'cgonzaro',133),(34,_binary '','2019-02-14 10:13:03',NULL,NULL,7,55.400001525878906,1,'cgonzaro',136),(40,_binary '\0','2019-02-15 09:36:04',NULL,NULL,8,0,1,'fvellari',NULL),(41,_binary '','2019-03-11 11:06:25','En cuanto al equipo, están los roles completamente definidos y las responsabilidades repartidas.\n\nAunque la dedicación del PO es de un 20 %, parece no afectar ala consecución de los objetivos perseguidos. Si bien, uno de los puntos que me preocupa, es la experiencia técnica del PO, ya que podría estar enfocando los PBIs de una manera no funcional, e incluso asesorando al equipo en puntos técnicos.\n\nAunque la dedicación de la SM no es al 100 %, al igual que en el caso del PO, le permite alcanzar la consecución de sus objetivos. Si bien habría que revisar qué labores realiza como SM y enfocar su rol hacia un punto más práctico.\n\nEn cuanto al equipo de desarrollo, habría que formarlos en la metodología Scrum ya que no todos ellos están alineados con el conocimiento necesario a nivel de Scrum Developer. En cuanto obtengan este conocimiento, quizás le podrían sacar mucho más partido a la metodología.\n\nEn relación a los eventos:\n- Sprint de 3 semanas, estables.\n- Daily Scrum, en pocas ocasiones se debaten puntos técnicos, por lo que habría que intentar mediar para evitar que se emplee tiempo y esfuerzo en ellos.\n- Refienement, no se celebra. La clarificación de los items se hace directamente en la planning.\n- Sprint Planning, en ocasiones no puede acudir el PO y ese rol lo asume la SM. Los SP que se emplean en la planificación se sumen que son horas: 1 SP = 1 h de esfuerzo.\n- Sprint Review, no participa al completo el equipo de desarrollo, no permitiéndoles poder enorgullecerse de su trabajo. Además aparte de esta review, se hace una minidemo con los stakeholders en la que se hace seguimiento del proyecto.\n- Sprint Retrospective, no se usan técnicas concretas, simplemente se debate abiertamente y se llegan a soluciones, a las que no se les hace un seguimiento por parte del equipo.\n\nEn cuanto a Herramientas habría que ahondar mucho más en el PB + SB + DoD, porque no me queda muy claro del todo, cómo lo tienen montado.\n\nEn relación al Mindset se le requiere mayor participación a la SM para el resto de la organización ya que no sabemos si los managers o líderes del proyecto están alineados con Scrum. Se tiene que poner el foco en las interrupciones frecuentes al equipo, así como en regular los time-boxes de las reuniones para que no se disparen.\n\nEn la Aplicación Práctica, habría que darle una vuelta a la estimación en SP y horas, así como a los chart de seguimientos que maneja el equipo para que les sean útiles y puedan disparar discusiones.\n\nEn cuanto a misión, visión y valores, el equipo debería definir junto con los stakeholders el por qué de este encargo.',NULL,16,43.29999923706055,1,'marcossa',137),(42,_binary '','2019-03-11 12:08:14','Se tiene una planificación completamente Waterfall.\nPara lo que le queda al equipo mejor acabar esta etapa tal y como están y en el comienzo de la nueva etapa empezar a realizar un acompañamiento metodológico para sentar las bases correctas de colaboración.',NULL,15,18.700000762939453,1,'marcossa',141),(43,_binary '\0','2019-03-11 13:36:07',NULL,NULL,9,0,1,'marcossa',NULL),(44,_binary '','2019-03-12 12:08:58',NULL,NULL,13,20.299999237060547,1,'marcossa',141),(45,_binary '','2019-03-13 16:03:24','Los PO (Lara y Alfonso) no hacen la función real de PO, serían más el Rol de Stakeholder, ya que es uno de los que tiene el Rol de SM (Diego) quien escribe las US. Además existe otro rol de SM (Carlos G) que lo que hace es resolver impedimentos técnicos por su conocimiento, y otro rol de SM (Carlos P) que se encarga de resolver impedimentos de infraestructuras de la propia compañía. En este caso faltaría un esquema de Roles y Responsabilidades de cada uno de ellos.\n\nEn cuanto a los eventos, les falta el mantener el timebox del sprint en el tiempo, asumiendo que en vacaciones van a tener menor capacidad. Además debido al problema anterior añadido, las reuniones aunque se celebran no participan los punteros adecuados. Habría que re-estructurar los hábitos de las reuniones.\n\nEn cuanto a herramientas, cuentan con un Jira de cliente, que habría que ver cómo se representa el PB y cómo son cada uno de esos items. No cuentan con SB y tampoco con DoD. No se sabe cómo garantizan la calidad del incremento generado.\n\nLa cultura organizacional de SM no existe, porque está enfocado al proyecto. Suelen ser disciplinados y practican la mejora continua.\n\nEn cuanto a métricas, no cuentan con Sprint Burndown, estiman en SP y miden por capacidad, por lo que me da la sensación de que asumen SP = H.',NULL,17,28.799999237060547,1,'marcossa',141),(46,_binary '','2019-07-05 07:00:34',NULL,NULL,18,38.5,1,'marcossa',141),(47,_binary '\0','2019-03-15 12:15:26',NULL,NULL,22,0,1,'jbeltrma',44),(48,_binary '','2019-03-28 09:52:50',NULL,NULL,23,58.29999923706055,1,'agiampas',141),(51,_binary '\0','2019-04-23 23:21:45',NULL,NULL,10,0,1,'acornago',1),(52,_binary '','2019-04-29 09:21:30',NULL,NULL,23,56.79999923706055,1,'agiampas',141),(53,_binary '\0','2019-04-29 09:25:39',NULL,NULL,23,0,1,'agiampas',NULL),(55,_binary '\0','2019-06-26 15:12:22',NULL,NULL,32,0,1,'agiampas',107),(56,_binary '\0','2019-05-24 07:57:54',NULL,NULL,16,0,1,'fvellari',NULL),(57,_binary '','2019-05-28 11:38:38',NULL,NULL,23,37.70000076293945,2,'agiampas',158),(58,_binary '\0','2019-05-28 11:37:41',NULL,NULL,23,0,1,'agiampas',NULL),(59,_binary '\0','2019-06-18 10:03:38',NULL,NULL,35,0,1,'agiampas',44),(60,_binary '\0','2019-05-28 12:51:11',NULL,NULL,21,0,2,'marcossa',146),(61,_binary '','2019-06-25 07:58:02',NULL,NULL,35,18,2,'acornago',233),(63,_binary '\0','2019-06-06 06:32:37',NULL,NULL,45,0,1,'test_user',NULL),(64,_binary '\0','2019-06-18 10:02:44',NULL,NULL,32,0,1,'agiampas',2),(65,_binary '\0','2019-06-18 10:00:19',NULL,NULL,32,0,2,'agiampas',142),(66,_binary '','2019-06-27 06:44:12',NULL,NULL,2,16.200000762939453,1,'marcossa',27),(67,_binary '\0','2019-06-12 06:44:50',NULL,NULL,1,0,1,'acornago',NULL),(68,_binary '\0','2019-06-12 06:45:26',NULL,NULL,1,0,2,'acornago',NULL),(71,_binary '\0','2019-06-26 15:12:04',NULL,NULL,32,0,1,'agiampas',17),(73,_binary '\0','2019-06-24 09:30:29',NULL,NULL,2,0,2,'fmorenov',144),(74,_binary '\0','2019-06-26 15:11:21',NULL,NULL,32,0,2,'agiampas',NULL),(75,_binary '\0','2019-06-28 06:12:11',NULL,NULL,2,0,1,'marcossa',1),(76,_binary '\0','2019-06-28 06:17:06',NULL,NULL,2,0,1,'test_user',1),(77,_binary '\0','2019-06-28 06:23:18',NULL,NULL,18,0,1,'marcossa',NULL),(78,_binary '\0','2019-07-05 08:51:21',NULL,NULL,2,0,1,'marcossa',NULL),(79,_binary '\0','2019-07-09 13:01:55',NULL,NULL,34,0,1,'marcossa',NULL),(80,_binary '\0','2019-07-12 06:39:43',NULL,NULL,2,0,1,'marcossa',NULL),(81,_binary '\0','2019-07-22 06:03:11',NULL,NULL,32,0,1,'fmorenov',116),(82,_binary '\0','2019-07-22 07:09:22',NULL,NULL,34,0,1,'fmorenov',NULL);
/*!40000 ALTER TABLE `evaluaciones` ENABLE KEYS */;
UNLOCK TABLES;

--
-- Table structure for table `linea`
--

DROP TABLE IF EXISTS `linea`;
/*!40101 SET @saved_cs_client     = @@character_set_client */;
/*!40101 SET character_set_client = utf8 */;
CREATE TABLE `linea` (
  `LineaId` int(11) NOT NULL AUTO_INCREMENT,
  `LineaNombre` varchar(50) NOT NULL,
  `UnidadId` int(11) NOT NULL,
  PRIMARY KEY (`LineaId`),
  KEY `IX_Linea_UnidadId` (`UnidadId`),
  CONSTRAINT `FK_Linea_Unidad_UnidadId` FOREIGN KEY (`UnidadId`) REFERENCES `unidad` (`UnidadId`) ON DELETE CASCADE
) ENGINE=InnoDB AUTO_INCREMENT=9 DEFAULT CHARSET=latin1;
/*!40101 SET character_set_client = @saved_cs_client */;

--
-- Dumping data for table `linea`
--

LOCK TABLES `linea` WRITE;
/*!40000 ALTER TABLE `linea` DISABLE KEYS */;
INSERT INTO `linea` VALUES (1,'Linea de Prueba',1),(2,'L. BigData',2),(3,'L. CHAFEA',2),(4,'L. Herramientas',3),(5,'GESTOROT',4),(6,'PGECADIS',4),(7,'DES BMW SA3',5),(8,'DES BID',6);
/*!40000 ALTER TABLE `linea` ENABLE KEYS */;
UNLOCK TABLES;

--
-- Table structure for table `notasasignaciones`
--

DROP TABLE IF EXISTS `notasasignaciones`;
/*!40101 SET @saved_cs_client     = @@character_set_client */;
/*!40101 SET character_set_client = utf8 */;
CREATE TABLE `notasasignaciones` (
  `Id` int(11) NOT NULL AUTO_INCREMENT,
  `AsignacionId` int(11) NOT NULL,
  `EvaluacionId` int(11) NOT NULL,
  `Notas` varchar(4000) DEFAULT NULL,
  PRIMARY KEY (`Id`),
  KEY `IX_NotasAsignaciones_AsignacionId` (`AsignacionId`),
  KEY `IX_NotasAsignaciones_EvaluacionId` (`EvaluacionId`),
  CONSTRAINT `FK_NotasAsignaciones_Asignaciones_AsignacionId` FOREIGN KEY (`AsignacionId`) REFERENCES `asignaciones` (`Id`) ON DELETE CASCADE,
  CONSTRAINT `FK_NotasAsignaciones_Evaluaciones_EvaluacionId` FOREIGN KEY (`EvaluacionId`) REFERENCES `evaluaciones` (`Id`) ON DELETE CASCADE
) ENGINE=InnoDB AUTO_INCREMENT=38 DEFAULT CHARSET=latin1;
/*!40101 SET character_set_client = @saved_cs_client */;

--
-- Dumping data for table `notasasignaciones`
--

LOCK TABLES `notasasignaciones` WRITE;
/*!40000 ALTER TABLE `notasasignaciones` DISABLE KEYS */;
INSERT INTO `notasasignaciones` VALUES (2,1,24,'Aquí se incluyó una nota del modulo ProductOwner'),(3,1,23,'Aquí se incluyó una nota del módulo ProductOwner'),(4,1,22,'Aquí se incluyó una nota del módulo ProductOwner.'),(5,17,24,NULL),(7,1,30,'Esto es una nota introducida por el usuario'),(8,1,31,'Esto es una nota introducida por el usuario'),(9,1,33,'Esto es una nota introducida por el usuario'),(10,1,34,'Esto es una nota introducida por el usuario'),(12,1,32,'Esto es una nota introducida por el usuario'),(13,1,20,'Esto es una nota introducida por el usuario'),(14,18,41,'Conocen los objetivos, pero no tienen definido por escrito estos puntos.'),(15,5,44,'Se han hecho en alguna ocasión pero nunca ha participado el PO, Maria Teresa y Francesco si.'),(16,6,44,'No se tiene el hábito.'),(17,7,44,'Primera parte: PO dice que quiere X en el Sprint\nSegunda parte: entre Maria Teresa y Jitesh se llega a un acuerdo con el PO. Sobre este pacto es sobre los que votan los developers.'),(18,8,44,'Resolución de dudas, no se tiene el hábito de refinar.'),(19,9,44,'1 mes'),(20,16,44,'Métricas de calidad no se toman.\nSolo se están midiendo velocidad y métricas de centros, del servicio.'),(21,1,45,'El rol de PO no está bien implementado por falta de tiempo y por evitar bloqueos. Son gente de negocio.'),(22,2,45,'Divido en 3 personas:\n- Carlos Gonzalez: Al principio cuando más trabajo hizo, se encarga de resolver los problemas técnicos.\n- Carlos Polo: facilita personas de contacto para disipar las dependencias. Está más cerca de Iberdrola.\n- Diego hace PO-proxy, pero lo llaman SM\n\nCarlos Polo y Diego son los que facilitan las retros y las daily. Equipara la visión del backlog del PO en función a la capacidad del equipo.'),(23,11,45,'Escribir en fenix que US se han aceptado.'),(24,2,46,'Francisco Javier Sobrado, es el SM porque es el que hace que la metodología vaya bien.\nRaul es la parte de negocio que contacto con ellos.\n'),(25,5,46,'Se suelen revisar las acciones de retros anteriores.'),(26,6,46,'Aquí si que acude el PO\n'),(27,8,46,'Una o dos veces en el sprint.\nJavier es quien la convoca.\nPO + Javier + Raul + Jaime, pero no todo el equipo.'),(28,9,46,'En vacaciones lo crecerán'),(29,1,47,NULL),(30,13,55,'uioi'),(31,19,60,'ghujty'),(32,18,66,'zxczxczxc'),(33,4,66,'zxczxczxc'),(34,19,65,'asa'),(35,19,61,'df'),(36,19,73,NULL),(37,2,71,'l');
/*!40000 ALTER TABLE `notasasignaciones` ENABLE KEYS */;
UNLOCK TABLES;

--
-- Table structure for table `notassections`
--

DROP TABLE IF EXISTS `notassections`;
/*!40101 SET @saved_cs_client     = @@character_set_client */;
/*!40101 SET character_set_client = utf8 */;
CREATE TABLE `notassections` (
  `Id` int(11) NOT NULL AUTO_INCREMENT,
  `EvaluacionId` int(11) NOT NULL,
  `Notas` varchar(4000) DEFAULT NULL,
  `SectionId` int(11) NOT NULL,
  PRIMARY KEY (`Id`),
  KEY `IX_NotasSections_EvaluacionId` (`EvaluacionId`),
  KEY `IX_NotasSections_SectionId` (`SectionId`),
  CONSTRAINT `FK_NotasSections_Evaluaciones_EvaluacionId` FOREIGN KEY (`EvaluacionId`) REFERENCES `evaluaciones` (`Id`) ON DELETE CASCADE,
  CONSTRAINT `FK_NotasSections_Sections_SectionId` FOREIGN KEY (`SectionId`) REFERENCES `sections` (`Id`) ON DELETE CASCADE
) ENGINE=InnoDB AUTO_INCREMENT=28 DEFAULT CHARSET=latin1;
/*!40101 SET character_set_client = @saved_cs_client */;

--
-- Dumping data for table `notassections`
--

LOCK TABLES `notassections` WRITE;
/*!40000 ALTER TABLE `notassections` DISABLE KEYS */;
INSERT INTO `notassections` VALUES (2,24,'Aquí se incluyó una nota de la sección Equipo',1),(3,23,'Aquí se incluyó una nota de la sección Equipo',1),(4,22,'Aquí se incluyó una nota de la sección Equipo',1),(7,24,NULL,5),(9,30,'Esto es una nota introducida por el usuario',1),(10,31,'Esto es una nota introducida por el usuario',1),(11,33,'Esto es una nota introducida por el usuario',1),(12,34,'Esto es una nota introducida por el usuario',1),(15,32,'Esto es una nota introducida por el usuario',1),(16,20,'Esto es una nota introducida por el usuario',1),(17,42,'El cliente es bastante inmaduro en temas de Agile.\nEl SM que es quien tiene que poner las normas no lo hace y por tanto la Aplicación práctica es casi imposible',5),(18,60,'iuol',6),(19,61,NULL,6),(20,59,NULL,2),(21,66,'zxczczxc',5),(22,65,'sds',6),(23,73,'No se actualiza',6),(24,74,NULL,6),(25,55,'kj',4),(26,75,'dsfsdfdsf',1),(27,78,'adfsdfsdf',1);
/*!40000 ALTER TABLE `notassections` ENABLE KEYS */;
UNLOCK TABLES;

--
-- Table structure for table `oficina`
--

DROP TABLE IF EXISTS `oficina`;
/*!40101 SET @saved_cs_client     = @@character_set_client */;
/*!40101 SET character_set_client = utf8 */;
CREATE TABLE `oficina` (
  `OficinaId` int(11) NOT NULL AUTO_INCREMENT,
  `OficinaNombre` varchar(50) NOT NULL,
  PRIMARY KEY (`OficinaId`)
) ENGINE=InnoDB AUTO_INCREMENT=7 DEFAULT CHARSET=latin1;
/*!40101 SET character_set_client = @saved_cs_client */;

--
-- Dumping data for table `oficina`
--

LOCK TABLES `oficina` WRITE;
/*!40000 ALTER TABLE `oficina` DISABLE KEYS */;
INSERT INTO `oficina` VALUES (1,'Oficina de Prueba'),(2,'Murcia'),(3,'Alicante'),(4,'Salamanca'),(5,'Lisboa'),(6,'Sevilla');
/*!40000 ALTER TABLE `oficina` ENABLE KEYS */;
UNLOCK TABLES;

--
-- Table structure for table `preguntas`
--

DROP TABLE IF EXISTS `preguntas`;
/*!40101 SET @saved_cs_client     = @@character_set_client */;
/*!40101 SET character_set_client = utf8 */;
CREATE TABLE `preguntas` (
  `Id` int(11) NOT NULL AUTO_INCREMENT,
  `AsignacionId` int(11) NOT NULL,
  `Correcta` longtext,
  `Pregunta` varchar(500) NOT NULL,
  `Peso` float NOT NULL,
  `EsHabilitante` bit(1) NOT NULL DEFAULT b'0',
  `PreguntaHabilitanteId` int(11) DEFAULT NULL,
  `Nivel` int(11) NOT NULL DEFAULT '0',
  PRIMARY KEY (`Id`),
  KEY `IX_Preguntas_AsignacionId` (`AsignacionId`),
  KEY `IX_Preguntas_PreguntaHabilitanteId` (`PreguntaHabilitanteId`),
  CONSTRAINT `FK_Preguntas_Asignaciones_AsignacionId` FOREIGN KEY (`AsignacionId`) REFERENCES `asignaciones` (`Id`) ON DELETE CASCADE,
  CONSTRAINT `FK_Preguntas_Preguntas_PreguntaHabilitanteId` FOREIGN KEY (`PreguntaHabilitanteId`) REFERENCES `preguntas` (`Id`) ON DELETE NO ACTION
) ENGINE=InnoDB AUTO_INCREMENT=234 DEFAULT CHARSET=latin1;
/*!40101 SET character_set_client = @saved_cs_client */;

--
-- Dumping data for table `preguntas`
--

LOCK TABLES `preguntas` WRITE;
/*!40000 ALTER TABLE `preguntas` DISABLE KEYS */;
INSERT INTO `preguntas` VALUES (1,1,'Si','¿Existe el rol de Product Owner en el equipo?',0,_binary '',NULL,1),(2,1,'Si','¿El Product Owner tiene poder para priorizar los elementos del Product Backlog?',0.9,_binary '\0',1,2),(3,1,'Si','¿El Product Owner tiene el conocimiento suficiente para priorizar?',0.55,_binary '\0',1,3),(4,1,'Si','¿El Product Owner tiene contacto directo con el equipo de desarrollo?',0.46,_binary '\0',1,1),(5,1,'Si','¿El Product Owner tiene contacto directo con los interesados?',0.06,_binary '\0',1,2),(6,1,'Si','¿El Product Owner tiene voz única (Si hay más de un Product Owner, solo hay una opinión)?',0.45,_binary '\0',1,3),(7,1,'Si','¿El Product Owner tiene la visión del producto?',0.46,_binary '\0',1,1),(8,1,'No','¿El Product Owner hace otras labores (codificar por ejemplo)?',0.04,_binary '\0',1,2),(9,1,'No','¿El Product Owner toma decisiones técnicas?',0.08,_binary '\0',1,1),(10,2,'Si','¿Existe el rol de Scrum Master en el equipo?',0,_binary '',NULL,1),(11,2,'Si','¿El Scrum Master se enfoca en la resolución de impedimentos?',0.48,_binary '\0',10,1),(12,2,'Si','¿El Scrum Master escala los impedimentos?',0.31,_binary '\0',10,2),(13,2,'No','¿El Scrum Master hace otras labores (codificar/analizar por ejemplo)?',0.08,_binary '\0',10,2),(14,2,'No','¿El Scrum Master toma decisiones técnicas o de negocio?',0.15,_binary '\0',10,2),(15,2,'Si','¿El Scrum Master ayuda/guía al Product Owner para realizar correctamente su trabajo?',0.52,_binary '\0',10,1),(16,2,'Si','¿El Scrum Master empodera al equipo?',0.85,_binary '\0',10,3),(17,2,'No','¿El Scrum Master asume la responsabilidad si el equipo falla? ',0.15,_binary '\0',10,3),(18,2,'Si','¿El Scrum Master permite que el equipo experimente y se equivoque?',0.46,_binary '\0',10,2),(19,3,'Si','¿El equipo de desarrollo tiene todas las competencias necesarias?',0.75,_binary '\0',NULL,2),(20,3,'No','¿Existen miembros del equipo de desarrollo encasillados, no conociendo absolutamente nada de otras áreas?',0.06,_binary '\0',NULL,2),(21,3,'Si','¿Los miembros del equipo de desarrollo interactúan juntos en el desarrrollo de la solución?',0.38,_binary '\0',NULL,1),(22,3,'Si','¿Hay como máximo 9 personas en el equipo de desarrollo?',0.46,_binary '\0',NULL,1),(23,3,'No','¿Hay algún miembro del equipo de desarrollo que no esté alineado con Scrum?',0.16,_binary '\0',NULL,1),(24,3,'Si','¿Planifica el equipo de desarrollo tareas que no aportan directamente valor al producto (preparar entornos, arquitectura, formaciones, etc.), y consensuan esta dedicación con los stakeholders?',0.15,_binary '\0',NULL,3),(25,3,'Si','¿El equipo de desarrollo usa o dispone de herramientas para organizar sus tareas?',0.19,_binary '\0',NULL,2),(26,3,'No','¿El equipo de desarrollo tiene dependencias no resueltas?',0.85,_binary '\0',NULL,3),(27,4,'Si','¿Se realiza la Daily Scrum?',0,_binary '',NULL,1),(28,4,'Si','¿Solo interviene el equipo de desarrollo?',0.67,_binary '\0',27,1),(29,4,'Si','¿Se emplean como máximo 15 min?',0.13,_binary '\0',27,1),(30,4,'Si','¿Se mencionan los problemas e impedimentos?',0.73,_binary '\0',27,2),(31,4,'Si','¿Se revisan los objetivos del Sprint?',1,_binary '\0',27,3),(32,4,'Si','¿Se realiza siempre a la misma hora y lugar?',0.2,_binary '\0',27,1),(33,4,'No','¿Interviene gente que no pertenece al equipo Scrum?',0.09,_binary '\0',27,2),(34,4,'No','¿Se discute sobre soluciones técnicas durante la Daily Scrum?',0.18,_binary '\0',27,2),(35,5,'Si','¿Se realiza la Retrospective al final de cada sprint?',0,_binary '',NULL,1),(36,5,'Si','¿Hay alguien que haga de facilitador?',0.33,_binary '\0',35,2),(37,5,'Si','¿Participa al completo el equipo Scrum?',0.2,_binary '\0',35,1),(38,5,'Si','¿Se analizan los problemas en profundidad?',0.33,_binary '\0',35,2),(39,5,'Si','¿Se proponen soluciones a los problemas detectados?',0.77,_binary '\0',35,1),(40,5,'No','¿Participa gente que no pertenece al equipo?',0.03,_binary '\0',35,1),(41,5,'Si','¿Todo el equipo expresa su punto de vista?',0.75,_binary '\0',35,3),(42,5,'Si','¿Se analizan las métricas y su impacto durante la retro?',0.25,_binary '\0',35,3),(43,5,'Si','¿Se hace seguimiento a las acciones de las Retrospectives anteriores?',0.34,_binary '\0',35,2),(44,6,'Si','¿Se realiza la Sprint Review al final de cada sprint?',0,_binary '',NULL,1),(45,6,'Si','¿Se muestra software funcionando y probado?',0.75,_binary '\0',44,1),(46,6,'Si','¿Se recibe feedback de interesados y Product Owner?',0.35,_binary '\0',44,2),(47,6,'No','¿Se mencionan los items inacabados?',0.06,_binary '\0',44,1),(48,6,'Si','¿Se revisa si se ha alcanzado el objetivo del Sprint?',0.47,_binary '\0',44,2),(49,6,'No','¿Se muestran los items desarrollados pero no probados?',0.06,_binary '\0',44,2),(50,6,'Si','¿Se invitan a los stakeholders a que participen?',0.2,_binary '\0',44,3),(51,6,'Si','¿Se revisa lo que vamos a incluir en el siguiente sprint?',0.8,_binary '\0',44,3),(52,6,'Si','¿Participa todo el equipo Scrum?',0.19,_binary '\0',44,1),(53,6,'Si','¿Es el equipo de desarrollo el que enseña el incremento?',0.12,_binary '\0',44,2),(54,7,'Si','¿Se realiza Sprint Planning por cada Sprint?',0,_binary '',NULL,1),(55,7,'Si','¿El Product Owner está disponible para dudas?',0.27,_binary '\0',54,1),(56,7,'Si','¿El equipo de desarrollo completo participa?',0.36,_binary '\0',54,1),(57,7,'Si','¿El resultado de la sesión es el plan del Sprint?',0.06,_binary '\0',54,1),(58,7,'Si','¿El equipo completo cree que el plan es alcanzable?',0.5,_binary '\0',54,2),(59,7,'Si','¿Se llega a un consenso entre el Product Owner y el equipo de desarrollo en el alcance del Sprint Backlog?',0.38,_binary '\0',54,3),(60,7,'Si','¿Los Product Backlog Items se dividen en tareas?',0.14,_binary '\0',54,1),(61,7,'Si','¿Los Product Backlog Items son estimados?',0.11,_binary '\0',54,1),(62,7,'Si','¿Se adquiere un compromiso por parte del equipo de desarrollo?',0.5,_binary '\0',54,2),(63,7,'Si','¿Se analizan las dependencias que pueden surgir entre los Product Backlog Items?',0.62,_binary '\0',54,3),(64,7,'No','¿Participa el Product Owner/Scrum Master en las estimaciones de los Product Backlog Items?',0.06,_binary '\0',54,1),(65,8,'Si','¿Se realiza Refinement?',0,_binary '',NULL,1),(66,8,'Si','¿Es el Product Owner quien solicita hacer una refinement?',0.77,_binary '\0',65,1),(67,8,'Si','¿El Product Owner lleva las User Stories definidas para discutirlas?',0.83,_binary '\0',65,2),(68,8,'No','¿Se dedica más del 10 % de la capacidad del equipo desarrollo?',1,_binary '\0',65,3),(69,8,'Si','¿Se tratan los Product Backlog Items que son más prioritarios del Product Backlog?',0.23,_binary '\0',65,1),(70,8,'Si','¿Participan los perfiles necesarios en la Refinement?',0.17,_binary '\0',65,2),(71,9,'Si','¿Las iteraciones siempre duran lo mismo?',0,_binary '',NULL,1),(72,9,'Si','¿La duración de las iteraciones es menor a un mes?',1,_binary '\0',71,1),(73,9,'No','¿El equipo varia durante el Sprint?',0.31,_binary '\0',71,2),(74,9,'No','¿Se continua el sprint aunque no tenga sentido el objetivo a alcanzar?',0.69,_binary '\0',71,2),(75,10,'Si','¿Existe PB?',0,_binary '',NULL,1),(76,10,'Si','¿EL PB refleja la visión del producto?',0.23,_binary '\0',75,2),(77,10,'Si','¿El PB es visible para todos los miembros del equipo?',0.47,_binary '\0',75,2),(78,10,'Si','¿Los PBIs se priorizan por su valor de negocio?',0.87,_binary '\0',75,1),(79,10,'Si','¿El alcance de los PBIs más prioritarios está suficientemente claro como para incluirlos en un Sprint?',0.2,_binary '\0',75,2),(80,10,'No','¿Es el alcance de los PBIs inmodificable?',0.41,_binary '\0',75,3),(81,10,'Si','¿Los PBI son tan pequeños como para abordarse en un Sprint?',0.13,_binary '\0',75,1),(82,10,'Si','¿El Equipo Scrum entiende el propósito de todos los PBIs?',0.07,_binary '\0',75,2),(83,10,'Si','¿El equipo de desarrollo influye en la priorización del PB?',0.2,_binary '\0',75,3),(84,10,'Si','¿El PB incluye algunas de las acciones elegidas en la Retrospectiva?',0.39,_binary '\0',75,3),(85,10,'Si','¿Se refinan los PBIs antes de llegar a un Sprint Planning?',0.03,_binary '\0',75,2),(86,11,'Si','¿Existe SB?',0,_binary '',NULL,1),(87,11,'Si','¿El SB refleja el compromiso para el Sprint?',0.58,_binary '\0',86,1),(88,11,'Si','¿El SB es visible para todos los miembros del equipo?',0.42,_binary '\0',86,1),(89,11,'Si','¿El SB se revisa diariamente?',1,_binary '\0',86,2),(90,11,'No','¿El PO ordena la prioridad de los items en el SB?',1,_binary '\0',86,3),(91,12,'Si','¿El incremento tiene calidad para subirse a producción si el negocio así lo pidiera en cualquier momento?',0.6,_binary '\0',NULL,2),(92,12,'No','¿Al finalizar el Sprint el incremento resultante siempre se sube a producción?',0.14,_binary '\0',NULL,2),(93,12,'Si','¿Existe DoD?',0,_binary '',NULL,1),(94,12,'Si','¿El DoD incluye los criterios de aceptación de los PBIs?',0.55,_binary '\0',93,1),(95,12,'Si','¿El DoD incluye los requisitos no funcionales?',0.08,_binary '\0',93,2),(96,12,'Si','¿El DoD es consistente con un incremento del producto potencialmente entregable?',0.68,_binary '\0',93,3),(97,12,'Si','¿El equipo entiende el DoD?',0.45,_binary '\0',93,1),(98,12,'No','¿El DoD es creado sólo por el equipo de desarrollo?',0.02,_binary '\0',93,2),(99,12,'Si','¿Se revisa el DoD para que sea consistente con el propio producto?',0.32,_binary '\0',93,3),(100,12,'Si','¿Tanto PO como equipo están de acuerdo con el DoD?',0.16,_binary '\0',93,2),(101,13,'Si','¿El equipo cumple con el compromiso adquirido?',0.25,_binary '\0',NULL,1),(102,13,'Si','¿Los líderes o managers de la organización conocen y comparten los principios ágiles?',0.75,_binary '\0',NULL,1),(103,13,'Si','¿El SM asesora/guía en Scrum al resto de la organización?',0.81,_binary '\0',NULL,2),(104,13,'No','¿El equipo se resiste a la transformación digital?',0.19,_binary '\0',NULL,2),(105,13,'Si','¿El equipo participa de las decisiones sobre las propuestas de nuevos proyectos o servicios?',0.23,_binary '\0',NULL,3),(106,13,'Si','¿El equipo está involucrado en el proceso de incorporación o salida de los miembros del propio equipo?',0.33,_binary '\0',NULL,3),(107,13,'Si','¿El equipo participa de la transformación de su área?',0.44,_binary '\0',NULL,3),(108,14,'No','¿El equipo es interrumpido frecuentemente durante el Sprint para otras necesidades diferentes al objetivo de propio Sprint?',0.3,_binary '\0',NULL,2),(109,14,'No','¿Se realizan reuniones adicionales que estén fuera del framework de Scrum?',0.3,_binary '\0',NULL,2),(110,14,'Si','¿Se respetan los timeboxes de las reuniones?',0.75,_binary '\0',NULL,1),(111,14,'Si','¿Los miembros del equipo convocados a una reunión están presentes al inicio de la misma?',0.25,_binary '\0',NULL,1),(112,14,'No','¿Se desvían las reuniones de sus objetivos?',0.4,_binary '\0',NULL,2),(113,14,'Si','¿Se respetan las decisiones del equipo que solo afectan al equipo?',1,_binary '\0',NULL,3),(114,15,'Si','¿El equipo practica la mejora continua y evoluciona su forma de trabajo?',0.46,_binary '\0',NULL,1),(115,15,'No','¿Se buscan culpables de las malas decisiones del equipo?',0.28,_binary '\0',NULL,1),(116,15,'Si','¿Existe un ambiente de confianza donde el equipo pueda expresar abiertamente su opinión, cómo se encuentra ...?',1,_binary '\0',NULL,3),(117,15,'Si','¿El equipo dispone de espacio/tiempo para dedicar a la mejora continua?',0.26,_binary '\0',NULL,1),(118,15,'No','¿Existen agentes externos que interfieren en la toma de decisiones del equipo?',1,_binary '\0',NULL,2),(119,16,'No','¿El equipo estima los PBIs en horas?',0.5,_binary '\0',NULL,1),(120,16,'Si','¿El equipo usa patrones para estimar?',0.5,_binary '\0',NULL,1),(121,16,'Si','¿Estos patrones se revisan por el equipo?',0.29,_binary '\0',NULL,2),(122,16,'Si','¿El equipo utiliza estos patrones para estimar las propuestas de nuevos proyectos?',0.12,_binary '\0',NULL,3),(123,16,'Si','¿El equipo conoce su velocidad?',0,_binary '',NULL,2),(124,16,'No','¿Para el cálculo de la velocidad el equipo tiene en cuenta los items no completados?',0.29,_binary '\0',123,2),(125,16,'Si','¿El equipo tiene en cuenta su velocidad para establecer el compromiso en una nueva iteración?',0.75,_binary '\0',123,3),(126,16,'Si','¿El equipo usa el Burndown Chart para visualizar su progreso durante el Sprint?',0,_binary '',NULL,2),(127,16,'Si','¿El Burndown Chart es visible para todos los miembros del equipo?',0.42,_binary '\0',126,2),(128,16,'Si','¿El equipo actualiza su Burndown Chart diariamente?',0.13,_binary '\0',126,3),(129,17,'Si','¿Tiene el equipo la visión global del proyecto?',0.69,_binary '\0',NULL,2),(130,17,'Si','¿Cuenta el equipo con el espacio adecuado para su desempeño?',0.14,_binary '\0',NULL,2),(131,17,'Si','¿Utiliza el equipo un panel físico?',0.47,_binary '\0',NULL,1),(132,17,'Si','¿Utiliza el equipo un panel digital?',0.53,_binary '\0',NULL,1),(133,17,'Si','¿Está todo el equipo deslocalizado?',0,_binary '',NULL,2),(134,17,'Si','¿El equipo utiliza sistemas de videoconferencia para sus reuniones?',0.14,_binary '\0',133,2),(135,17,'Si','¿Cuenta el equipo con un espacio colaborativo para la gestión de la información?',0.03,_binary '\0',133,2),(136,17,'Si','¿Aplican alguna técnica específica para colaborar durante los eventos de manera remota?',1,_binary '\0',133,3),(137,18,'Si','¿El equipo ha definido su misión?',0.44,_binary '\0',NULL,2),(138,18,'Si','¿El equipo ha definido su visión?',0.56,_binary '\0',NULL,2),(139,18,'Si','¿El equipo ha definido sus valores?',0.47,_binary '\0',NULL,3),(140,18,'Si','¿Están alineados éstos con la proyección profesional de sus miembros?',0.53,_binary '\0',NULL,3),(141,18,'Si','¿El equipo conoce lo que la organización espera de él?',1,_binary '\0',NULL,1),(142,19,'No','¿El departamento de DevOps aparece únicamente al final del proyecto?',1,_binary '\0',NULL,1),(143,19,'No','¿La comunicación con DevOps se limita a la entrega de la aplicación / paquete junto con unas notas para que realicen la instalación?',0.5,_binary '\0',NULL,2),(144,19,'Si','La configuración (usuarios, permisos, roles, credenciales) de la herramienta CI es fácilmente restaurable en caso de pérdida?',0.5,_binary '\0',NULL,2),(145,19,'No','¿Los Devs están divididos por roles (frontend, backend, sys, testers…)?',0.1,_binary '\0',NULL,3),(146,19,'Si','¿Todas las personas del equipo de desarrollo han sido capacitadas para conocer la infraestructura sobre la que se ejecuta la aplicación?',0.1,_binary '\0',NULL,3),(147,19,'Si','¿Todas las personas del equipo son capaces de realizar cambios en la infraestructura',0.1,_binary '\0',NULL,3),(148,19,'Si','¿Los cambios en infraestructura son visibles / explicados fácilmente a todo el equipo?',0.1,_binary '\0',NULL,3),(149,19,'Si','¿Dev Team y DevOps colaboran juntos cuando se requiere?',0.1,_binary '\0',NULL,3),(150,19,'Si','¿Trabaja un representante de DevOps en el equipo de desarrollo y viceversa?',0.1,_binary '\0',NULL,3),(151,19,'Si','¿El Dev Team y DevOps son parte de equipos multidisciplinares?',0.4,_binary '\0',NULL,3),(152,20,'Si','¿La planificación se realiza en función de las tareas a desarrollar?',1,_binary '\0',NULL,1),(153,20,'Si','¿Existe alguna política de gestión del control de versiones? GitFlow, estrategia de ramas, estrategias de taggeo de versiones, etc...',0.25,_binary '\0',NULL,2),(154,20,'Si','¿Se dispone de una herramienta de Integración Continua?',0.25,_binary '\0',NULL,2),(155,20,'Si','¿El código de las tareas automatizadas (en Jenkins, el código de los Jobs) está versionado y se coge en tiempo de ejecución de un Control de Versiones (Jenkinsfile en un SCM)?',0.25,_binary '\0',NULL,2),(156,20,'No','¿Se planifican las tareas únicamente teniendo en cuenta los recursos disponibles en la iteración?',0.25,_binary '\0',NULL,2),(157,20,'No','¿La planificación se realiza por versiones con un intervalo temporal de más de 6 meses?',0.3333,_binary '\0',NULL,3),(158,20,'Si','¿Se realizan entregas frecuentes del software en periodos cortos de tiempo (15 días por ejemplo)?',0.3333,_binary '\0',NULL,3),(159,20,'Si','¿Se realiza entrega continua en todos los entornos, incluso en Producción?',0.3333,_binary '\0',NULL,3),(160,21,'Si','¿Existe un control de versiones?',1,_binary '\0',NULL,1),(161,21,'No','¿Se recompilan, empaquetan o descargan las dependencias externas del proyecto a pesar de que no se modificó nada (pom.xml, package.json, etc...) en cada build?',0.25,_binary '\0',NULL,2),(162,21,'Si','¿Es necesario realizar una code Review para subir el código a la rama principal?',0.25,_binary '\0',NULL,2),(163,21,'Si','¿La generación de una nueva release se realiza de forma automatizada?',0.25,_binary '\0',NULL,2),(164,21,'No','¿Se realizan los despliegues mediante la ejecución de scripts independientes de forma manual?',0.25,_binary '\0',NULL,2),(165,21,'Si','¿La compilación del software se hace de forma automática?',0.1,_binary '\0',NULL,3),(166,21,'Si','¿La construcción de la aplicación es de forma automática?',0.1,_binary '\0',NULL,3),(167,21,'Si','¿La generación automatizada de la nueva release se realiza SIEMPRE usando sólo la herramienta CI y sin suministrar cambios adicionales pre o post ejecución de la herramienta CI?',0.1,_binary '\0',NULL,3),(168,21,'Si','¿Existe un sistema de documentación actualizada automáticamente según se sube nuevo código?',0.1,_binary '\0',NULL,3),(169,21,'Si','¿Se realizan las build de forma automáticas en CI?',0.1,_binary '\0',NULL,3),(170,21,'Si','¿Existe independencia entre módulos o partes de la aplicación al generar una release de forma que se pueda obtener una nueva build solo compilando/buildeando la parte que cambió exclusivamente?',0.1,_binary '\0',NULL,3),(171,21,'Si','En el caso de existir independencia entre módulos de la aplicación, ¿se realizan builds parciales?',0.1,_binary '\0',NULL,3),(172,21,'Si','¿Se pueden debuggear TODAS las partes de la aplicación de forma independiente y rápida (e incluso aplicar cambios en caliente), de una manera automatizada (gulp, springboot, servidores de app en modo desarrollo)?',0.1,_binary '\0',NULL,3),(173,21,'No','¿Hay servicios externos no mockeados en el entorno local? ¿Se ataca a servicios online (aunque no sean de producción-pre)?',0.2,_binary '\0',NULL,3),(174,22,'No','¿Se realizan todos los tests de forma manual?',0.5,_binary '\0',NULL,1),(175,22,'Si','¿Se realizan smoke tests automatizados con cada nueva subida de una release o release candidate?',0.5,_binary '\0',NULL,1),(176,22,'Si','¿Se dispone de tests unitarios?',0.2,_binary '\0',NULL,2),(177,22,'Si','¿Se usa una herramienta de tests automáticos de APIs?',0.2,_binary '\0',NULL,2),(178,22,'Si','¿Se usa una herramienta de tests automáticos de Frontend?',0.2,_binary '\0',NULL,2),(179,22,'Si','En el caso de poseer tests unitarios, automatizados, de integración o End To End, ¿se pueden ejecutar en entornos locales?',0.2,_binary '\0',NULL,2),(180,22,'Si','¿Usas infraestructura automatizada para los tests? Es decir, cuando se realiza una subida de nuevo código al repositorio, ¿se auto-ejecutan tests unitarios, de integración o e2e?',0.2,_binary '\0',NULL,2),(181,22,'Si','¿Se lanzan los tests automáticos tras la construcción mediante CI?',0.166667,_binary '\0',NULL,3),(182,22,'Si','¿Existen tests automatizados de seguridad?',0.166667,_binary '\0',NULL,3),(183,22,'Si','¿Existen tests automatizados de rendimiento?',0.166667,_binary '\0',NULL,3),(184,22,'Si','¿Se usan tests automáticos como parte del proceso de despliegue?',0.166667,_binary '\0',NULL,3),(185,22,'Si','¿Se realizan tests funcionales, de carga / seguridad en el proceso de despliegue aunque sea de forma manual?',0.166667,_binary '\0',NULL,3),(186,22,'Si','¿Se realizan los tests funcionales, de carga / seguridad de forma automática?',0.166667,_binary '\0',NULL,3),(187,23,'No','¿Se realizan los despliegues de forma manual?',1,_binary '\0',NULL,1),(188,23,'Si','¿Se ha implementado un pipeline de despliegue automático?',0.333333,_binary '\0',NULL,2),(189,23,'No','¿Existe alguna política / estrategia de releases programadas? (Tal día se despliega en PRE, 2 semanas después a PRO, etc…)',0.333333,_binary '\0',NULL,2),(190,23,'Si','¿Existe alguna forma de informar del comienzo, tiempo estimado y finalización del proceso de release a un entorno de manera automatizada?',0.333333,_binary '\0',NULL,2),(191,23,'Si','¿Se despliega a desarrollo \"con cada cambio\" de código?',0.09,_binary '\0',NULL,3),(192,23,'No','¿Se despliega en los distintos entornos de forma manual?',0.09,_binary '\0',NULL,3),(193,23,'Si','¿Existe un procedimiento automatizado para hacer rollback a la versión anterior de las BBDDs previo a un despliegue en cualquier entorno?',0.09,_binary '\0',NULL,3),(194,23,'Si','¿Se ha implementado un pipeline de despliegue automático con pasos en paralelo?',0.09,_binary '\0',NULL,3),(195,23,'Si','¿Se ha implementado un pipeline de despliegue automático con pruebas funcionales?',0.09,_binary '\0',NULL,3),(196,23,'Si','¿Se dispone de una herramienta para gestión de la configuración (Chef, Puppet, Ansible, etc)?',0.09,_binary '\0',NULL,3),(197,23,'Si','¿Una vez desplegado se lanzan conjuntamente los tests automáticos en todos los entornos?',0.09,_binary '\0',NULL,3),(198,23,'Si','¿Existe alguna tarea - procedimiento en caso de un despliegue que rompa la aplicación totalmente en cualquier entorno?',0.09,_binary '\0',NULL,3),(199,23,'Si','¿Existen personas en el equipo capacitadas para resolver problemas de despliegue?',0.09,_binary '\0',NULL,3),(200,23,'Si','¿El código se despliega de forma automática tras realizar un cambio de código?',0.09,_binary '\0',NULL,3),(201,23,'Si','¿Se lanza el despliegue en todos los entornos de forma automática?',0.1,_binary '\0',NULL,3),(202,24,'Si','¿Se conoce la deuda técnica (falta de tests unitarios, código obsoleto, etc)?',0.5,_binary '\0',NULL,1),(203,24,'No','¿La monitorización de los entornos se realiza de forma manual a petición o requerimiento?',0.5,_binary '\0',NULL,1),(204,24,'Si','¿Los entornos locales tienen forma de evaluar la deuda técnica y/o realizar el análisis de código estático alineado con las herramientas y reglas usadas en entornos de Pre y posteriores?',0.2,_binary '\0',NULL,2),(205,24,'Si','¿Existe un mecanismo automático para alertar de problemas en Producción?',0.2,_binary '\0',NULL,2),(206,24,'Si','¿Existe una herramienta para controlar los cambios en BBDD?',0.2,_binary '\0',NULL,2),(207,24,'Si','¿Existe una herramienta para llevar el control de la deuda técnica?',0.2,_binary '\0',NULL,2),(208,24,'Si','¿Se monitoriza continuamente la infraestructura (sin tener en cuenta las aplicaciones)?',0.2,_binary '\0',NULL,2),(209,24,'Si','¿Tiene todo el equipo (includo cliente) acceso a métricas, estado de los entornos, ejecuciones de trabajos de release, etc… de manera rápida y visual?',0.1,_binary '\0',NULL,3),(210,24,'Si','¿Se reporta al cliente/usuario interesado del servicio el resultado final de cada una de las builds y/o cuándo se comienza y/o termina la generación de una build?',0.1,_binary '\0',NULL,3),(211,24,'Si','¿Existe algún reporte continuo automatizado del resultado de generar una nueva versión?',0.1,_binary '\0',NULL,3),(212,24,'Si','¿Se controla la cobertura de los tests unitarios mediante una herramienta?',0.1,_binary '\0',NULL,3),(213,24,'Si','¿Se monitorizan las aplicaciones (además de los entornos) de forma continua y desatendida?',0.1,_binary '\0',NULL,3),(214,24,'Si','¿Se dispone de alguna herramienta APM (Application Performance Management) para monitorizar el comportamiento de la aplicación?',0.1,_binary '\0',NULL,3),(215,24,'Si','Una vez detectado un bug / problema, ¿se generan y registran automáticamente?',0.1,_binary '\0',NULL,3),(216,24,'Si','¿Son capaces los entornos de hacer roll-back si se detecta algún error en el despliegue de forma automática?',0.1,_binary '\0',NULL,3),(217,24,'Si','¿Se mide el Mean Time to Detect (MTTD) y el Mean Time to Recovery (MTTR)?',0.2,_binary '\0',NULL,3),(218,25,'No','¿Los entornos de desarrollo se aprovisionan de forma manual?',1,_binary '\0',NULL,1),(219,25,'Si','¿Existe alguna forma \"trivial\" de replicar un cambio en la infraestructura de entornos de despliegue dentro de los entornos locales de desarrollo?',0.25,_binary '\0',NULL,2),(220,25,'Si','¿Se dispone de alguna forma para montar un entorno de desarrollo en local de manera rápida y automatizada?',0.25,_binary '\0',NULL,2),(221,25,'Si','En caso de catástrofe y pérdida de la herramienta de CI, ¿se tiene una forma rápida de recuperar el último código, jobs y tareas que se usan en el servicio en dicho CI?',0.25,_binary '\0',NULL,2),(222,25,'Si','¿El equipo es capaz de montar los entornos usando script manuales y artesanales?',0.25,_binary '\0',NULL,2),(223,25,'Si','¿Los entornos de testing / staging / desarrollo / preproducción / producción poseen un alto grado de similitud (todo es igual salvo mocks en entornos de desarrollo)?',0.09,_binary '\0',NULL,3),(224,25,'Si','¿Se usan las mismas tecnologías a nivel de infraestructura que en los entornos locales?',0.09,_binary '\0',NULL,3),(225,25,'Si','¿Puede un desarrollador clonarse una copia exacta de cualquier entorno (salvo producción y datos sensibles), incluido datos, código e infraestructura de manera automatizada y centralizada?',0.09,_binary '\0',NULL,3),(226,25,'Si','¿El equipo es capaz de montar los entornos usando herramientas ya existentes?',0.09,_binary '\0',NULL,3),(227,25,'No','¿Existe alguna parte del sistema que, en caso de fallar, haga que toda la aplicación deje de funcionar? (SPOF: Single point of failure)',0.09,_binary '\0',NULL,3),(228,25,'Si','¿Está preparado el sistema para adaptarse automáticamente a una mayor demanda de peticiones?',0.09,_binary '\0',NULL,3),(229,25,'Si','¿Existe algun sistema automatizado para balancear la carga y escalar la aplicación en función de las necesidades de uso?',0.09,_binary '\0',NULL,3),(230,25,'Si','¿La configuración (software como infraestructura) está versionada y taggeada de manera que se pueda hacer rollback a una versión anterior de los entornos (no el código ni bases de datos)?',0.09,_binary '\0',NULL,3),(231,25,'Si','¿El entorno local de desarrollo es una replica exacta, con servicios externos mockeados, del primer entorno online de prueba?',0.09,_binary '\0',NULL,3),(232,25,'Si','¿Se generan los entornos de forma automática realizando un click en un portal?',0.09,_binary '\0',NULL,3),(233,25,'Si','¿Se autoescalan los entornos cuando es necesario?',0.1,_binary '\0',NULL,3);
/*!40000 ALTER TABLE `preguntas` ENABLE KEYS */;
UNLOCK TABLES;

--
-- Table structure for table `proyectos`
--

DROP TABLE IF EXISTS `proyectos`;
/*!40101 SET @saved_cs_client     = @@character_set_client */;
/*!40101 SET character_set_client = utf8 */;
CREATE TABLE `proyectos` (
  `Id` int(11) NOT NULL AUTO_INCREMENT,
  `Fecha` datetime NOT NULL,
  `Nombre` varchar(50) NOT NULL,
  `UserNombre` varchar(127) DEFAULT NULL,
  `TestProject` bit(1) NOT NULL DEFAULT b'0',
  `ProjectSize` int(11) NOT NULL DEFAULT '0',
  `LineaId` int(11) NOT NULL DEFAULT '0',
  `OficinaId` int(11) NOT NULL DEFAULT '0',
  `UnidadId` int(11) NOT NULL DEFAULT '0',
  `Oficina` varchar(50) NOT NULL DEFAULT '',
  `Proyecto` varchar(50) NOT NULL DEFAULT '',
  `Unidad` varchar(50) NOT NULL DEFAULT '',
  `Codigo` varchar(100) DEFAULT NULL,
  PRIMARY KEY (`Id`),
  KEY `IX_Proyectos_UserNombre` (`UserNombre`),
  KEY `FK_Proyectos_Linea_LineaId` (`LineaId`),
  KEY `FK_Proyectos_Oficina_OficinaId` (`OficinaId`),
  KEY `FK_Proyectos_Unidad_UnidadId` (`UnidadId`),
  CONSTRAINT `FK_Proyectos_Linea_LineaId` FOREIGN KEY (`LineaId`) REFERENCES `linea` (`LineaId`),
  CONSTRAINT `FK_Proyectos_Oficina_OficinaId` FOREIGN KEY (`OficinaId`) REFERENCES `oficina` (`OficinaId`),
  CONSTRAINT `FK_Proyectos_Unidad_UnidadId` FOREIGN KEY (`UnidadId`) REFERENCES `unidad` (`UnidadId`),
  CONSTRAINT `FK_Proyectos_Users_UserNombre` FOREIGN KEY (`UserNombre`) REFERENCES `users` (`Nombre`) ON DELETE NO ACTION
) ENGINE=InnoDB AUTO_INCREMENT=50 DEFAULT CHARSET=latin1;
/*!40101 SET character_set_client = @saved_cs_client */;

--
-- Dumping data for table `proyectos`
--

LOCK TABLES `proyectos` WRITE;
/*!40000 ALTER TABLE `proyectos` DISABLE KEYS */;
INSERT INTO `proyectos` VALUES (1,'2019-05-28 09:24:17','Marvel','marcossa',_binary '\0',0,1,1,1,'Sevilla','L.BCA','Centers',NULL),(2,'2019-05-28 09:24:32','BlackOps','marcossa',_binary '\0',0,1,1,1,'Sevilla ','L.Tesco','Centers',NULL),(5,'2018-12-18 09:16:38','Equipo de pruebas de jherrric','jherrric',_binary '',0,0,0,0,' ','','',NULL),(6,'2019-01-08 14:25:35','Equipo de pruebas de mcampong','mcampong',_binary '',0,0,0,0,' ','','',NULL),(7,'2019-01-28 14:21:49','Equipo de pruebas de cgonzaro','cgonzaro',_binary '',0,0,0,0,' ','','',NULL),(8,'2019-01-28 14:43:13','Equipo de pruebas de fvellari','fvellari',_binary '',0,0,0,0,' ','','',NULL),(9,'2019-01-28 15:16:36','Equipo de pruebas de marcossa','marcossa',_binary '',0,0,0,0,' ','','',NULL),(10,'2019-01-31 09:16:34','Proyecto test acornago','acornago',_binary '',0,0,0,0,' ','','',NULL),(11,'2019-02-14 11:20:22','Equipo de pruebas de jgadeado','jgadeado',_binary '',0,0,0,0,' ','','',NULL),(12,'2019-02-21 18:15:38','Equipo de pruebas de jgalvezj','jgalvezj',_binary '',0,0,0,0,' ','','',NULL),(13,'2019-02-21 18:15:38','DES BigData UK','Admin',_binary '\0',7,2,2,2,'Murcia','L.BigData','Centers',NULL),(14,'2019-02-21 18:15:38','DES BigData Zurich','Admin',_binary '\0',15,2,2,2,'Murcia','L.BigData','Centers',NULL),(15,'2019-05-28 09:25:15','DES CHAFEA','marcossa',_binary '\0',11,1,1,1,'Sevilla','L.Chafea','Centers',NULL),(16,'2019-02-21 18:15:38','AM CTS','Admin',_binary '\0',6,4,3,3,'Alicante','L.Herramientas','Centers',NULL),(17,'2019-02-21 18:15:38','DISDOCT','Admin',_binary '\0',0,1,1,1,'Salamanca','C. AM Java Corporación','Centers',NULL),(18,'2019-02-21 18:15:38','GESTOROT','Admin',_binary '\0',6,5,4,4,'Salamanca','C. AM Java','Centers',NULL),(19,'2019-02-21 18:15:38','PGECADIS','Admin',_binary '\0',0,6,4,4,'Salamanca','C. AM Java Corporación','Centers',NULL),(20,'2019-02-21 18:15:38','DES BMW SA3','Admin',_binary '\0',0,7,5,5,'Lisboa','DES BMW SA3','Centers',NULL),(21,'2019-02-21 18:15:38','DES BID','Admin',_binary '\0',0,8,6,6,'Sevilla','DES BID','Centers',NULL),(22,'2019-03-15 11:05:32','Equipo de pruebas de jbeltrma','jbeltrma',_binary '',0,0,0,0,'','','',NULL),(23,'2019-03-28 09:52:42','Equipo de pruebas de agiampas','agiampas',_binary '',0,0,0,0,'','','',NULL),(26,'2019-05-22 12:36:35','Equipo de pruebas de fmorenov','fmorenov',_binary '',1,1,1,1,'','','',NULL),(32,'2019-05-24 06:54:19','HPC','marcossa',_binary '\0',4,1,1,1,'Sevilla','BeAgile','Centers',NULL),(34,'2019-05-24 07:10:45','Madrid','marcossa',_binary '\0',8,1,1,1,'Madrid','BeAgile','Solutions',NULL),(35,'2019-05-24 07:13:43','Barcelona','marcossa',_binary '\0',8,1,1,1,'Barcelona','BeAgile','Solutions',NULL),(41,'2019-05-28 12:33:56','Equipo de pruebas de eroura','eroura',_binary '',1,1,1,1,'Oficina de prueba','Proyecto de prueba','Unidad de prueba',NULL),(42,'2019-05-29 09:47:51','Equipo de pruebas de TestAGD','TestAGD',_binary '',1,1,1,1,'Oficina de prueba','Proyecto de prueba','Unidad de prueba',NULL),(43,'2019-05-29 09:49:33','Equipo de pruebas de AGD2','AGD2',_binary '',1,1,1,1,'Oficina de prueba','Proyecto de prueba','Unidad de prueba',NULL),(44,'2019-05-30 11:08:58','Equipo de pruebas de AGD','AGD',_binary '',1,1,1,1,'Oficina de prueba','Proyecto de prueba','Unidad de prueba',NULL),(45,'2019-06-06 06:15:20','Equipo de pruebas de test_user','test_user',_binary '',1,1,1,1,'Oficina de prueba','Proyecto de prueba','Unidad de prueba',NULL),(46,'2019-06-12 08:16:27','Equipo de pruebas de salva','salva',_binary '',1,1,1,1,'Oficina de prueba','Proyecto de prueba','Unidad de prueba',NULL),(48,'2019-06-17 12:41:25','Equipo de pruebas de vpaduaca','vpaduaca',_binary '',1,1,1,1,'Oficina de prueba','Proyecto de prueba','Unidad de prueba',NULL),(49,'2019-06-17 12:53:59','CO2','marcossa',_binary '\0',5,1,1,1,'Murcia','L. Daimler','Centers',NULL);
/*!40000 ALTER TABLE `proyectos` ENABLE KEYS */;
UNLOCK TABLES;

--
-- Table structure for table `respuestas`
--

DROP TABLE IF EXISTS `respuestas`;
/*!40101 SET @saved_cs_client     = @@character_set_client */;
/*!40101 SET character_set_client = utf8 */;
CREATE TABLE `respuestas` (
  `Id` int(11) NOT NULL AUTO_INCREMENT,
  `Estado` int(11) DEFAULT '0',
  `EvaluacionId` int(11) NOT NULL,
  `Notas` varchar(4000) DEFAULT NULL,
  `NotasAdmin` varchar(4000) DEFAULT NULL,
  `PreguntaId` int(11) NOT NULL,
  PRIMARY KEY (`Id`),
  KEY `IX_Respuestas_EvaluacionId` (`EvaluacionId`),
  KEY `IX_Respuestas_PreguntaId` (`PreguntaId`),
  CONSTRAINT `FK_Respuestas_Evaluaciones_EvaluacionId` FOREIGN KEY (`EvaluacionId`) REFERENCES `evaluaciones` (`Id`) ON DELETE CASCADE,
  CONSTRAINT `FK_Respuestas_Preguntas_PreguntaId` FOREIGN KEY (`PreguntaId`) REFERENCES `preguntas` (`Id`) ON DELETE CASCADE
) ENGINE=InnoDB AUTO_INCREMENT=11171 DEFAULT CHARSET=latin1;
/*!40101 SET character_set_client = @saved_cs_client */;

--
-- Dumping data for table `respuestas`
--

LOCK TABLES `respuestas` WRITE;
/*!40000 ALTER TABLE `respuestas` DISABLE KEYS */;
INSERT INTO `respuestas` VALUES (1,1,1,NULL,NULL,1),(2,1,1,NULL,NULL,2),(3,0,1,NULL,NULL,3),(4,0,1,NULL,NULL,4),(5,0,1,NULL,NULL,5),(6,0,1,NULL,NULL,6),(7,0,1,NULL,NULL,7),(8,0,1,NULL,NULL,8),(9,0,1,NULL,NULL,9),(10,1,1,NULL,NULL,10),(11,1,1,NULL,NULL,11),(12,1,1,NULL,NULL,12),(13,2,1,NULL,NULL,13),(14,1,1,NULL,NULL,14),(15,1,1,NULL,NULL,15),(16,1,1,NULL,NULL,16),(17,1,1,NULL,NULL,17),(18,2,1,NULL,NULL,18),(19,0,1,NULL,NULL,19),(20,0,1,NULL,NULL,20),(21,0,1,NULL,NULL,21),(22,0,1,NULL,NULL,22),(23,0,1,NULL,NULL,23),(24,0,1,NULL,NULL,24),(25,0,1,NULL,NULL,25),(26,0,1,NULL,NULL,26),(27,0,1,NULL,NULL,27),(28,0,1,NULL,NULL,28),(29,0,1,NULL,NULL,29),(30,0,1,NULL,NULL,30),(31,0,1,NULL,NULL,31),(32,0,1,NULL,NULL,32),(33,0,1,NULL,NULL,33),(34,0,1,NULL,NULL,34),(35,0,1,NULL,NULL,35),(36,0,1,NULL,NULL,36),(37,0,1,NULL,NULL,37),(38,0,1,NULL,NULL,38),(39,0,1,NULL,NULL,39),(40,0,1,NULL,NULL,40),(41,0,1,NULL,NULL,41),(42,0,1,NULL,NULL,42),(43,0,1,NULL,NULL,43),(44,0,1,NULL,NULL,44),(45,0,1,NULL,NULL,45),(46,0,1,NULL,NULL,46),(47,0,1,NULL,NULL,47),(48,0,1,NULL,NULL,48),(49,0,1,NULL,NULL,49),(50,0,1,NULL,NULL,50),(51,0,1,NULL,NULL,51),(52,0,1,NULL,NULL,52),(53,0,1,NULL,NULL,53),(54,0,1,NULL,NULL,54),(55,0,1,NULL,NULL,55),(56,0,1,NULL,NULL,56),(57,0,1,NULL,NULL,57),(58,0,1,NULL,NULL,58),(59,0,1,NULL,NULL,59),(60,0,1,NULL,NULL,60),(61,0,1,NULL,NULL,61),(62,0,1,NULL,NULL,62),(63,0,1,NULL,NULL,63),(64,0,1,NULL,NULL,64),(65,0,1,NULL,NULL,65),(66,0,1,NULL,NULL,66),(67,0,1,NULL,NULL,67),(68,0,1,NULL,NULL,68),(69,0,1,NULL,NULL,69),(70,0,1,NULL,NULL,70),(71,0,1,NULL,NULL,71),(72,0,1,NULL,NULL,72),(73,0,1,NULL,NULL,73),(74,0,1,NULL,NULL,74),(75,0,1,NULL,NULL,75),(76,0,1,NULL,NULL,76),(77,0,1,NULL,NULL,77),(78,0,1,NULL,NULL,78),(79,0,1,NULL,NULL,79),(80,0,1,NULL,NULL,80),(81,0,1,NULL,NULL,81),(82,0,1,NULL,NULL,82),(83,0,1,NULL,NULL,83),(84,0,1,NULL,NULL,84),(85,0,1,NULL,NULL,85),(86,0,1,NULL,NULL,86),(87,0,1,NULL,NULL,87),(88,0,1,NULL,NULL,88),(89,0,1,NULL,NULL,89),(90,0,1,NULL,NULL,90),(91,0,1,NULL,NULL,91),(92,0,1,NULL,NULL,92),(93,0,1,NULL,NULL,93),(94,0,1,NULL,NULL,94),(95,0,1,NULL,NULL,95),(96,0,1,NULL,NULL,96),(97,0,1,NULL,NULL,97),(98,0,1,NULL,NULL,98),(99,0,1,NULL,NULL,99),(100,0,1,NULL,NULL,100),(101,0,1,NULL,NULL,101),(102,0,1,NULL,NULL,102),(103,0,1,NULL,NULL,103),(104,0,1,NULL,NULL,104),(105,0,1,NULL,NULL,105),(106,0,1,NULL,NULL,106),(107,0,1,NULL,NULL,107),(108,0,1,NULL,NULL,108),(109,0,1,NULL,NULL,109),(110,0,1,NULL,NULL,110),(111,0,1,NULL,NULL,111),(112,0,1,NULL,NULL,112),(113,0,1,NULL,NULL,113),(114,0,1,NULL,NULL,114),(115,0,1,NULL,NULL,115),(116,0,1,NULL,NULL,116),(117,0,1,NULL,NULL,117),(118,0,1,NULL,NULL,118),(119,0,1,NULL,NULL,119),(120,0,1,NULL,NULL,120),(121,0,1,NULL,NULL,121),(122,0,1,NULL,NULL,122),(123,0,1,NULL,NULL,123),(124,0,1,NULL,NULL,124),(125,0,1,NULL,NULL,125),(126,0,1,NULL,NULL,126),(127,0,1,NULL,NULL,127),(128,0,1,NULL,NULL,128),(129,0,1,NULL,NULL,129),(130,0,1,NULL,NULL,130),(131,0,1,NULL,NULL,131),(132,0,1,NULL,NULL,132),(133,0,1,NULL,NULL,133),(134,0,1,NULL,NULL,134),(135,0,1,NULL,NULL,135),(136,0,1,NULL,NULL,136),(137,0,1,NULL,NULL,137),(138,0,1,NULL,NULL,138),(139,0,1,NULL,NULL,139),(140,0,1,NULL,NULL,140),(141,0,1,NULL,NULL,141),(142,0,2,NULL,NULL,1),(143,0,2,NULL,NULL,2),(144,0,2,NULL,NULL,3),(145,0,2,NULL,NULL,4),(146,0,2,NULL,NULL,5),(147,0,2,NULL,NULL,6),(148,0,2,NULL,NULL,7),(149,0,2,NULL,NULL,8),(150,0,2,NULL,NULL,9),(151,0,2,NULL,NULL,10),(152,0,2,NULL,NULL,11),(153,0,2,NULL,NULL,12),(154,0,2,NULL,NULL,13),(155,0,2,NULL,NULL,14),(156,0,2,NULL,NULL,15),(157,0,2,NULL,NULL,16),(158,0,2,NULL,NULL,17),(159,0,2,NULL,NULL,18),(160,0,2,NULL,NULL,19),(161,0,2,NULL,NULL,20),(162,0,2,NULL,NULL,21),(163,0,2,NULL,NULL,22),(164,0,2,NULL,NULL,23),(165,0,2,NULL,NULL,24),(166,0,2,NULL,NULL,25),(167,0,2,NULL,NULL,26),(168,0,2,NULL,NULL,27),(169,0,2,NULL,NULL,28),(170,0,2,NULL,NULL,29),(171,0,2,NULL,NULL,30),(172,0,2,NULL,NULL,31),(173,0,2,NULL,NULL,32),(174,0,2,NULL,NULL,33),(175,0,2,NULL,NULL,34),(176,0,2,NULL,NULL,35),(177,0,2,NULL,NULL,36),(178,0,2,NULL,NULL,37),(179,0,2,NULL,NULL,38),(180,0,2,NULL,NULL,39),(181,0,2,NULL,NULL,40),(182,0,2,NULL,NULL,41),(183,0,2,NULL,NULL,42),(184,0,2,NULL,NULL,43),(185,0,2,NULL,NULL,44),(186,0,2,NULL,NULL,45),(187,0,2,NULL,NULL,46),(188,0,2,NULL,NULL,47),(189,0,2,NULL,NULL,48),(190,0,2,NULL,NULL,49),(191,0,2,NULL,NULL,50),(192,0,2,NULL,NULL,51),(193,0,2,NULL,NULL,52),(194,0,2,NULL,NULL,53),(195,0,2,NULL,NULL,54),(196,0,2,NULL,NULL,55),(197,0,2,NULL,NULL,56),(198,0,2,NULL,NULL,57),(199,0,2,NULL,NULL,58),(200,0,2,NULL,NULL,59),(201,0,2,NULL,NULL,60),(202,0,2,NULL,NULL,61),(203,0,2,NULL,NULL,62),(204,0,2,NULL,NULL,63),(205,0,2,NULL,NULL,64),(206,0,2,NULL,NULL,65),(207,0,2,NULL,NULL,66),(208,0,2,NULL,NULL,67),(209,0,2,NULL,NULL,68),(210,0,2,NULL,NULL,69),(211,0,2,NULL,NULL,70),(212,0,2,NULL,NULL,71),(213,0,2,NULL,NULL,72),(214,0,2,NULL,NULL,73),(215,0,2,NULL,NULL,74),(216,0,2,NULL,NULL,75),(217,0,2,NULL,NULL,76),(218,0,2,NULL,NULL,77),(219,0,2,NULL,NULL,78),(220,0,2,NULL,NULL,79),(221,0,2,NULL,NULL,80),(222,0,2,NULL,NULL,81),(223,0,2,NULL,NULL,82),(224,0,2,NULL,NULL,83),(225,0,2,NULL,NULL,84),(226,0,2,NULL,NULL,85),(227,0,2,NULL,NULL,86),(228,0,2,NULL,NULL,87),(229,0,2,NULL,NULL,88),(230,0,2,NULL,NULL,89),(231,0,2,NULL,NULL,90),(232,0,2,NULL,NULL,91),(233,0,2,NULL,NULL,92),(234,0,2,NULL,NULL,93),(235,0,2,NULL,NULL,94),(236,0,2,NULL,NULL,95),(237,0,2,NULL,NULL,96),(238,0,2,NULL,NULL,97),(239,0,2,NULL,NULL,98),(240,0,2,NULL,NULL,99),(241,0,2,NULL,NULL,100),(242,0,2,NULL,NULL,101),(243,0,2,NULL,NULL,102),(244,0,2,NULL,NULL,103),(245,0,2,NULL,NULL,104),(246,0,2,NULL,NULL,105),(247,0,2,NULL,NULL,106),(248,0,2,NULL,NULL,107),(249,0,2,NULL,NULL,108),(250,0,2,NULL,NULL,109),(251,0,2,NULL,NULL,110),(252,0,2,NULL,NULL,111),(253,0,2,NULL,NULL,112),(254,0,2,NULL,NULL,113),(255,0,2,NULL,NULL,114),(256,0,2,NULL,NULL,115),(257,0,2,NULL,NULL,116),(258,0,2,NULL,NULL,117),(259,0,2,NULL,NULL,118),(260,0,2,NULL,NULL,119),(261,0,2,NULL,NULL,120),(262,0,2,NULL,NULL,121),(263,0,2,NULL,NULL,122),(264,0,2,NULL,NULL,123),(265,0,2,NULL,NULL,124),(266,0,2,NULL,NULL,125),(267,0,2,NULL,NULL,126),(268,0,2,NULL,NULL,127),(269,0,2,NULL,NULL,128),(270,0,2,NULL,NULL,129),(271,0,2,NULL,NULL,130),(272,0,2,NULL,NULL,131),(273,0,2,NULL,NULL,132),(274,0,2,NULL,NULL,133),(275,0,2,NULL,NULL,134),(276,0,2,NULL,NULL,135),(277,0,2,NULL,NULL,136),(278,0,2,NULL,NULL,137),(279,0,2,NULL,NULL,138),(280,0,2,NULL,NULL,139),(281,0,2,NULL,NULL,140),(282,0,2,NULL,NULL,141),(283,1,3,NULL,NULL,1),(284,1,3,NULL,NULL,2),(285,1,3,NULL,NULL,3),(286,1,3,NULL,NULL,4),(287,1,3,NULL,NULL,5),(288,1,3,NULL,NULL,6),(289,1,3,NULL,NULL,7),(290,1,3,NULL,NULL,8),(291,1,3,NULL,NULL,9),(292,1,3,NULL,NULL,10),(293,1,3,NULL,NULL,11),(294,1,3,NULL,NULL,12),(295,1,3,NULL,NULL,13),(296,1,3,NULL,NULL,14),(297,1,3,NULL,NULL,15),(298,1,3,NULL,NULL,16),(299,1,3,NULL,NULL,17),(300,1,3,NULL,NULL,18),(301,1,3,NULL,NULL,19),(302,1,3,NULL,NULL,20),(303,1,3,NULL,NULL,21),(304,1,3,NULL,NULL,22),(305,1,3,NULL,NULL,23),(306,1,3,NULL,NULL,24),(307,1,3,NULL,NULL,25),(308,1,3,NULL,NULL,26),(309,2,3,NULL,NULL,27),(310,0,3,NULL,NULL,28),(311,0,3,NULL,NULL,29),(312,0,3,NULL,NULL,30),(313,0,3,NULL,NULL,31),(314,0,3,NULL,NULL,32),(315,0,3,NULL,NULL,33),(316,0,3,NULL,NULL,34),(317,2,3,NULL,NULL,35),(318,0,3,NULL,NULL,36),(319,0,3,NULL,NULL,37),(320,0,3,NULL,NULL,38),(321,0,3,NULL,NULL,39),(322,0,3,NULL,NULL,40),(323,0,3,NULL,NULL,41),(324,0,3,NULL,NULL,42),(325,0,3,NULL,NULL,43),(326,2,3,NULL,NULL,44),(327,0,3,NULL,NULL,45),(328,0,3,NULL,NULL,46),(329,0,3,NULL,NULL,47),(330,0,3,NULL,NULL,48),(331,0,3,NULL,NULL,49),(332,0,3,NULL,NULL,50),(333,0,3,NULL,NULL,51),(334,0,3,NULL,NULL,52),(335,0,3,NULL,NULL,53),(336,2,3,NULL,NULL,54),(337,0,3,NULL,NULL,55),(338,0,3,NULL,NULL,56),(339,0,3,NULL,NULL,57),(340,0,3,NULL,NULL,58),(341,0,3,NULL,NULL,59),(342,0,3,NULL,NULL,60),(343,0,3,NULL,NULL,61),(344,0,3,NULL,NULL,62),(345,0,3,NULL,NULL,63),(346,0,3,NULL,NULL,64),(347,2,3,NULL,NULL,65),(348,0,3,NULL,NULL,66),(349,0,3,NULL,NULL,67),(350,0,3,NULL,NULL,68),(351,0,3,NULL,NULL,69),(352,0,3,NULL,NULL,70),(353,2,3,NULL,NULL,71),(354,0,3,NULL,NULL,72),(355,0,3,NULL,NULL,73),(356,0,3,NULL,NULL,74),(357,2,3,NULL,NULL,75),(358,0,3,NULL,NULL,76),(359,0,3,NULL,NULL,77),(360,0,3,NULL,NULL,78),(361,0,3,NULL,NULL,79),(362,0,3,NULL,NULL,80),(363,0,3,NULL,NULL,81),(364,0,3,NULL,NULL,82),(365,0,3,NULL,NULL,83),(366,0,3,NULL,NULL,84),(367,0,3,NULL,NULL,85),(368,2,3,NULL,NULL,86),(369,0,3,NULL,NULL,87),(370,0,3,NULL,NULL,88),(371,0,3,NULL,NULL,89),(372,0,3,NULL,NULL,90),(373,2,3,NULL,NULL,91),(374,2,3,NULL,NULL,92),(375,2,3,NULL,NULL,93),(376,0,3,NULL,NULL,94),(377,0,3,NULL,NULL,95),(378,0,3,NULL,NULL,96),(379,0,3,NULL,NULL,97),(380,0,3,NULL,NULL,98),(381,0,3,NULL,NULL,99),(382,0,3,NULL,NULL,100),(383,1,3,NULL,NULL,101),(384,1,3,NULL,NULL,102),(385,1,3,NULL,NULL,103),(386,1,3,NULL,NULL,104),(387,1,3,NULL,NULL,105),(388,1,3,NULL,NULL,106),(389,1,3,NULL,NULL,107),(390,1,3,NULL,NULL,108),(391,1,3,NULL,NULL,109),(392,1,3,NULL,NULL,110),(393,1,3,NULL,NULL,111),(394,1,3,NULL,NULL,112),(395,1,3,NULL,NULL,113),(396,1,3,NULL,NULL,114),(397,1,3,NULL,NULL,115),(398,1,3,NULL,NULL,116),(399,1,3,NULL,NULL,117),(400,1,3,NULL,NULL,118),(401,1,3,NULL,NULL,119),(402,1,3,NULL,NULL,120),(403,1,3,NULL,NULL,121),(404,1,3,NULL,NULL,122),(405,2,3,NULL,NULL,123),(406,0,3,NULL,NULL,124),(407,0,3,NULL,NULL,125),(408,2,3,NULL,NULL,126),(409,0,3,NULL,NULL,127),(410,0,3,NULL,NULL,128),(411,1,3,NULL,NULL,129),(412,1,3,NULL,NULL,130),(413,1,3,NULL,NULL,131),(414,1,3,NULL,NULL,132),(415,2,3,NULL,NULL,133),(416,0,3,NULL,NULL,134),(417,0,3,NULL,NULL,135),(418,0,3,NULL,NULL,136),(419,1,3,NULL,NULL,137),(420,1,3,NULL,NULL,138),(421,1,3,NULL,NULL,139),(422,1,3,NULL,NULL,140),(423,1,3,NULL,NULL,141),(424,2,4,NULL,NULL,1),(425,0,4,NULL,NULL,2),(426,0,4,NULL,NULL,3),(427,0,4,NULL,NULL,4),(428,0,4,NULL,NULL,5),(429,0,4,NULL,NULL,6),(430,0,4,NULL,NULL,7),(431,0,4,NULL,NULL,8),(432,0,4,NULL,NULL,9),(433,2,4,NULL,NULL,10),(434,0,4,NULL,NULL,11),(435,0,4,NULL,NULL,12),(436,0,4,NULL,NULL,13),(437,0,4,NULL,NULL,14),(438,0,4,NULL,NULL,15),(439,0,4,NULL,NULL,16),(440,0,4,NULL,NULL,17),(441,0,4,NULL,NULL,18),(442,2,4,NULL,NULL,19),(443,2,4,NULL,NULL,20),(444,2,4,NULL,NULL,21),(445,2,4,NULL,NULL,22),(446,2,4,NULL,NULL,23),(447,2,4,NULL,NULL,24),(448,2,4,NULL,NULL,25),(449,2,4,NULL,NULL,26),(450,2,4,NULL,NULL,27),(451,0,4,NULL,NULL,28),(452,0,4,NULL,NULL,29),(453,0,4,NULL,NULL,30),(454,0,4,NULL,NULL,31),(455,0,4,NULL,NULL,32),(456,0,4,NULL,NULL,33),(457,0,4,NULL,NULL,34),(458,2,4,NULL,NULL,35),(459,0,4,NULL,NULL,36),(460,0,4,NULL,NULL,37),(461,0,4,NULL,NULL,38),(462,0,4,NULL,NULL,39),(463,0,4,NULL,NULL,40),(464,0,4,NULL,NULL,41),(465,0,4,NULL,NULL,42),(466,0,4,NULL,NULL,43),(467,2,4,NULL,NULL,44),(468,0,4,NULL,NULL,45),(469,0,4,NULL,NULL,46),(470,0,4,NULL,NULL,47),(471,0,4,NULL,NULL,48),(472,0,4,NULL,NULL,49),(473,0,4,NULL,NULL,50),(474,0,4,NULL,NULL,51),(475,0,4,NULL,NULL,52),(476,0,4,NULL,NULL,53),(477,2,4,NULL,NULL,54),(478,0,4,NULL,NULL,55),(479,0,4,NULL,NULL,56),(480,0,4,NULL,NULL,57),(481,0,4,NULL,NULL,58),(482,0,4,NULL,NULL,59),(483,0,4,NULL,NULL,60),(484,0,4,NULL,NULL,61),(485,0,4,NULL,NULL,62),(486,0,4,NULL,NULL,63),(487,0,4,NULL,NULL,64),(488,2,4,NULL,NULL,65),(489,0,4,NULL,NULL,66),(490,0,4,NULL,NULL,67),(491,0,4,NULL,NULL,68),(492,0,4,NULL,NULL,69),(493,0,4,NULL,NULL,70),(494,2,4,NULL,NULL,71),(495,0,4,NULL,NULL,72),(496,0,4,NULL,NULL,73),(497,0,4,NULL,NULL,74),(498,2,4,NULL,NULL,75),(499,0,4,NULL,NULL,76),(500,0,4,NULL,NULL,77),(501,0,4,NULL,NULL,78),(502,0,4,NULL,NULL,79),(503,0,4,NULL,NULL,80),(504,0,4,NULL,NULL,81),(505,0,4,NULL,NULL,82),(506,0,4,NULL,NULL,83),(507,0,4,NULL,NULL,84),(508,0,4,NULL,NULL,85),(509,2,4,NULL,NULL,86),(510,0,4,NULL,NULL,87),(511,0,4,NULL,NULL,88),(512,0,4,NULL,NULL,89),(513,0,4,NULL,NULL,90),(514,2,4,NULL,NULL,91),(515,2,4,NULL,NULL,92),(516,2,4,NULL,NULL,93),(517,0,4,NULL,NULL,94),(518,0,4,NULL,NULL,95),(519,0,4,NULL,NULL,96),(520,0,4,NULL,NULL,97),(521,0,4,NULL,NULL,98),(522,0,4,NULL,NULL,99),(523,0,4,NULL,NULL,100),(524,2,4,NULL,NULL,101),(525,2,4,NULL,NULL,102),(526,2,4,NULL,NULL,103),(527,2,4,NULL,NULL,104),(528,2,4,NULL,NULL,105),(529,2,4,NULL,NULL,106),(530,2,4,NULL,NULL,107),(531,2,4,NULL,NULL,108),(532,2,4,NULL,NULL,109),(533,2,4,NULL,NULL,110),(534,2,4,NULL,NULL,111),(535,2,4,NULL,NULL,112),(536,2,4,NULL,NULL,113),(537,2,4,NULL,NULL,114),(538,2,4,NULL,NULL,115),(539,2,4,NULL,NULL,116),(540,2,4,NULL,NULL,117),(541,2,4,NULL,NULL,118),(542,2,4,NULL,NULL,119),(543,2,4,NULL,NULL,120),(544,2,4,NULL,NULL,121),(545,2,4,NULL,NULL,122),(546,2,4,NULL,NULL,123),(547,0,4,NULL,NULL,124),(548,0,4,NULL,NULL,125),(549,2,4,NULL,NULL,126),(550,0,4,NULL,NULL,127),(551,0,4,NULL,NULL,128),(552,2,4,NULL,NULL,129),(553,2,4,NULL,NULL,130),(554,2,4,NULL,NULL,131),(555,2,4,NULL,NULL,132),(556,2,4,NULL,NULL,133),(557,0,4,NULL,NULL,134),(558,0,4,NULL,NULL,135),(559,0,4,NULL,NULL,136),(560,2,4,NULL,NULL,137),(561,2,4,NULL,NULL,138),(562,2,4,NULL,NULL,139),(563,2,4,NULL,NULL,140),(564,2,4,NULL,NULL,141),(565,1,5,NULL,NULL,1),(566,1,5,NULL,NULL,2),(567,1,5,NULL,NULL,3),(568,1,5,NULL,NULL,4),(569,1,5,NULL,NULL,5),(570,1,5,NULL,NULL,6),(571,1,5,NULL,NULL,7),(572,1,5,NULL,NULL,8),(573,1,5,NULL,NULL,9),(574,1,5,NULL,NULL,10),(575,1,5,NULL,NULL,11),(576,1,5,NULL,NULL,12),(577,1,5,NULL,NULL,13),(578,1,5,NULL,NULL,14),(579,1,5,NULL,NULL,15),(580,1,5,NULL,NULL,16),(581,1,5,NULL,NULL,17),(582,1,5,NULL,NULL,18),(583,1,5,NULL,NULL,19),(584,1,5,NULL,NULL,20),(585,1,5,NULL,NULL,21),(586,1,5,NULL,NULL,22),(587,1,5,NULL,NULL,23),(588,1,5,NULL,NULL,24),(589,1,5,NULL,NULL,25),(590,1,5,NULL,NULL,26),(591,1,5,NULL,NULL,27),(592,1,5,NULL,NULL,28),(593,1,5,NULL,NULL,29),(594,1,5,NULL,NULL,30),(595,1,5,NULL,NULL,31),(596,1,5,NULL,NULL,32),(597,1,5,NULL,NULL,33),(598,1,5,NULL,NULL,34),(599,1,5,NULL,NULL,35),(600,1,5,NULL,NULL,36),(601,1,5,NULL,NULL,37),(602,1,5,NULL,NULL,38),(603,1,5,NULL,NULL,39),(604,1,5,NULL,NULL,40),(605,1,5,NULL,NULL,41),(606,1,5,NULL,NULL,42),(607,1,5,NULL,NULL,43),(608,1,5,NULL,NULL,44),(609,1,5,NULL,NULL,45),(610,1,5,NULL,NULL,46),(611,1,5,NULL,NULL,47),(612,1,5,NULL,NULL,48),(613,1,5,NULL,NULL,49),(614,1,5,NULL,NULL,50),(615,1,5,NULL,NULL,51),(616,1,5,NULL,NULL,52),(617,1,5,NULL,NULL,53),(618,1,5,NULL,NULL,54),(619,1,5,NULL,NULL,55),(620,1,5,NULL,NULL,56),(621,1,5,NULL,NULL,57),(622,1,5,NULL,NULL,58),(623,1,5,NULL,NULL,59),(624,1,5,NULL,NULL,60),(625,1,5,NULL,NULL,61),(626,1,5,NULL,NULL,62),(627,1,5,NULL,NULL,63),(628,1,5,NULL,NULL,64),(629,1,5,NULL,NULL,65),(630,1,5,NULL,NULL,66),(631,1,5,NULL,NULL,67),(632,1,5,NULL,NULL,68),(633,1,5,NULL,NULL,69),(634,1,5,NULL,NULL,70),(635,1,5,NULL,NULL,71),(636,1,5,NULL,NULL,72),(637,1,5,NULL,NULL,73),(638,1,5,NULL,NULL,74),(639,1,5,NULL,NULL,75),(640,1,5,NULL,NULL,76),(641,1,5,NULL,NULL,77),(642,1,5,NULL,NULL,78),(643,1,5,NULL,NULL,79),(644,1,5,NULL,NULL,80),(645,1,5,NULL,NULL,81),(646,1,5,NULL,NULL,82),(647,1,5,NULL,NULL,83),(648,1,5,NULL,NULL,84),(649,1,5,NULL,NULL,85),(650,1,5,NULL,NULL,86),(651,1,5,NULL,NULL,87),(652,1,5,NULL,NULL,88),(653,1,5,NULL,NULL,89),(654,1,5,NULL,NULL,90),(655,1,5,NULL,NULL,91),(656,1,5,NULL,NULL,92),(657,1,5,NULL,NULL,93),(658,1,5,NULL,NULL,94),(659,1,5,NULL,NULL,95),(660,1,5,NULL,NULL,96),(661,1,5,NULL,NULL,97),(662,1,5,NULL,NULL,98),(663,1,5,NULL,NULL,99),(664,1,5,NULL,NULL,100),(665,1,5,NULL,NULL,101),(666,1,5,NULL,NULL,102),(667,1,5,NULL,NULL,103),(668,1,5,NULL,NULL,104),(669,1,5,NULL,NULL,105),(670,1,5,NULL,NULL,106),(671,1,5,NULL,NULL,107),(672,1,5,NULL,NULL,108),(673,1,5,NULL,NULL,109),(674,1,5,NULL,NULL,110),(675,1,5,NULL,NULL,111),(676,1,5,NULL,NULL,112),(677,1,5,NULL,NULL,113),(678,1,5,NULL,NULL,114),(679,1,5,NULL,NULL,115),(680,1,5,NULL,NULL,116),(681,1,5,NULL,NULL,117),(682,1,5,NULL,NULL,118),(683,1,5,NULL,NULL,119),(684,1,5,NULL,NULL,120),(685,1,5,NULL,NULL,121),(686,1,5,NULL,NULL,122),(687,1,5,NULL,NULL,123),(688,1,5,NULL,NULL,124),(689,1,5,NULL,NULL,125),(690,1,5,NULL,NULL,126),(691,1,5,NULL,NULL,127),(692,1,5,NULL,NULL,128),(693,1,5,NULL,NULL,129),(694,1,5,NULL,NULL,130),(695,1,5,NULL,NULL,131),(696,1,5,NULL,NULL,132),(697,1,5,NULL,NULL,133),(698,1,5,NULL,NULL,134),(699,1,5,NULL,NULL,135),(700,1,5,NULL,NULL,136),(701,1,5,NULL,NULL,137),(702,1,5,NULL,NULL,138),(703,1,5,NULL,NULL,139),(704,1,5,NULL,NULL,140),(705,1,5,NULL,NULL,141),(706,1,6,NULL,NULL,1),(707,1,6,NULL,NULL,2),(708,1,6,NULL,NULL,3),(709,1,6,NULL,NULL,4),(710,1,6,NULL,NULL,5),(711,1,6,NULL,NULL,6),(712,1,6,NULL,NULL,7),(713,1,6,NULL,NULL,8),(714,1,6,NULL,NULL,9),(715,1,6,NULL,NULL,10),(716,2,6,NULL,NULL,11),(717,1,6,NULL,NULL,12),(718,2,6,NULL,NULL,13),(719,1,6,NULL,NULL,14),(720,2,6,NULL,NULL,15),(721,1,6,NULL,NULL,16),(722,1,6,NULL,NULL,17),(723,1,6,NULL,NULL,18),(724,1,6,NULL,NULL,19),(725,2,6,NULL,NULL,20),(726,1,6,NULL,NULL,21),(727,1,6,NULL,NULL,22),(728,1,6,NULL,NULL,23),(729,1,6,NULL,NULL,24),(730,1,6,NULL,NULL,25),(731,1,6,NULL,NULL,26),(732,1,6,NULL,NULL,27),(733,1,6,NULL,NULL,28),(734,1,6,NULL,NULL,29),(735,1,6,NULL,NULL,30),(736,1,6,NULL,NULL,31),(737,1,6,NULL,NULL,32),(738,2,6,NULL,NULL,33),(739,1,6,NULL,NULL,34),(740,1,6,NULL,NULL,35),(741,2,6,NULL,NULL,36),(742,1,6,NULL,NULL,37),(743,1,6,NULL,NULL,38),(744,2,6,NULL,NULL,39),(745,1,6,NULL,NULL,40),(746,2,6,NULL,NULL,41),(747,1,6,NULL,NULL,42),(748,1,6,NULL,NULL,43),(749,1,6,NULL,NULL,44),(750,2,6,NULL,NULL,45),(751,1,6,NULL,NULL,46),(752,1,6,NULL,NULL,47),(753,1,6,NULL,NULL,48),(754,1,6,NULL,NULL,49),(755,1,6,NULL,NULL,50),(756,2,6,NULL,NULL,51),(757,1,6,NULL,NULL,52),(758,1,6,NULL,NULL,53),(759,1,6,NULL,NULL,54),(760,2,6,NULL,NULL,55),(761,1,6,NULL,NULL,56),(762,1,6,NULL,NULL,57),(763,1,6,NULL,NULL,58),(764,1,6,NULL,NULL,59),(765,2,6,NULL,NULL,60),(766,1,6,NULL,NULL,61),(767,1,6,NULL,NULL,62),(768,1,6,NULL,NULL,63),(769,1,6,NULL,NULL,64),(770,2,6,NULL,NULL,65),(771,0,6,NULL,NULL,66),(772,0,6,NULL,NULL,67),(773,0,6,NULL,NULL,68),(774,0,6,NULL,NULL,69),(775,0,6,NULL,NULL,70),(776,2,6,NULL,NULL,71),(777,0,6,NULL,NULL,72),(778,0,6,NULL,NULL,73),(779,0,6,NULL,NULL,74),(780,2,6,NULL,NULL,75),(781,0,6,NULL,NULL,76),(782,0,6,NULL,NULL,77),(783,0,6,NULL,NULL,78),(784,0,6,NULL,NULL,79),(785,0,6,NULL,NULL,80),(786,0,6,NULL,NULL,81),(787,0,6,NULL,NULL,82),(788,0,6,NULL,NULL,83),(789,0,6,NULL,NULL,84),(790,0,6,NULL,NULL,85),(791,2,6,NULL,NULL,86),(792,0,6,NULL,NULL,87),(793,0,6,NULL,NULL,88),(794,0,6,NULL,NULL,89),(795,0,6,NULL,NULL,90),(796,2,6,NULL,NULL,91),(797,1,6,NULL,NULL,92),(798,2,6,NULL,NULL,93),(799,0,6,NULL,NULL,94),(800,0,6,NULL,NULL,95),(801,0,6,NULL,NULL,96),(802,0,6,NULL,NULL,97),(803,0,6,NULL,NULL,98),(804,0,6,NULL,NULL,99),(805,0,6,NULL,NULL,100),(806,1,6,NULL,NULL,101),(807,1,6,NULL,NULL,102),(808,2,6,NULL,NULL,103),(809,1,6,NULL,NULL,104),(810,1,6,NULL,NULL,105),(811,2,6,NULL,NULL,106),(812,1,6,NULL,NULL,107),(813,2,6,NULL,NULL,108),(814,1,6,NULL,NULL,109),(815,2,6,NULL,NULL,110),(816,1,6,NULL,NULL,111),(817,1,6,NULL,NULL,112),(818,1,6,NULL,NULL,113),(819,1,6,NULL,NULL,114),(820,1,6,NULL,NULL,115),(821,1,6,NULL,NULL,116),(822,1,6,NULL,NULL,117),(823,1,6,NULL,NULL,118),(824,2,6,NULL,NULL,119),(825,1,6,NULL,NULL,120),(826,1,6,NULL,NULL,121),(827,2,6,NULL,NULL,122),(828,1,6,NULL,NULL,123),(829,2,6,NULL,NULL,124),(830,1,6,NULL,NULL,125),(831,2,6,NULL,NULL,126),(832,0,6,NULL,NULL,127),(833,0,6,NULL,NULL,128),(834,1,6,NULL,NULL,129),(835,1,6,NULL,NULL,130),(836,1,6,NULL,NULL,131),(837,1,6,NULL,NULL,132),(838,2,6,NULL,NULL,133),(839,0,6,NULL,NULL,134),(840,0,6,NULL,NULL,135),(841,0,6,NULL,NULL,136),(842,1,6,NULL,NULL,137),(843,1,6,NULL,NULL,138),(844,2,6,NULL,NULL,139),(845,1,6,NULL,NULL,140),(846,1,6,NULL,NULL,141),(847,1,7,NULL,NULL,1),(848,1,7,NULL,NULL,2),(849,1,7,NULL,NULL,3),(850,1,7,NULL,NULL,4),(851,1,7,NULL,NULL,5),(852,1,7,NULL,NULL,6),(853,1,7,NULL,NULL,7),(854,2,7,NULL,NULL,8),(855,2,7,NULL,NULL,9),(856,1,7,NULL,NULL,10),(857,1,7,NULL,NULL,11),(858,1,7,NULL,NULL,12),(859,2,7,NULL,NULL,13),(860,2,7,NULL,NULL,14),(861,1,7,NULL,NULL,15),(862,1,7,NULL,NULL,16),(863,1,7,NULL,NULL,17),(864,1,7,NULL,NULL,18),(865,1,7,NULL,NULL,19),(866,2,7,NULL,NULL,20),(867,1,7,NULL,NULL,21),(868,1,7,NULL,NULL,22),(869,2,7,NULL,NULL,23),(870,1,7,NULL,NULL,24),(871,1,7,NULL,NULL,25),(872,2,7,NULL,NULL,26),(873,2,7,NULL,NULL,27),(874,0,7,NULL,NULL,28),(875,0,7,NULL,NULL,29),(876,0,7,NULL,NULL,30),(877,0,7,NULL,NULL,31),(878,0,7,NULL,NULL,32),(879,0,7,NULL,NULL,33),(880,0,7,NULL,NULL,34),(881,2,7,NULL,NULL,35),(882,0,7,NULL,NULL,36),(883,0,7,NULL,NULL,37),(884,0,7,NULL,NULL,38),(885,0,7,NULL,NULL,39),(886,0,7,NULL,NULL,40),(887,0,7,NULL,NULL,41),(888,0,7,NULL,NULL,42),(889,0,7,NULL,NULL,43),(890,2,7,NULL,NULL,44),(891,0,7,NULL,NULL,45),(892,0,7,NULL,NULL,46),(893,0,7,NULL,NULL,47),(894,0,7,NULL,NULL,48),(895,0,7,NULL,NULL,49),(896,0,7,NULL,NULL,50),(897,0,7,NULL,NULL,51),(898,0,7,NULL,NULL,52),(899,0,7,NULL,NULL,53),(900,2,7,NULL,NULL,54),(901,0,7,NULL,NULL,55),(902,0,7,NULL,NULL,56),(903,0,7,NULL,NULL,57),(904,0,7,NULL,NULL,58),(905,0,7,NULL,NULL,59),(906,0,7,NULL,NULL,60),(907,0,7,NULL,NULL,61),(908,0,7,NULL,NULL,62),(909,0,7,NULL,NULL,63),(910,0,7,NULL,NULL,64),(911,2,7,NULL,NULL,65),(912,0,7,NULL,NULL,66),(913,0,7,NULL,NULL,67),(914,0,7,NULL,NULL,68),(915,0,7,NULL,NULL,69),(916,0,7,NULL,NULL,70),(917,2,7,NULL,NULL,71),(918,0,7,NULL,NULL,72),(919,0,7,NULL,NULL,73),(920,0,7,NULL,NULL,74),(921,2,7,NULL,NULL,75),(922,0,7,NULL,NULL,76),(923,0,7,NULL,NULL,77),(924,0,7,NULL,NULL,78),(925,0,7,NULL,NULL,79),(926,0,7,NULL,NULL,80),(927,0,7,NULL,NULL,81),(928,0,7,NULL,NULL,82),(929,0,7,NULL,NULL,83),(930,0,7,NULL,NULL,84),(931,0,7,NULL,NULL,85),(932,2,7,NULL,NULL,86),(933,0,7,NULL,NULL,87),(934,0,7,NULL,NULL,88),(935,0,7,NULL,NULL,89),(936,0,7,NULL,NULL,90),(937,2,7,NULL,NULL,91),(938,2,7,NULL,NULL,92),(939,2,7,NULL,NULL,93),(940,0,7,NULL,NULL,94),(941,0,7,NULL,NULL,95),(942,0,7,NULL,NULL,96),(943,0,7,NULL,NULL,97),(944,0,7,NULL,NULL,98),(945,0,7,NULL,NULL,99),(946,0,7,NULL,NULL,100),(947,2,7,NULL,NULL,101),(948,2,7,NULL,NULL,102),(949,2,7,NULL,NULL,103),(950,2,7,NULL,NULL,104),(951,2,7,NULL,NULL,105),(952,2,7,NULL,NULL,106),(953,2,7,NULL,NULL,107),(954,2,7,NULL,NULL,108),(955,2,7,NULL,NULL,109),(956,2,7,NULL,NULL,110),(957,2,7,NULL,NULL,111),(958,2,7,NULL,NULL,112),(959,2,7,NULL,NULL,113),(960,2,7,NULL,NULL,114),(961,2,7,NULL,NULL,115),(962,2,7,NULL,NULL,116),(963,2,7,NULL,NULL,117),(964,2,7,NULL,NULL,118),(965,2,7,NULL,NULL,119),(966,2,7,NULL,NULL,120),(967,2,7,NULL,NULL,121),(968,2,7,NULL,NULL,122),(969,2,7,NULL,NULL,123),(970,0,7,NULL,NULL,124),(971,0,7,NULL,NULL,125),(972,2,7,NULL,NULL,126),(973,0,7,NULL,NULL,127),(974,0,7,NULL,NULL,128),(975,2,7,NULL,NULL,129),(976,2,7,NULL,NULL,130),(977,2,7,NULL,NULL,131),(978,2,7,NULL,NULL,132),(979,2,7,NULL,NULL,133),(980,0,7,NULL,NULL,134),(981,0,7,NULL,NULL,135),(982,0,7,NULL,NULL,136),(983,2,7,NULL,NULL,137),(984,2,7,NULL,NULL,138),(985,2,7,NULL,NULL,139),(986,2,7,NULL,NULL,140),(987,2,7,NULL,NULL,141),(988,1,8,NULL,NULL,1),(989,2,8,NULL,NULL,2),(990,2,8,NULL,NULL,3),(991,1,8,NULL,NULL,4),(992,2,8,NULL,NULL,5),(993,2,8,NULL,NULL,6),(994,1,8,NULL,NULL,7),(995,1,8,NULL,NULL,8),(996,2,8,NULL,NULL,9),(997,1,8,NULL,NULL,10),(998,1,8,NULL,NULL,11),(999,2,8,NULL,NULL,12),(1000,1,8,NULL,NULL,13),(1001,1,8,NULL,NULL,14),(1002,1,8,NULL,NULL,15),(1003,2,8,NULL,NULL,16),(1004,1,8,NULL,NULL,17),(1005,2,8,NULL,NULL,18),(1006,2,8,NULL,NULL,19),(1007,1,8,NULL,NULL,20),(1008,1,8,NULL,NULL,21),(1009,1,8,NULL,NULL,22),(1010,2,8,NULL,NULL,23),(1011,2,8,NULL,NULL,24),(1012,2,8,NULL,NULL,25),(1013,1,8,NULL,NULL,26),(1014,2,8,NULL,NULL,27),(1015,0,8,NULL,NULL,28),(1016,0,8,NULL,NULL,29),(1017,0,8,NULL,NULL,30),(1018,0,8,NULL,NULL,31),(1019,0,8,NULL,NULL,32),(1020,0,8,NULL,NULL,33),(1021,0,8,NULL,NULL,34),(1022,2,8,NULL,NULL,35),(1023,0,8,NULL,NULL,36),(1024,0,8,NULL,NULL,37),(1025,0,8,NULL,NULL,38),(1026,0,8,NULL,NULL,39),(1027,0,8,NULL,NULL,40),(1028,0,8,NULL,NULL,41),(1029,0,8,NULL,NULL,42),(1030,0,8,NULL,NULL,43),(1031,2,8,NULL,NULL,44),(1032,0,8,NULL,NULL,45),(1033,0,8,NULL,NULL,46),(1034,0,8,NULL,NULL,47),(1035,0,8,NULL,NULL,48),(1036,0,8,NULL,NULL,49),(1037,0,8,NULL,NULL,50),(1038,0,8,NULL,NULL,51),(1039,0,8,NULL,NULL,52),(1040,0,8,NULL,NULL,53),(1041,2,8,NULL,NULL,54),(1042,0,8,NULL,NULL,55),(1043,0,8,NULL,NULL,56),(1044,0,8,NULL,NULL,57),(1045,0,8,NULL,NULL,58),(1046,0,8,NULL,NULL,59),(1047,0,8,NULL,NULL,60),(1048,0,8,NULL,NULL,61),(1049,0,8,NULL,NULL,62),(1050,0,8,NULL,NULL,63),(1051,0,8,NULL,NULL,64),(1052,2,8,NULL,NULL,65),(1053,0,8,NULL,NULL,66),(1054,0,8,NULL,NULL,67),(1055,0,8,NULL,NULL,68),(1056,0,8,NULL,NULL,69),(1057,0,8,NULL,NULL,70),(1058,2,8,NULL,NULL,71),(1059,0,8,NULL,NULL,72),(1060,0,8,NULL,NULL,73),(1061,0,8,NULL,NULL,74),(1062,2,8,NULL,NULL,75),(1063,0,8,NULL,NULL,76),(1064,0,8,NULL,NULL,77),(1065,0,8,NULL,NULL,78),(1066,0,8,NULL,NULL,79),(1067,0,8,NULL,NULL,80),(1068,0,8,NULL,NULL,81),(1069,0,8,NULL,NULL,82),(1070,0,8,NULL,NULL,83),(1071,0,8,NULL,NULL,84),(1072,0,8,NULL,NULL,85),(1073,2,8,NULL,NULL,86),(1074,0,8,NULL,NULL,87),(1075,0,8,NULL,NULL,88),(1076,0,8,NULL,NULL,89),(1077,0,8,NULL,NULL,90),(1078,2,8,NULL,NULL,91),(1079,2,8,NULL,NULL,92),(1080,2,8,NULL,NULL,93),(1081,0,8,NULL,NULL,94),(1082,0,8,NULL,NULL,95),(1083,0,8,NULL,NULL,96),(1084,0,8,NULL,NULL,97),(1085,0,8,NULL,NULL,98),(1086,0,8,NULL,NULL,99),(1087,0,8,NULL,NULL,100),(1088,2,8,NULL,NULL,101),(1089,2,8,NULL,NULL,102),(1090,2,8,NULL,NULL,103),(1091,2,8,NULL,NULL,104),(1092,2,8,NULL,NULL,105),(1093,2,8,NULL,NULL,106),(1094,2,8,NULL,NULL,107),(1095,1,8,NULL,NULL,108),(1096,1,8,NULL,NULL,109),(1097,1,8,NULL,NULL,110),(1098,1,8,NULL,NULL,111),(1099,1,8,NULL,NULL,112),(1100,1,8,NULL,NULL,113),(1101,2,8,NULL,NULL,114),(1102,2,8,NULL,NULL,115),(1103,2,8,NULL,NULL,116),(1104,2,8,NULL,NULL,117),(1105,2,8,NULL,NULL,118),(1106,2,8,NULL,NULL,119),(1107,2,8,NULL,NULL,120),(1108,2,8,NULL,NULL,121),(1109,2,8,NULL,NULL,122),(1110,2,8,NULL,NULL,123),(1111,0,8,NULL,NULL,124),(1112,0,8,NULL,NULL,125),(1113,2,8,NULL,NULL,126),(1114,0,8,NULL,NULL,127),(1115,0,8,NULL,NULL,128),(1116,2,8,NULL,NULL,129),(1117,2,8,NULL,NULL,130),(1118,1,8,NULL,NULL,131),(1119,2,8,NULL,NULL,132),(1120,2,8,NULL,NULL,133),(1121,0,8,NULL,NULL,134),(1122,0,8,NULL,NULL,135),(1123,0,8,NULL,NULL,136),(1124,2,8,NULL,NULL,137),(1125,2,8,NULL,NULL,138),(1126,1,8,NULL,NULL,139),(1127,1,8,NULL,NULL,140),(1128,1,8,NULL,NULL,141),(1411,1,11,NULL,NULL,1),(1412,1,11,NULL,NULL,103),(1413,1,11,NULL,NULL,102),(1414,1,11,NULL,NULL,101),(1415,2,11,NULL,NULL,100),(1416,2,11,NULL,NULL,99),(1417,2,11,NULL,NULL,98),(1418,2,11,NULL,NULL,97),(1419,2,11,NULL,NULL,96),(1420,2,11,NULL,NULL,95),(1421,2,11,NULL,NULL,94),(1422,1,11,NULL,NULL,93),(1423,1,11,NULL,NULL,92),(1424,1,11,NULL,NULL,91),(1425,2,11,NULL,NULL,90),(1426,2,11,NULL,NULL,89),(1427,2,11,NULL,NULL,88),(1428,2,11,NULL,NULL,87),(1429,2,11,NULL,NULL,73),(1430,2,11,NULL,NULL,74),(1431,1,11,NULL,NULL,75),(1432,2,11,NULL,NULL,76),(1433,2,11,NULL,NULL,77),(1434,2,11,NULL,NULL,78),(1435,1,11,NULL,NULL,104),(1436,2,11,NULL,NULL,79),(1437,2,11,NULL,NULL,81),(1438,2,11,NULL,NULL,82),(1439,2,11,NULL,NULL,83),(1440,2,11,NULL,NULL,84),(1441,2,11,NULL,NULL,85),(1442,1,11,NULL,NULL,86),(1443,2,11,NULL,NULL,80),(1444,1,11,NULL,NULL,105),(1445,1,11,NULL,NULL,106),(1446,1,11,NULL,NULL,107),(1447,1,11,NULL,NULL,126),(1448,2,11,NULL,NULL,127),(1449,2,11,NULL,NULL,128),(1450,1,11,NULL,NULL,129),(1451,1,11,NULL,NULL,130),(1452,1,11,NULL,NULL,131),(1453,2,11,NULL,NULL,125),(1454,1,11,NULL,NULL,132),(1455,2,11,NULL,NULL,134),(1456,2,11,NULL,NULL,135),(1457,2,11,NULL,NULL,136),(1458,1,11,NULL,NULL,137),(1459,1,11,NULL,NULL,138),(1460,1,11,NULL,NULL,139),(1461,1,11,NULL,NULL,133),(1462,2,11,NULL,NULL,72),(1463,2,11,NULL,NULL,124),(1464,1,11,NULL,NULL,122),(1465,1,11,NULL,NULL,108),(1466,1,11,NULL,NULL,109),(1467,1,11,NULL,NULL,110),(1468,1,11,NULL,NULL,111),(1469,1,11,NULL,NULL,112),(1470,1,11,NULL,NULL,113),(1471,1,11,NULL,NULL,123),(1472,1,11,NULL,NULL,114),(1473,1,11,NULL,NULL,116),(1474,1,11,NULL,NULL,117),(1475,1,11,NULL,NULL,118),(1476,1,11,NULL,NULL,119),(1477,1,11,NULL,NULL,120),(1478,1,11,NULL,NULL,121),(1479,1,11,NULL,NULL,115),(1480,1,11,NULL,NULL,140),(1481,1,11,NULL,NULL,71),(1482,2,11,NULL,NULL,69),(1483,2,11,NULL,NULL,32),(1484,2,11,NULL,NULL,31),(1485,2,11,NULL,NULL,30),(1486,2,11,NULL,NULL,29),(1487,2,11,NULL,NULL,28),(1488,1,11,NULL,NULL,27),(1489,1,11,NULL,NULL,26),(1490,1,11,NULL,NULL,25),(1491,1,11,NULL,NULL,24),(1492,1,11,NULL,NULL,23),(1493,1,11,NULL,NULL,22),(1494,1,11,NULL,NULL,21),(1495,1,11,NULL,NULL,20),(1496,1,11,NULL,NULL,19),(1497,2,11,NULL,NULL,18),(1498,2,11,NULL,NULL,17),(1499,2,11,NULL,NULL,16),(1500,2,11,NULL,NULL,2),(1501,2,11,NULL,NULL,3),(1502,2,11,NULL,NULL,4),(1503,2,11,NULL,NULL,5),(1504,2,11,NULL,NULL,6),(1505,2,11,NULL,NULL,7),(1506,2,11,NULL,NULL,33),(1507,2,11,NULL,NULL,8),(1508,1,11,NULL,NULL,10),(1509,2,11,NULL,NULL,11),(1510,2,11,NULL,NULL,12),(1511,2,11,NULL,NULL,13),(1512,2,11,NULL,NULL,14),(1513,2,11,NULL,NULL,15),(1514,2,11,NULL,NULL,9),(1515,2,11,NULL,NULL,34),(1516,1,11,NULL,NULL,35),(1517,2,11,NULL,NULL,36),(1518,2,11,NULL,NULL,55),(1519,2,11,NULL,NULL,56),(1520,2,11,NULL,NULL,57),(1521,2,11,NULL,NULL,58),(1522,2,11,NULL,NULL,59),(1523,2,11,NULL,NULL,60),(1524,1,11,NULL,NULL,54),(1525,2,11,NULL,NULL,61),(1526,2,11,NULL,NULL,63),(1527,2,11,NULL,NULL,64),(1528,1,11,NULL,NULL,65),(1529,2,11,NULL,NULL,66),(1530,2,11,NULL,NULL,67),(1531,2,11,NULL,NULL,68),(1532,2,11,NULL,NULL,62),(1533,2,11,NULL,NULL,70),(1534,2,11,NULL,NULL,53),(1535,2,11,NULL,NULL,51),(1536,2,11,NULL,NULL,37),(1537,2,11,NULL,NULL,38),(1538,2,11,NULL,NULL,39),(1539,2,11,NULL,NULL,40),(1540,2,11,NULL,NULL,41),(1541,2,11,NULL,NULL,42),(1542,2,11,NULL,NULL,52),(1543,2,11,NULL,NULL,43),(1544,2,11,NULL,NULL,45),(1545,2,11,NULL,NULL,46),(1546,2,11,NULL,NULL,47),(1547,2,11,NULL,NULL,48),(1548,2,11,NULL,NULL,49),(1549,2,11,NULL,NULL,50),(1550,1,11,NULL,NULL,44),(1551,1,11,NULL,NULL,141),(1552,2,12,NULL,NULL,1),(1553,2,12,NULL,NULL,103),(1554,2,12,NULL,NULL,102),(1555,2,12,NULL,NULL,101),(1556,0,12,NULL,NULL,100),(1557,0,12,NULL,NULL,99),(1558,0,12,NULL,NULL,98),(1559,0,12,NULL,NULL,97),(1560,0,12,NULL,NULL,96),(1561,0,12,NULL,NULL,95),(1562,0,12,NULL,NULL,94),(1563,2,12,NULL,NULL,93),(1564,2,12,NULL,NULL,92),(1565,2,12,NULL,NULL,91),(1566,0,12,NULL,NULL,90),(1567,0,12,NULL,NULL,89),(1568,0,12,NULL,NULL,88),(1569,0,12,NULL,NULL,87),(1570,0,12,NULL,NULL,73),(1571,0,12,NULL,NULL,74),(1572,2,12,NULL,NULL,75),(1573,0,12,NULL,NULL,76),(1574,0,12,NULL,NULL,77),(1575,0,12,NULL,NULL,78),(1576,2,12,NULL,NULL,104),(1577,0,12,NULL,NULL,79),(1578,0,12,NULL,NULL,81),(1579,0,12,NULL,NULL,82),(1580,0,12,NULL,NULL,83),(1581,0,12,NULL,NULL,84),(1582,0,12,NULL,NULL,85),(1583,2,12,NULL,NULL,86),(1584,0,12,NULL,NULL,80),(1585,2,12,NULL,NULL,105),(1586,2,12,NULL,NULL,106),(1587,2,12,NULL,NULL,107),(1588,2,12,NULL,NULL,126),(1589,0,12,NULL,NULL,127),(1590,0,12,NULL,NULL,128),(1591,2,12,NULL,NULL,129),(1592,2,12,NULL,NULL,130),(1593,2,12,NULL,NULL,131),(1594,0,12,NULL,NULL,125),(1595,2,12,NULL,NULL,132),(1596,0,12,NULL,NULL,134),(1597,0,12,NULL,NULL,135),(1598,0,12,NULL,NULL,136),(1599,2,12,NULL,NULL,137),(1600,2,12,NULL,NULL,138),(1601,2,12,NULL,NULL,139),(1602,2,12,NULL,NULL,133),(1603,0,12,NULL,NULL,72),(1604,0,12,NULL,NULL,124),(1605,2,12,NULL,NULL,122),(1606,2,12,NULL,NULL,108),(1607,2,12,NULL,NULL,109),(1608,2,12,NULL,NULL,110),(1609,2,12,NULL,NULL,111),(1610,2,12,NULL,NULL,112),(1611,2,12,NULL,NULL,113),(1612,2,12,NULL,NULL,123),(1613,2,12,NULL,NULL,114),(1614,2,12,NULL,NULL,116),(1615,2,12,NULL,NULL,117),(1616,2,12,NULL,NULL,118),(1617,2,12,NULL,NULL,119),(1618,2,12,NULL,NULL,120),(1619,2,12,NULL,NULL,121),(1620,2,12,NULL,NULL,115),(1621,2,12,NULL,NULL,140),(1622,2,12,NULL,NULL,71),(1623,0,12,NULL,NULL,69),(1624,0,12,NULL,NULL,32),(1625,0,12,NULL,NULL,31),(1626,0,12,NULL,NULL,30),(1627,0,12,NULL,NULL,29),(1628,0,12,NULL,NULL,28),(1629,2,12,NULL,NULL,27),(1630,2,12,NULL,NULL,26),(1631,2,12,NULL,NULL,25),(1632,2,12,NULL,NULL,24),(1633,2,12,NULL,NULL,23),(1634,2,12,NULL,NULL,22),(1635,2,12,NULL,NULL,21),(1636,2,12,NULL,NULL,20),(1637,2,12,NULL,NULL,19),(1638,0,12,NULL,NULL,18),(1639,0,12,NULL,NULL,17),(1640,0,12,NULL,NULL,16),(1641,0,12,NULL,NULL,2),(1642,0,12,NULL,NULL,3),(1643,0,12,NULL,NULL,4),(1644,0,12,NULL,NULL,5),(1645,0,12,NULL,NULL,6),(1646,0,12,NULL,NULL,7),(1647,0,12,NULL,NULL,33),(1648,0,12,NULL,NULL,8),(1649,2,12,NULL,NULL,10),(1650,0,12,NULL,NULL,11),(1651,0,12,NULL,NULL,12),(1652,0,12,NULL,NULL,13),(1653,0,12,NULL,NULL,14),(1654,0,12,NULL,NULL,15),(1655,0,12,NULL,NULL,9),(1656,0,12,NULL,NULL,34),(1657,2,12,NULL,NULL,35),(1658,0,12,NULL,NULL,36),(1659,0,12,NULL,NULL,55),(1660,0,12,NULL,NULL,56),(1661,0,12,NULL,NULL,57),(1662,0,12,NULL,NULL,58),(1663,0,12,NULL,NULL,59),(1664,0,12,NULL,NULL,60),(1665,2,12,NULL,NULL,54),(1666,0,12,NULL,NULL,61),(1667,0,12,NULL,NULL,63),(1668,0,12,NULL,NULL,64),(1669,2,12,NULL,NULL,65),(1670,0,12,NULL,NULL,66),(1671,0,12,NULL,NULL,67),(1672,0,12,NULL,NULL,68),(1673,0,12,NULL,NULL,62),(1674,0,12,NULL,NULL,70),(1675,0,12,NULL,NULL,53),(1676,0,12,NULL,NULL,51),(1677,0,12,NULL,NULL,37),(1678,0,12,NULL,NULL,38),(1679,0,12,NULL,NULL,39),(1680,0,12,NULL,NULL,40),(1681,0,12,NULL,NULL,41),(1682,0,12,NULL,NULL,42),(1683,0,12,NULL,NULL,52),(1684,0,12,NULL,NULL,43),(1685,0,12,NULL,NULL,45),(1686,0,12,NULL,NULL,46),(1687,0,12,NULL,NULL,47),(1688,0,12,NULL,NULL,48),(1689,0,12,NULL,NULL,49),(1690,0,12,NULL,NULL,50),(1691,2,12,NULL,NULL,44),(1692,2,12,NULL,NULL,141),(1693,2,13,NULL,NULL,1),(1694,2,13,NULL,NULL,103),(1695,2,13,NULL,NULL,102),(1696,2,13,NULL,NULL,101),(1697,0,13,NULL,NULL,100),(1698,0,13,NULL,NULL,99),(1699,0,13,NULL,NULL,98),(1700,0,13,NULL,NULL,97),(1701,0,13,NULL,NULL,96),(1702,0,13,NULL,NULL,95),(1703,0,13,NULL,NULL,94),(1704,2,13,NULL,NULL,93),(1705,2,13,NULL,NULL,92),(1706,2,13,NULL,NULL,91),(1707,0,13,NULL,NULL,90),(1708,0,13,NULL,NULL,89),(1709,0,13,NULL,NULL,88),(1710,0,13,NULL,NULL,87),(1711,0,13,NULL,NULL,73),(1712,0,13,NULL,NULL,74),(1713,2,13,NULL,NULL,75),(1714,0,13,NULL,NULL,76),(1715,0,13,NULL,NULL,77),(1716,0,13,NULL,NULL,78),(1717,2,13,NULL,NULL,104),(1718,0,13,NULL,NULL,79),(1719,0,13,NULL,NULL,81),(1720,0,13,NULL,NULL,82),(1721,0,13,NULL,NULL,83),(1722,0,13,NULL,NULL,84),(1723,0,13,NULL,NULL,85),(1724,2,13,NULL,NULL,86),(1725,0,13,NULL,NULL,80),(1726,2,13,NULL,NULL,105),(1727,2,13,NULL,NULL,106),(1728,2,13,NULL,NULL,107),(1729,2,13,NULL,NULL,126),(1730,0,13,NULL,NULL,127),(1731,0,13,NULL,NULL,128),(1732,2,13,NULL,NULL,129),(1733,2,13,NULL,NULL,130),(1734,2,13,NULL,NULL,131),(1735,0,13,NULL,NULL,125),(1736,2,13,NULL,NULL,132),(1737,0,13,NULL,NULL,134),(1738,0,13,NULL,NULL,135),(1739,0,13,NULL,NULL,136),(1740,2,13,NULL,NULL,137),(1741,2,13,NULL,NULL,138),(1742,2,13,NULL,NULL,139),(1743,2,13,NULL,NULL,133),(1744,0,13,NULL,NULL,72),(1745,0,13,NULL,NULL,124),(1746,2,13,NULL,NULL,122),(1747,2,13,NULL,NULL,108),(1748,2,13,NULL,NULL,109),(1749,2,13,NULL,NULL,110),(1750,2,13,NULL,NULL,111),(1751,2,13,NULL,NULL,112),(1752,2,13,NULL,NULL,113),(1753,2,13,NULL,NULL,123),(1754,2,13,NULL,NULL,114),(1755,2,13,NULL,NULL,116),(1756,2,13,NULL,NULL,117),(1757,2,13,NULL,NULL,118),(1758,2,13,NULL,NULL,119),(1759,2,13,NULL,NULL,120),(1760,2,13,NULL,NULL,121),(1761,2,13,NULL,NULL,115),(1762,2,13,NULL,NULL,140),(1763,2,13,NULL,NULL,71),(1764,0,13,NULL,NULL,69),(1765,0,13,NULL,NULL,32),(1766,0,13,NULL,NULL,31),(1767,0,13,NULL,NULL,30),(1768,0,13,NULL,NULL,29),(1769,0,13,NULL,NULL,28),(1770,2,13,NULL,NULL,27),(1771,2,13,NULL,NULL,26),(1772,2,13,NULL,NULL,25),(1773,2,13,NULL,NULL,24),(1774,2,13,NULL,NULL,23),(1775,2,13,NULL,NULL,22),(1776,2,13,NULL,NULL,21),(1777,2,13,NULL,NULL,20),(1778,2,13,NULL,NULL,19),(1779,0,13,NULL,NULL,18),(1780,0,13,NULL,NULL,17),(1781,0,13,NULL,NULL,16),(1782,0,13,NULL,NULL,2),(1783,0,13,NULL,NULL,3),(1784,0,13,NULL,NULL,4),(1785,0,13,NULL,NULL,5),(1786,0,13,NULL,NULL,6),(1787,0,13,NULL,NULL,7),(1788,0,13,NULL,NULL,33),(1789,0,13,NULL,NULL,8),(1790,2,13,NULL,NULL,10),(1791,0,13,NULL,NULL,11),(1792,0,13,NULL,NULL,12),(1793,0,13,NULL,NULL,13),(1794,0,13,NULL,NULL,14),(1795,0,13,NULL,NULL,15),(1796,0,13,NULL,NULL,9),(1797,0,13,NULL,NULL,34),(1798,2,13,NULL,NULL,35),(1799,0,13,NULL,NULL,36),(1800,0,13,NULL,NULL,55),(1801,0,13,NULL,NULL,56),(1802,0,13,NULL,NULL,57),(1803,0,13,NULL,NULL,58),(1804,0,13,NULL,NULL,59),(1805,0,13,NULL,NULL,60),(1806,2,13,NULL,NULL,54),(1807,0,13,NULL,NULL,61),(1808,0,13,NULL,NULL,63),(1809,0,13,NULL,NULL,64),(1810,2,13,NULL,NULL,65),(1811,0,13,NULL,NULL,66),(1812,0,13,NULL,NULL,67),(1813,0,13,NULL,NULL,68),(1814,0,13,NULL,NULL,62),(1815,0,13,NULL,NULL,70),(1816,0,13,NULL,NULL,53),(1817,0,13,NULL,NULL,51),(1818,0,13,NULL,NULL,37),(1819,0,13,NULL,NULL,38),(1820,0,13,NULL,NULL,39),(1821,0,13,NULL,NULL,40),(1822,0,13,NULL,NULL,41),(1823,0,13,NULL,NULL,42),(1824,0,13,NULL,NULL,52),(1825,0,13,NULL,NULL,43),(1826,0,13,NULL,NULL,45),(1827,0,13,NULL,NULL,46),(1828,0,13,NULL,NULL,47),(1829,0,13,NULL,NULL,48),(1830,0,13,NULL,NULL,49),(1831,0,13,NULL,NULL,50),(1832,2,13,NULL,NULL,44),(1833,2,13,NULL,NULL,141),(1975,1,15,NULL,NULL,1),(1976,2,15,NULL,NULL,103),(1977,1,15,NULL,NULL,102),(1978,1,15,NULL,NULL,101),(1979,1,15,NULL,NULL,100),(1980,2,15,NULL,NULL,99),(1981,2,15,NULL,NULL,98),(1982,1,15,NULL,NULL,97),(1983,1,15,NULL,NULL,96),(1984,1,15,NULL,NULL,95),(1985,1,15,NULL,NULL,94),(1986,1,15,NULL,NULL,93),(1987,2,15,NULL,NULL,92),(1988,1,15,NULL,NULL,91),(1989,2,15,NULL,NULL,90),(1990,1,15,NULL,NULL,89),(1991,1,15,NULL,NULL,88),(1992,1,15,NULL,NULL,87),(1993,0,15,NULL,NULL,73),(1994,0,15,NULL,NULL,74),(1995,1,15,NULL,NULL,75),(1996,1,15,NULL,NULL,76),(1997,1,15,NULL,NULL,77),(1998,1,15,NULL,NULL,78),(1999,2,15,NULL,NULL,104),(2000,1,15,NULL,NULL,79),(2001,2,15,NULL,NULL,81),(2002,1,15,NULL,NULL,82),(2003,1,15,NULL,NULL,83),(2004,1,15,NULL,NULL,84),(2005,1,15,NULL,NULL,85),(2006,1,15,NULL,NULL,86),(2007,2,15,NULL,NULL,80),(2008,2,15,NULL,NULL,105),(2009,2,15,NULL,NULL,106),(2010,2,15,NULL,NULL,107),(2011,1,15,NULL,NULL,126),(2012,1,15,NULL,NULL,127),(2013,1,15,NULL,NULL,128),(2014,1,15,NULL,NULL,129),(2015,1,15,NULL,NULL,130),(2016,2,15,NULL,NULL,131),(2017,2,15,NULL,NULL,125),(2018,1,15,NULL,NULL,132),(2019,1,15,NULL,NULL,134),(2020,1,15,NULL,NULL,135),(2021,1,15,NULL,NULL,136),(2022,1,15,NULL,NULL,137),(2023,1,15,NULL,NULL,138),(2024,1,15,NULL,NULL,139),(2025,1,15,NULL,NULL,133),(2026,0,15,NULL,NULL,72),(2027,2,15,NULL,NULL,124),(2028,2,15,NULL,NULL,122),(2029,2,15,NULL,NULL,108),(2030,2,15,NULL,NULL,109),(2031,1,15,NULL,NULL,110),(2032,1,15,NULL,NULL,111),(2033,2,15,NULL,NULL,112),(2034,1,15,NULL,NULL,113),(2035,1,15,NULL,NULL,123),(2036,1,15,NULL,NULL,114),(2037,1,15,NULL,NULL,116),(2038,1,15,NULL,NULL,117),(2039,1,15,NULL,NULL,118),(2040,2,15,NULL,NULL,119),(2041,2,15,NULL,NULL,120),(2042,2,15,NULL,NULL,121),(2043,2,15,NULL,NULL,115),(2044,1,15,NULL,NULL,140),(2045,2,15,NULL,NULL,71),(2046,1,15,NULL,NULL,69),(2047,1,15,NULL,NULL,32),(2048,1,15,NULL,NULL,31),(2049,1,15,NULL,NULL,30),(2050,1,15,NULL,NULL,29),(2051,2,15,NULL,NULL,28),(2052,1,15,NULL,NULL,27),(2053,1,15,NULL,NULL,26),(2054,1,15,NULL,NULL,25),(2055,2,15,NULL,NULL,24),(2056,2,15,NULL,NULL,23),(2057,1,15,NULL,NULL,22),(2058,1,15,NULL,NULL,21),(2059,2,15,NULL,NULL,20),(2060,1,15,NULL,NULL,19),(2061,1,15,NULL,NULL,18),(2062,1,15,NULL,NULL,17),(2063,1,15,NULL,NULL,16),(2064,1,15,NULL,NULL,2),(2065,1,15,NULL,NULL,3),(2066,1,15,NULL,NULL,4),(2067,1,15,NULL,NULL,5),(2068,1,15,NULL,NULL,6),(2069,1,15,NULL,NULL,7),(2070,2,15,NULL,NULL,33),(2071,2,15,NULL,NULL,8),(2072,1,15,NULL,NULL,10),(2073,1,15,NULL,NULL,11),(2074,1,15,NULL,NULL,12),(2075,1,15,NULL,NULL,13),(2076,2,15,NULL,NULL,14),(2077,1,15,NULL,NULL,15),(2078,2,15,NULL,NULL,9),(2079,2,15,NULL,NULL,34),(2080,1,15,NULL,NULL,35),(2081,1,15,NULL,NULL,36),(2082,1,15,NULL,NULL,55),(2083,1,15,NULL,NULL,56),(2084,1,15,NULL,NULL,57),(2085,1,15,NULL,NULL,58),(2086,1,15,NULL,NULL,59),(2087,1,15,NULL,NULL,60),(2088,1,15,NULL,NULL,54),(2089,1,15,NULL,NULL,61),(2090,1,15,NULL,NULL,63),(2091,2,15,NULL,NULL,64),(2092,1,15,NULL,NULL,65),(2093,1,15,NULL,NULL,66),(2094,1,15,NULL,NULL,67),(2095,1,15,NULL,NULL,68),(2096,1,15,NULL,NULL,62),(2097,1,15,NULL,NULL,70),(2098,1,15,NULL,NULL,53),(2099,1,15,NULL,NULL,51),(2100,1,15,NULL,NULL,37),(2101,1,15,NULL,NULL,38),(2102,1,15,NULL,NULL,39),(2103,2,15,NULL,NULL,40),(2104,1,15,NULL,NULL,41),(2105,2,15,NULL,NULL,42),(2106,1,15,NULL,NULL,52),(2107,1,15,NULL,NULL,43),(2108,1,15,NULL,NULL,45),(2109,1,15,NULL,NULL,46),(2110,2,15,NULL,NULL,47),(2111,1,15,NULL,NULL,48),(2112,2,15,NULL,NULL,49),(2113,2,15,NULL,NULL,50),(2114,1,15,NULL,NULL,44),(2115,2,15,NULL,NULL,141),(2257,2,17,NULL,NULL,1),(2258,1,17,NULL,NULL,103),(2259,1,17,NULL,NULL,102),(2260,1,17,NULL,NULL,101),(2261,0,17,NULL,NULL,100),(2262,0,17,NULL,NULL,99),(2263,0,17,NULL,NULL,98),(2264,0,17,NULL,NULL,97),(2265,0,17,NULL,NULL,96),(2266,0,17,NULL,NULL,95),(2267,0,17,NULL,NULL,94),(2268,2,17,NULL,NULL,93),(2269,1,17,NULL,NULL,92),(2270,1,17,NULL,NULL,91),(2271,0,17,NULL,NULL,90),(2272,0,17,NULL,NULL,89),(2273,0,17,NULL,NULL,88),(2274,0,17,NULL,NULL,87),(2275,0,17,NULL,NULL,73),(2276,0,17,NULL,NULL,74),(2277,2,17,NULL,NULL,75),(2278,0,17,NULL,NULL,76),(2279,0,17,NULL,NULL,77),(2280,0,17,NULL,NULL,78),(2281,1,17,NULL,NULL,104),(2282,0,17,NULL,NULL,79),(2283,0,17,NULL,NULL,81),(2284,0,17,NULL,NULL,82),(2285,0,17,NULL,NULL,83),(2286,0,17,NULL,NULL,84),(2287,0,17,NULL,NULL,85),(2288,2,17,NULL,NULL,86),(2289,0,17,NULL,NULL,80),(2290,1,17,NULL,NULL,105),(2291,1,17,NULL,NULL,106),(2292,1,17,NULL,NULL,107),(2293,2,17,NULL,NULL,126),(2294,0,17,NULL,NULL,127),(2295,0,17,NULL,NULL,128),(2296,1,17,NULL,NULL,129),(2297,1,17,NULL,NULL,130),(2298,1,17,NULL,NULL,131),(2299,0,17,NULL,NULL,125),(2300,1,17,NULL,NULL,132),(2301,0,17,NULL,NULL,134),(2302,0,17,NULL,NULL,135),(2303,0,17,NULL,NULL,136),(2304,1,17,NULL,NULL,137),(2305,1,17,NULL,NULL,138),(2306,1,17,NULL,NULL,139),(2307,2,17,NULL,NULL,133),(2308,0,17,NULL,NULL,72),(2309,0,17,NULL,NULL,124),(2310,1,17,NULL,NULL,122),(2311,1,17,NULL,NULL,108),(2312,1,17,NULL,NULL,109),(2313,1,17,NULL,NULL,110),(2314,1,17,NULL,NULL,111),(2315,1,17,NULL,NULL,112),(2316,1,17,NULL,NULL,113),(2317,2,17,NULL,NULL,123),(2318,1,17,NULL,NULL,114),(2319,1,17,NULL,NULL,116),(2320,1,17,NULL,NULL,117),(2321,1,17,NULL,NULL,118),(2322,1,17,NULL,NULL,119),(2323,1,17,NULL,NULL,120),(2324,1,17,NULL,NULL,121),(2325,1,17,NULL,NULL,115),(2326,1,17,NULL,NULL,140),(2327,2,17,NULL,NULL,71),(2328,0,17,NULL,NULL,69),(2329,0,17,NULL,NULL,32),(2330,0,17,NULL,NULL,31),(2331,0,17,NULL,NULL,30),(2332,0,17,NULL,NULL,29),(2333,0,17,NULL,NULL,28),(2334,2,17,NULL,NULL,27),(2335,1,17,NULL,NULL,26),(2336,1,17,NULL,NULL,25),(2337,1,17,NULL,NULL,24),(2338,1,17,NULL,NULL,23),(2339,1,17,NULL,NULL,22),(2340,1,17,NULL,NULL,21),(2341,1,17,NULL,NULL,20),(2342,1,17,NULL,NULL,19),(2343,0,17,NULL,NULL,18),(2344,0,17,NULL,NULL,17),(2345,0,17,NULL,NULL,16),(2346,0,17,NULL,NULL,2),(2347,0,17,NULL,NULL,3),(2348,0,17,NULL,NULL,4),(2349,0,17,NULL,NULL,5),(2350,0,17,NULL,NULL,6),(2351,0,17,NULL,NULL,7),(2352,0,17,NULL,NULL,33),(2353,0,17,NULL,NULL,8),(2354,2,17,NULL,NULL,10),(2355,0,17,NULL,NULL,11),(2356,0,17,NULL,NULL,12),(2357,0,17,NULL,NULL,13),(2358,0,17,NULL,NULL,14),(2359,0,17,NULL,NULL,15),(2360,0,17,NULL,NULL,9),(2361,0,17,NULL,NULL,34),(2362,2,17,NULL,NULL,35),(2363,0,17,NULL,NULL,36),(2364,0,17,NULL,NULL,55),(2365,0,17,NULL,NULL,56),(2366,0,17,NULL,NULL,57),(2367,0,17,NULL,NULL,58),(2368,0,17,NULL,NULL,59),(2369,0,17,NULL,NULL,60),(2370,2,17,NULL,NULL,54),(2371,0,17,NULL,NULL,61),(2372,0,17,NULL,NULL,63),(2373,0,17,NULL,NULL,64),(2374,2,17,NULL,NULL,65),(2375,0,17,NULL,NULL,66),(2376,0,17,NULL,NULL,67),(2377,0,17,NULL,NULL,68),(2378,0,17,NULL,NULL,62),(2379,0,17,NULL,NULL,70),(2380,0,17,NULL,NULL,53),(2381,0,17,NULL,NULL,51),(2382,0,17,NULL,NULL,37),(2383,0,17,NULL,NULL,38),(2384,0,17,NULL,NULL,39),(2385,0,17,NULL,NULL,40),(2386,0,17,NULL,NULL,41),(2387,0,17,NULL,NULL,42),(2388,0,17,NULL,NULL,52),(2389,0,17,NULL,NULL,43),(2390,0,17,NULL,NULL,45),(2391,0,17,NULL,NULL,46),(2392,0,17,NULL,NULL,47),(2393,0,17,NULL,NULL,48),(2394,0,17,NULL,NULL,49),(2395,0,17,NULL,NULL,50),(2396,2,17,NULL,NULL,44),(2397,1,17,NULL,NULL,141),(2398,1,18,NULL,NULL,1),(2399,1,18,NULL,NULL,103),(2400,1,18,NULL,NULL,102),(2401,1,18,NULL,NULL,101),(2402,1,18,NULL,NULL,100),(2403,1,18,NULL,NULL,99),(2404,1,18,NULL,NULL,98),(2405,1,18,NULL,NULL,97),(2406,1,18,NULL,NULL,96),(2407,1,18,NULL,NULL,95),(2408,1,18,NULL,NULL,94),(2409,1,18,NULL,NULL,93),(2410,1,18,NULL,NULL,92),(2411,1,18,NULL,NULL,91),(2412,1,18,NULL,NULL,90),(2413,1,18,NULL,NULL,89),(2414,1,18,NULL,NULL,88),(2415,1,18,NULL,NULL,87),(2416,1,18,NULL,NULL,73),(2417,1,18,NULL,NULL,74),(2418,1,18,NULL,NULL,75),(2419,1,18,NULL,NULL,76),(2420,1,18,NULL,NULL,77),(2421,1,18,NULL,NULL,78),(2422,1,18,NULL,NULL,104),(2423,1,18,NULL,NULL,79),(2424,1,18,NULL,NULL,81),(2425,1,18,NULL,NULL,82),(2426,1,18,NULL,NULL,83),(2427,1,18,NULL,NULL,84),(2428,1,18,NULL,NULL,85),(2429,1,18,NULL,NULL,86),(2430,1,18,NULL,NULL,80),(2431,1,18,NULL,NULL,105),(2432,1,18,NULL,NULL,106),(2433,1,18,NULL,NULL,107),(2434,1,18,NULL,NULL,126),(2435,1,18,NULL,NULL,127),(2436,1,18,NULL,NULL,128),(2437,1,18,NULL,NULL,129),(2438,1,18,NULL,NULL,130),(2439,1,18,NULL,NULL,131),(2440,1,18,NULL,NULL,125),(2441,1,18,NULL,NULL,132),(2442,1,18,NULL,NULL,134),(2443,1,18,NULL,NULL,135),(2444,1,18,NULL,NULL,136),(2445,1,18,NULL,NULL,137),(2446,1,18,NULL,NULL,138),(2447,1,18,NULL,NULL,139),(2448,1,18,NULL,NULL,133),(2449,1,18,NULL,NULL,72),(2450,1,18,NULL,NULL,124),(2451,1,18,NULL,NULL,122),(2452,1,18,NULL,NULL,108),(2453,1,18,NULL,NULL,109),(2454,1,18,NULL,NULL,110),(2455,1,18,NULL,NULL,111),(2456,1,18,NULL,NULL,112),(2457,1,18,NULL,NULL,113),(2458,1,18,NULL,NULL,123),(2459,1,18,NULL,NULL,114),(2460,1,18,NULL,NULL,116),(2461,1,18,NULL,NULL,117),(2462,1,18,NULL,NULL,118),(2463,1,18,NULL,NULL,119),(2464,1,18,NULL,NULL,120),(2465,1,18,NULL,NULL,121),(2466,1,18,NULL,NULL,115),(2467,1,18,NULL,NULL,140),(2468,1,18,NULL,NULL,71),(2469,1,18,NULL,NULL,69),(2470,1,18,NULL,NULL,32),(2471,1,18,NULL,NULL,31),(2472,1,18,NULL,NULL,30),(2473,1,18,NULL,NULL,29),(2474,1,18,NULL,NULL,28),(2475,1,18,NULL,NULL,27),(2476,1,18,NULL,NULL,26),(2477,1,18,NULL,NULL,25),(2478,1,18,NULL,NULL,24),(2479,1,18,NULL,NULL,23),(2480,1,18,NULL,NULL,22),(2481,1,18,NULL,NULL,21),(2482,1,18,NULL,NULL,20),(2483,1,18,NULL,NULL,19),(2484,1,18,NULL,NULL,18),(2485,1,18,NULL,NULL,17),(2486,1,18,NULL,NULL,16),(2487,1,18,NULL,NULL,2),(2488,1,18,NULL,NULL,3),(2489,1,18,NULL,NULL,4),(2490,1,18,NULL,NULL,5),(2491,1,18,NULL,NULL,6),(2492,1,18,NULL,NULL,7),(2493,1,18,NULL,NULL,33),(2494,1,18,NULL,NULL,8),(2495,1,18,NULL,NULL,10),(2496,1,18,NULL,NULL,11),(2497,1,18,NULL,NULL,12),(2498,1,18,NULL,NULL,13),(2499,1,18,NULL,NULL,14),(2500,1,18,NULL,NULL,15),(2501,1,18,NULL,NULL,9),(2502,1,18,NULL,NULL,34),(2503,1,18,NULL,NULL,35),(2504,1,18,NULL,NULL,36),(2505,1,18,NULL,NULL,55),(2506,1,18,NULL,NULL,56),(2507,1,18,NULL,NULL,57),(2508,1,18,NULL,NULL,58),(2509,1,18,NULL,NULL,59),(2510,1,18,NULL,NULL,60),(2511,1,18,NULL,NULL,54),(2512,1,18,NULL,NULL,61),(2513,1,18,NULL,NULL,63),(2514,1,18,NULL,NULL,64),(2515,1,18,NULL,NULL,65),(2516,1,18,NULL,NULL,66),(2517,1,18,NULL,NULL,67),(2518,1,18,NULL,NULL,68),(2519,1,18,NULL,NULL,62),(2520,1,18,NULL,NULL,70),(2521,1,18,NULL,NULL,53),(2522,1,18,NULL,NULL,51),(2523,1,18,NULL,NULL,37),(2524,1,18,NULL,NULL,38),(2525,1,18,NULL,NULL,39),(2526,1,18,NULL,NULL,40),(2527,1,18,NULL,NULL,41),(2528,1,18,NULL,NULL,42),(2529,1,18,NULL,NULL,52),(2530,1,18,NULL,NULL,43),(2531,1,18,NULL,NULL,45),(2532,1,18,NULL,NULL,46),(2533,1,18,NULL,NULL,47),(2534,1,18,NULL,NULL,48),(2535,1,18,NULL,NULL,49),(2536,1,18,NULL,NULL,50),(2537,1,18,NULL,NULL,44),(2538,1,18,NULL,NULL,141),(2539,1,19,NULL,NULL,1),(2540,1,19,NULL,NULL,103),(2541,1,19,NULL,NULL,102),(2542,2,19,NULL,NULL,101),(2543,1,19,NULL,NULL,100),(2544,1,19,NULL,NULL,99),(2545,1,19,NULL,NULL,98),(2546,1,19,NULL,NULL,97),(2547,1,19,NULL,NULL,96),(2548,2,19,NULL,NULL,95),(2549,1,19,NULL,NULL,94),(2550,1,19,NULL,NULL,93),(2551,2,19,NULL,NULL,92),(2552,2,19,NULL,NULL,91),(2553,2,19,NULL,NULL,90),(2554,1,19,NULL,NULL,89),(2555,1,19,NULL,NULL,88),(2556,1,19,NULL,NULL,87),(2557,0,19,NULL,NULL,73),(2558,0,19,NULL,NULL,74),(2559,1,19,NULL,NULL,75),(2560,1,19,NULL,NULL,76),(2561,2,19,NULL,NULL,77),(2562,1,19,NULL,NULL,78),(2563,2,19,NULL,NULL,104),(2564,1,19,NULL,NULL,79),(2565,1,19,NULL,NULL,81),(2566,2,19,NULL,NULL,82),(2567,1,19,NULL,NULL,83),(2568,1,19,NULL,NULL,84),(2569,1,19,NULL,NULL,85),(2570,1,19,NULL,NULL,86),(2571,1,19,NULL,NULL,80),(2572,1,19,NULL,NULL,105),(2573,1,19,NULL,NULL,106),(2574,1,19,NULL,NULL,107),(2575,2,19,NULL,NULL,126),(2576,0,19,NULL,NULL,127),(2577,0,19,NULL,NULL,128),(2578,1,19,NULL,NULL,129),(2579,1,19,NULL,NULL,130),(2580,1,19,NULL,NULL,131),(2581,0,19,NULL,NULL,125),(2582,1,19,NULL,NULL,132),(2583,0,19,NULL,NULL,134),(2584,0,19,NULL,NULL,135),(2585,0,19,NULL,NULL,136),(2586,1,19,NULL,NULL,137),(2587,1,19,NULL,NULL,138),(2588,1,19,NULL,NULL,139),(2589,2,19,NULL,NULL,133),(2590,0,19,NULL,NULL,72),(2591,0,19,NULL,NULL,124),(2592,1,19,NULL,NULL,122),(2593,2,19,NULL,NULL,108),(2594,2,19,NULL,NULL,109),(2595,1,19,NULL,NULL,110),(2596,2,19,NULL,NULL,111),(2597,2,19,NULL,NULL,112),(2598,1,19,NULL,NULL,113),(2599,2,19,NULL,NULL,123),(2600,1,19,NULL,NULL,114),(2601,1,19,NULL,NULL,116),(2602,1,19,NULL,NULL,117),(2603,2,19,NULL,NULL,118),(2604,1,19,NULL,NULL,119),(2605,1,19,NULL,NULL,120),(2606,1,19,NULL,NULL,121),(2607,1,19,NULL,NULL,115),(2608,1,19,NULL,NULL,140),(2609,2,19,NULL,NULL,71),(2610,0,19,NULL,NULL,69),(2611,0,19,NULL,NULL,32),(2612,0,19,NULL,NULL,31),(2613,0,19,NULL,NULL,30),(2614,0,19,NULL,NULL,29),(2615,0,19,NULL,NULL,28),(2616,2,19,NULL,NULL,27),(2617,1,19,NULL,NULL,26),(2618,1,19,NULL,NULL,25),(2619,1,19,NULL,NULL,24),(2620,1,19,NULL,NULL,23),(2621,1,19,NULL,NULL,22),(2622,2,19,NULL,NULL,21),(2623,1,19,NULL,NULL,20),(2624,1,19,NULL,NULL,19),(2625,1,19,NULL,NULL,18),(2626,1,19,NULL,NULL,17),(2627,1,19,NULL,NULL,16),(2628,1,19,NULL,NULL,2),(2629,1,19,NULL,NULL,3),(2630,2,19,NULL,NULL,4),(2631,1,19,NULL,NULL,5),(2632,1,19,NULL,NULL,6),(2633,1,19,NULL,NULL,7),(2634,0,19,NULL,NULL,33),(2635,1,19,NULL,NULL,8),(2636,1,19,NULL,NULL,10),(2637,1,19,NULL,NULL,11),(2638,1,19,NULL,NULL,12),(2639,1,19,NULL,NULL,13),(2640,1,19,NULL,NULL,14),(2641,1,19,NULL,NULL,15),(2642,1,19,NULL,NULL,9),(2643,0,19,NULL,NULL,34),(2644,2,19,NULL,NULL,35),(2645,0,19,NULL,NULL,36),(2646,0,19,NULL,NULL,55),(2647,0,19,NULL,NULL,56),(2648,0,19,NULL,NULL,57),(2649,0,19,NULL,NULL,58),(2650,0,19,NULL,NULL,59),(2651,0,19,NULL,NULL,60),(2652,2,19,NULL,NULL,54),(2653,0,19,NULL,NULL,61),(2654,0,19,NULL,NULL,63),(2655,0,19,NULL,NULL,64),(2656,2,19,NULL,NULL,65),(2657,0,19,NULL,NULL,66),(2658,0,19,NULL,NULL,67),(2659,0,19,NULL,NULL,68),(2660,0,19,NULL,NULL,62),(2661,0,19,NULL,NULL,70),(2662,0,19,NULL,NULL,53),(2663,0,19,NULL,NULL,51),(2664,0,19,NULL,NULL,37),(2665,0,19,NULL,NULL,38),(2666,0,19,NULL,NULL,39),(2667,0,19,NULL,NULL,40),(2668,0,19,NULL,NULL,41),(2669,0,19,NULL,NULL,42),(2670,0,19,NULL,NULL,52),(2671,0,19,NULL,NULL,43),(2672,0,19,NULL,NULL,45),(2673,0,19,NULL,NULL,46),(2674,0,19,NULL,NULL,47),(2675,0,19,NULL,NULL,48),(2676,0,19,NULL,NULL,49),(2677,0,19,NULL,NULL,50),(2678,2,19,NULL,NULL,44),(2679,1,19,NULL,NULL,141),(2680,1,20,'Esto es una nota introducida por el usuario',NULL,1),(2681,1,20,NULL,NULL,103),(2682,1,20,NULL,NULL,102),(2683,1,20,NULL,NULL,101),(2684,1,20,NULL,NULL,100),(2685,1,20,NULL,NULL,99),(2686,1,20,NULL,NULL,98),(2687,1,20,NULL,NULL,97),(2688,1,20,NULL,NULL,96),(2689,1,20,NULL,NULL,95),(2690,1,20,NULL,NULL,94),(2691,1,20,NULL,NULL,93),(2692,2,20,NULL,NULL,92),(2693,2,20,NULL,NULL,91),(2694,2,20,NULL,NULL,90),(2695,1,20,NULL,NULL,89),(2696,1,20,NULL,NULL,88),(2697,1,20,NULL,NULL,87),(2698,0,20,NULL,NULL,73),(2699,0,20,NULL,NULL,74),(2700,1,20,NULL,NULL,75),(2701,1,20,NULL,NULL,76),(2702,1,20,NULL,NULL,77),(2703,1,20,NULL,NULL,78),(2704,2,20,NULL,NULL,104),(2705,1,20,NULL,NULL,79),(2706,1,20,NULL,NULL,81),(2707,1,20,NULL,NULL,82),(2708,1,20,NULL,NULL,83),(2709,1,20,NULL,NULL,84),(2710,1,20,NULL,NULL,85),(2711,1,20,NULL,NULL,86),(2712,1,20,NULL,NULL,80),(2713,1,20,NULL,NULL,105),(2714,1,20,NULL,NULL,106),(2715,1,20,NULL,NULL,107),(2716,2,20,NULL,NULL,126),(2717,0,20,NULL,NULL,127),(2718,0,20,NULL,NULL,128),(2719,1,20,NULL,NULL,129),(2720,1,20,NULL,NULL,130),(2721,1,20,NULL,NULL,131),(2722,0,20,NULL,NULL,125),(2723,1,20,NULL,NULL,132),(2724,0,20,NULL,NULL,134),(2725,0,20,NULL,NULL,135),(2726,0,20,NULL,NULL,136),(2727,1,20,NULL,NULL,137),(2728,1,20,NULL,NULL,138),(2729,1,20,NULL,NULL,139),(2730,2,20,NULL,NULL,133),(2731,0,20,NULL,NULL,72),(2732,0,20,NULL,NULL,124),(2733,1,20,NULL,NULL,122),(2734,2,20,NULL,NULL,108),(2735,2,20,NULL,NULL,109),(2736,1,20,NULL,NULL,110),(2737,1,20,NULL,NULL,111),(2738,2,20,NULL,NULL,112),(2739,1,20,NULL,NULL,113),(2740,2,20,NULL,NULL,123),(2741,1,20,NULL,NULL,114),(2742,1,20,NULL,NULL,116),(2743,1,20,NULL,NULL,117),(2744,2,20,NULL,NULL,118),(2745,1,20,NULL,NULL,119),(2746,1,20,NULL,NULL,120),(2747,1,20,NULL,NULL,121),(2748,2,20,NULL,NULL,115),(2749,1,20,NULL,NULL,140),(2750,2,20,NULL,NULL,71),(2751,0,20,NULL,NULL,69),(2752,0,20,NULL,NULL,32),(2753,0,20,NULL,NULL,31),(2754,0,20,NULL,NULL,30),(2755,0,20,NULL,NULL,29),(2756,0,20,NULL,NULL,28),(2757,2,20,NULL,NULL,27),(2758,1,20,NULL,NULL,26),(2759,1,20,NULL,NULL,25),(2760,1,20,NULL,NULL,24),(2761,1,20,NULL,NULL,23),(2762,1,20,NULL,NULL,22),(2763,1,20,NULL,NULL,21),(2764,1,20,NULL,NULL,20),(2765,1,20,NULL,NULL,19),(2766,1,20,NULL,NULL,18),(2767,1,20,NULL,NULL,17),(2768,1,20,NULL,NULL,16),(2769,1,20,NULL,NULL,2),(2770,1,20,NULL,NULL,3),(2771,1,20,NULL,NULL,4),(2772,1,20,NULL,NULL,5),(2773,1,20,NULL,NULL,6),(2774,1,20,NULL,NULL,7),(2775,0,20,NULL,NULL,33),(2776,1,20,NULL,NULL,8),(2777,1,20,NULL,NULL,10),(2778,1,20,NULL,NULL,11),(2779,1,20,NULL,NULL,12),(2780,1,20,NULL,NULL,13),(2781,1,20,NULL,NULL,14),(2782,1,20,NULL,NULL,15),(2783,1,20,NULL,NULL,9),(2784,0,20,NULL,NULL,34),(2785,2,20,NULL,NULL,35),(2786,0,20,NULL,NULL,36),(2787,0,20,NULL,NULL,55),(2788,0,20,NULL,NULL,56),(2789,0,20,NULL,NULL,57),(2790,0,20,NULL,NULL,58),(2791,0,20,NULL,NULL,59),(2792,0,20,NULL,NULL,60),(2793,2,20,NULL,NULL,54),(2794,0,20,NULL,NULL,61),(2795,0,20,NULL,NULL,63),(2796,0,20,NULL,NULL,64),(2797,2,20,NULL,NULL,65),(2798,0,20,NULL,NULL,66),(2799,0,20,NULL,NULL,67),(2800,0,20,NULL,NULL,68),(2801,0,20,NULL,NULL,62),(2802,0,20,NULL,NULL,70),(2803,0,20,NULL,NULL,53),(2804,0,20,NULL,NULL,51),(2805,0,20,NULL,NULL,37),(2806,0,20,NULL,NULL,38),(2807,0,20,NULL,NULL,39),(2808,0,20,NULL,NULL,40),(2809,0,20,NULL,NULL,41),(2810,0,20,NULL,NULL,42),(2811,0,20,NULL,NULL,52),(2812,0,20,NULL,NULL,43),(2813,0,20,NULL,NULL,45),(2814,0,20,NULL,NULL,46),(2815,0,20,NULL,NULL,47),(2816,0,20,NULL,NULL,48),(2817,0,20,NULL,NULL,49),(2818,0,20,NULL,NULL,50),(2819,2,20,NULL,NULL,44),(2820,1,20,NULL,NULL,141),(2821,1,21,NULL,NULL,1),(2822,1,21,NULL,NULL,103),(2823,1,21,NULL,NULL,102),(2824,1,21,NULL,NULL,101),(2825,1,21,NULL,NULL,100),(2826,1,21,NULL,NULL,99),(2827,1,21,NULL,NULL,98),(2828,1,21,NULL,NULL,97),(2829,1,21,NULL,NULL,96),(2830,1,21,NULL,NULL,95),(2831,1,21,NULL,NULL,94),(2832,1,21,NULL,NULL,93),(2833,2,21,NULL,NULL,92),(2834,2,21,NULL,NULL,91),(2835,2,21,NULL,NULL,90),(2836,1,21,NULL,NULL,89),(2837,1,21,NULL,NULL,88),(2838,1,21,NULL,NULL,87),(2839,0,21,NULL,NULL,73),(2840,0,21,NULL,NULL,74),(2841,1,21,NULL,NULL,75),(2842,1,21,NULL,NULL,76),(2843,1,21,NULL,NULL,77),(2844,1,21,NULL,NULL,78),(2845,1,21,NULL,NULL,104),(2846,1,21,NULL,NULL,79),(2847,1,21,NULL,NULL,81),(2848,1,21,NULL,NULL,82),(2849,1,21,NULL,NULL,83),(2850,1,21,NULL,NULL,84),(2851,1,21,NULL,NULL,85),(2852,1,21,NULL,NULL,86),(2853,1,21,NULL,NULL,80),(2854,1,21,NULL,NULL,105),(2855,1,21,NULL,NULL,106),(2856,1,21,NULL,NULL,107),(2857,2,21,NULL,NULL,126),(2858,0,21,NULL,NULL,127),(2859,0,21,NULL,NULL,128),(2860,1,21,NULL,NULL,129),(2861,1,21,NULL,NULL,130),(2862,1,21,NULL,NULL,131),(2863,0,21,NULL,NULL,125),(2864,1,21,NULL,NULL,132),(2865,0,21,NULL,NULL,134),(2866,0,21,NULL,NULL,135),(2867,0,21,NULL,NULL,136),(2868,1,21,NULL,NULL,137),(2869,1,21,NULL,NULL,138),(2870,1,21,NULL,NULL,139),(2871,2,21,NULL,NULL,133),(2872,0,21,NULL,NULL,72),(2873,0,21,NULL,NULL,124),(2874,1,21,NULL,NULL,122),(2875,2,21,NULL,NULL,108),(2876,2,21,NULL,NULL,109),(2877,1,21,NULL,NULL,110),(2878,1,21,NULL,NULL,111),(2879,2,21,NULL,NULL,112),(2880,1,21,NULL,NULL,113),(2881,2,21,NULL,NULL,123),(2882,1,21,NULL,NULL,114),(2883,1,21,NULL,NULL,116),(2884,1,21,NULL,NULL,117),(2885,2,21,NULL,NULL,118),(2886,1,21,NULL,NULL,119),(2887,1,21,NULL,NULL,120),(2888,1,21,NULL,NULL,121),(2889,2,21,NULL,NULL,115),(2890,1,21,NULL,NULL,140),(2891,2,21,NULL,NULL,71),(2892,0,21,NULL,NULL,69),(2893,0,21,NULL,NULL,32),(2894,0,21,NULL,NULL,31),(2895,0,21,NULL,NULL,30),(2896,0,21,NULL,NULL,29),(2897,0,21,NULL,NULL,28),(2898,2,21,NULL,NULL,27),(2899,1,21,NULL,NULL,26),(2900,1,21,NULL,NULL,25),(2901,1,21,NULL,NULL,24),(2902,1,21,NULL,NULL,23),(2903,1,21,NULL,NULL,22),(2904,1,21,NULL,NULL,21),(2905,1,21,NULL,NULL,20),(2906,1,21,NULL,NULL,19),(2907,1,21,NULL,NULL,18),(2908,1,21,NULL,NULL,17),(2909,1,21,NULL,NULL,16),(2910,1,21,NULL,NULL,2),(2911,1,21,NULL,NULL,3),(2912,1,21,NULL,NULL,4),(2913,1,21,NULL,NULL,5),(2914,1,21,NULL,NULL,6),(2915,1,21,NULL,NULL,7),(2916,0,21,NULL,NULL,33),(2917,1,21,NULL,NULL,8),(2918,1,21,NULL,NULL,10),(2919,1,21,NULL,NULL,11),(2920,1,21,NULL,NULL,12),(2921,1,21,NULL,NULL,13),(2922,1,21,NULL,NULL,14),(2923,1,21,NULL,NULL,15),(2924,1,21,NULL,NULL,9),(2925,0,21,NULL,NULL,34),(2926,2,21,NULL,NULL,35),(2927,0,21,NULL,NULL,36),(2928,0,21,NULL,NULL,55),(2929,0,21,NULL,NULL,56),(2930,0,21,NULL,NULL,57),(2931,0,21,NULL,NULL,58),(2932,0,21,NULL,NULL,59),(2933,0,21,NULL,NULL,60),(2934,2,21,NULL,NULL,54),(2935,0,21,NULL,NULL,61),(2936,0,21,NULL,NULL,63),(2937,0,21,NULL,NULL,64),(2938,2,21,NULL,NULL,65),(2939,0,21,NULL,NULL,66),(2940,0,21,NULL,NULL,67),(2941,0,21,NULL,NULL,68),(2942,0,21,NULL,NULL,62),(2943,0,21,NULL,NULL,70),(2944,0,21,NULL,NULL,53),(2945,0,21,NULL,NULL,51),(2946,0,21,NULL,NULL,37),(2947,0,21,NULL,NULL,38),(2948,0,21,NULL,NULL,39),(2949,0,21,NULL,NULL,40),(2950,0,21,NULL,NULL,41),(2951,0,21,NULL,NULL,42),(2952,0,21,NULL,NULL,52),(2953,0,21,NULL,NULL,43),(2954,0,21,NULL,NULL,45),(2955,0,21,NULL,NULL,46),(2956,0,21,NULL,NULL,47),(2957,0,21,NULL,NULL,48),(2958,0,21,NULL,NULL,49),(2959,0,21,NULL,NULL,50),(2960,2,21,NULL,NULL,44),(2961,1,21,NULL,NULL,141),(2962,1,22,'Aquí se incluyó una nota de la pregunta número 1',NULL,1),(2963,1,22,NULL,NULL,103),(2964,1,22,NULL,NULL,102),(2965,1,22,NULL,NULL,101),(2966,1,22,NULL,NULL,100),(2967,1,22,NULL,NULL,99),(2968,1,22,NULL,NULL,98),(2969,1,22,NULL,NULL,97),(2970,1,22,NULL,NULL,96),(2971,1,22,NULL,NULL,95),(2972,1,22,NULL,NULL,94),(2973,1,22,NULL,NULL,93),(2974,2,22,NULL,NULL,92),(2975,2,22,NULL,NULL,91),(2976,2,22,NULL,NULL,90),(2977,1,22,NULL,NULL,89),(2978,1,22,NULL,NULL,88),(2979,1,22,NULL,NULL,87),(2980,0,22,NULL,NULL,73),(2981,0,22,NULL,NULL,74),(2982,1,22,NULL,NULL,75),(2983,1,22,NULL,NULL,76),(2984,1,22,NULL,NULL,77),(2985,1,22,NULL,NULL,78),(2986,2,22,NULL,NULL,104),(2987,1,22,NULL,NULL,79),(2988,1,22,NULL,NULL,81),(2989,1,22,NULL,NULL,82),(2990,1,22,NULL,NULL,83),(2991,1,22,NULL,NULL,84),(2992,1,22,NULL,NULL,85),(2993,1,22,NULL,NULL,86),(2994,1,22,NULL,NULL,80),(2995,1,22,NULL,NULL,105),(2996,1,22,NULL,NULL,106),(2997,1,22,NULL,NULL,107),(2998,2,22,NULL,NULL,126),(2999,0,22,NULL,NULL,127),(3000,0,22,NULL,NULL,128),(3001,1,22,NULL,NULL,129),(3002,1,22,NULL,NULL,130),(3003,1,22,NULL,NULL,131),(3004,0,22,NULL,NULL,125),(3005,1,22,NULL,NULL,132),(3006,0,22,NULL,NULL,134),(3007,0,22,NULL,NULL,135),(3008,0,22,NULL,NULL,136),(3009,1,22,NULL,NULL,137),(3010,1,22,NULL,NULL,138),(3011,1,22,NULL,NULL,139),(3012,2,22,NULL,NULL,133),(3013,0,22,NULL,NULL,72),(3014,0,22,NULL,NULL,124),(3015,1,22,NULL,NULL,122),(3016,2,22,NULL,NULL,108),(3017,2,22,NULL,NULL,109),(3018,1,22,NULL,NULL,110),(3019,1,22,NULL,NULL,111),(3020,2,22,NULL,NULL,112),(3021,1,22,NULL,NULL,113),(3022,2,22,NULL,NULL,123),(3023,1,22,NULL,NULL,114),(3024,1,22,NULL,NULL,116),(3025,1,22,NULL,NULL,117),(3026,2,22,NULL,NULL,118),(3027,1,22,NULL,NULL,119),(3028,1,22,NULL,NULL,120),(3029,1,22,NULL,NULL,121),(3030,2,22,NULL,NULL,115),(3031,1,22,NULL,NULL,140),(3032,2,22,NULL,NULL,71),(3033,0,22,NULL,NULL,69),(3034,0,22,NULL,NULL,32),(3035,0,22,NULL,NULL,31),(3036,0,22,NULL,NULL,30),(3037,0,22,NULL,NULL,29),(3038,0,22,NULL,NULL,28),(3039,2,22,NULL,NULL,27),(3040,1,22,NULL,NULL,26),(3041,1,22,NULL,NULL,25),(3042,1,22,NULL,NULL,24),(3043,1,22,NULL,NULL,23),(3044,1,22,NULL,NULL,22),(3045,1,22,NULL,NULL,21),(3046,1,22,NULL,NULL,20),(3047,1,22,NULL,NULL,19),(3048,1,22,NULL,NULL,18),(3049,1,22,NULL,NULL,17),(3050,1,22,NULL,NULL,16),(3051,1,22,NULL,NULL,2),(3052,1,22,NULL,NULL,3),(3053,1,22,NULL,NULL,4),(3054,1,22,NULL,NULL,5),(3055,1,22,NULL,NULL,6),(3056,1,22,NULL,NULL,7),(3057,0,22,NULL,NULL,33),(3058,1,22,NULL,NULL,8),(3059,1,22,NULL,NULL,10),(3060,1,22,NULL,NULL,11),(3061,1,22,NULL,NULL,12),(3062,1,22,NULL,NULL,13),(3063,1,22,NULL,NULL,14),(3064,1,22,NULL,NULL,15),(3065,1,22,NULL,NULL,9),(3066,0,22,NULL,NULL,34),(3067,2,22,NULL,NULL,35),(3068,0,22,NULL,NULL,36),(3069,0,22,NULL,NULL,55),(3070,0,22,NULL,NULL,56),(3071,0,22,NULL,NULL,57),(3072,0,22,NULL,NULL,58),(3073,0,22,NULL,NULL,59),(3074,0,22,NULL,NULL,60),(3075,2,22,NULL,NULL,54),(3076,0,22,NULL,NULL,61),(3077,0,22,NULL,NULL,63),(3078,0,22,NULL,NULL,64),(3079,2,22,NULL,NULL,65),(3080,0,22,NULL,NULL,66),(3081,0,22,NULL,NULL,67),(3082,0,22,NULL,NULL,68),(3083,0,22,NULL,NULL,62),(3084,0,22,NULL,NULL,70),(3085,0,22,NULL,NULL,53),(3086,0,22,NULL,NULL,51),(3087,0,22,NULL,NULL,37),(3088,0,22,NULL,NULL,38),(3089,0,22,NULL,NULL,39),(3090,0,22,NULL,NULL,40),(3091,0,22,NULL,NULL,41),(3092,0,22,NULL,NULL,42),(3093,0,22,NULL,NULL,52),(3094,0,22,NULL,NULL,43),(3095,0,22,NULL,NULL,45),(3096,0,22,NULL,NULL,46),(3097,0,22,NULL,NULL,47),(3098,0,22,NULL,NULL,48),(3099,0,22,NULL,NULL,49),(3100,0,22,NULL,NULL,50),(3101,2,22,NULL,NULL,44),(3102,1,22,NULL,NULL,141),(3103,1,23,'Aquí se incluyó una nota de la pregunta número 1',NULL,1),(3104,1,23,NULL,NULL,103),(3105,1,23,NULL,NULL,102),(3106,1,23,NULL,NULL,101),(3107,1,23,NULL,NULL,100),(3108,1,23,NULL,NULL,99),(3109,1,23,NULL,NULL,98),(3110,1,23,NULL,NULL,97),(3111,1,23,NULL,NULL,96),(3112,1,23,NULL,NULL,95),(3113,1,23,NULL,NULL,94),(3114,1,23,NULL,NULL,93),(3115,2,23,NULL,NULL,92),(3116,2,23,NULL,NULL,91),(3117,2,23,NULL,NULL,90),(3118,1,23,NULL,NULL,89),(3119,1,23,NULL,NULL,88),(3120,1,23,NULL,NULL,87),(3121,0,23,NULL,NULL,73),(3122,0,23,NULL,NULL,74),(3123,1,23,NULL,NULL,75),(3124,1,23,NULL,NULL,76),(3125,1,23,NULL,NULL,77),(3126,1,23,NULL,NULL,78),(3127,2,23,NULL,NULL,104),(3128,1,23,NULL,NULL,79),(3129,1,23,NULL,NULL,81),(3130,1,23,NULL,NULL,82),(3131,1,23,NULL,NULL,83),(3132,1,23,NULL,NULL,84),(3133,1,23,NULL,NULL,85),(3134,1,23,NULL,NULL,86),(3135,1,23,NULL,NULL,80),(3136,1,23,NULL,NULL,105),(3137,1,23,NULL,NULL,106),(3138,1,23,NULL,NULL,107),(3139,2,23,NULL,NULL,126),(3140,0,23,NULL,NULL,127),(3141,0,23,NULL,NULL,128),(3142,1,23,NULL,NULL,129),(3143,1,23,NULL,NULL,130),(3144,1,23,NULL,NULL,131),(3145,0,23,NULL,NULL,125),(3146,1,23,NULL,NULL,132),(3147,0,23,NULL,NULL,134),(3148,0,23,NULL,NULL,135),(3149,0,23,NULL,NULL,136),(3150,1,23,NULL,NULL,137),(3151,1,23,NULL,NULL,138),(3152,1,23,NULL,NULL,139),(3153,2,23,NULL,NULL,133),(3154,0,23,NULL,NULL,72),(3155,0,23,NULL,NULL,124),(3156,1,23,NULL,NULL,122),(3157,2,23,NULL,NULL,108),(3158,2,23,NULL,NULL,109),(3159,1,23,NULL,NULL,110),(3160,1,23,NULL,NULL,111),(3161,2,23,NULL,NULL,112),(3162,1,23,NULL,NULL,113),(3163,2,23,NULL,NULL,123),(3164,1,23,NULL,NULL,114),(3165,1,23,NULL,NULL,116),(3166,1,23,NULL,NULL,117),(3167,2,23,NULL,NULL,118),(3168,1,23,NULL,NULL,119),(3169,1,23,NULL,NULL,120),(3170,1,23,NULL,NULL,121),(3171,2,23,NULL,NULL,115),(3172,1,23,NULL,NULL,140),(3173,2,23,NULL,NULL,71),(3174,0,23,NULL,NULL,69),(3175,0,23,NULL,NULL,32),(3176,0,23,NULL,NULL,31),(3177,0,23,NULL,NULL,30),(3178,0,23,NULL,NULL,29),(3179,0,23,NULL,NULL,28),(3180,2,23,NULL,NULL,27),(3181,1,23,NULL,NULL,26),(3182,1,23,NULL,NULL,25),(3183,1,23,NULL,NULL,24),(3184,1,23,NULL,NULL,23),(3185,1,23,NULL,NULL,22),(3186,1,23,NULL,NULL,21),(3187,1,23,NULL,NULL,20),(3188,1,23,NULL,NULL,19),(3189,1,23,NULL,NULL,18),(3190,1,23,NULL,NULL,17),(3191,1,23,NULL,NULL,16),(3192,1,23,NULL,NULL,2),(3193,1,23,NULL,NULL,3),(3194,1,23,NULL,NULL,4),(3195,1,23,NULL,NULL,5),(3196,1,23,NULL,NULL,6),(3197,1,23,NULL,NULL,7),(3198,0,23,NULL,NULL,33),(3199,1,23,NULL,NULL,8),(3200,1,23,NULL,NULL,10),(3201,1,23,NULL,NULL,11),(3202,1,23,NULL,NULL,12),(3203,1,23,NULL,NULL,13),(3204,1,23,NULL,NULL,14),(3205,1,23,NULL,NULL,15),(3206,1,23,NULL,NULL,9),(3207,0,23,NULL,NULL,34),(3208,2,23,NULL,NULL,35),(3209,0,23,NULL,NULL,36),(3210,0,23,NULL,NULL,55),(3211,0,23,NULL,NULL,56),(3212,0,23,NULL,NULL,57),(3213,0,23,NULL,NULL,58),(3214,0,23,NULL,NULL,59),(3215,0,23,NULL,NULL,60),(3216,2,23,NULL,NULL,54),(3217,0,23,NULL,NULL,61),(3218,0,23,NULL,NULL,63),(3219,0,23,NULL,NULL,64),(3220,2,23,NULL,NULL,65),(3221,0,23,NULL,NULL,66),(3222,0,23,NULL,NULL,67),(3223,0,23,NULL,NULL,68),(3224,0,23,NULL,NULL,62),(3225,0,23,NULL,NULL,70),(3226,0,23,NULL,NULL,53),(3227,0,23,NULL,NULL,51),(3228,0,23,NULL,NULL,37),(3229,0,23,NULL,NULL,38),(3230,0,23,NULL,NULL,39),(3231,0,23,NULL,NULL,40),(3232,0,23,NULL,NULL,41),(3233,0,23,NULL,NULL,42),(3234,0,23,NULL,NULL,52),(3235,0,23,NULL,NULL,43),(3236,0,23,NULL,NULL,45),(3237,0,23,NULL,NULL,46),(3238,0,23,NULL,NULL,47),(3239,0,23,NULL,NULL,48),(3240,0,23,NULL,NULL,49),(3241,0,23,NULL,NULL,50),(3242,2,23,NULL,NULL,44),(3243,1,23,NULL,NULL,141),(3244,1,24,'Aquí se incluyó una nota de la pregunta número 1',NULL,1),(3245,1,24,NULL,NULL,103),(3246,1,24,NULL,NULL,102),(3247,1,24,NULL,NULL,101),(3248,1,24,NULL,NULL,100),(3249,1,24,NULL,NULL,99),(3250,1,24,NULL,NULL,98),(3251,1,24,NULL,NULL,97),(3252,1,24,NULL,NULL,96),(3253,1,24,NULL,NULL,95),(3254,1,24,NULL,NULL,94),(3255,1,24,NULL,NULL,93),(3256,2,24,NULL,NULL,92),(3257,2,24,NULL,NULL,91),(3258,2,24,NULL,NULL,90),(3259,1,24,NULL,NULL,89),(3260,1,24,NULL,NULL,88),(3261,1,24,NULL,NULL,87),(3262,0,24,NULL,NULL,73),(3263,0,24,NULL,NULL,74),(3264,1,24,NULL,NULL,75),(3265,1,24,NULL,NULL,76),(3266,1,24,NULL,NULL,77),(3267,1,24,NULL,NULL,78),(3268,2,24,NULL,NULL,104),(3269,1,24,NULL,NULL,79),(3270,1,24,NULL,NULL,81),(3271,1,24,NULL,NULL,82),(3272,1,24,NULL,NULL,83),(3273,1,24,NULL,NULL,84),(3274,1,24,NULL,NULL,85),(3275,1,24,NULL,NULL,86),(3276,1,24,NULL,NULL,80),(3277,1,24,NULL,NULL,105),(3278,1,24,NULL,NULL,106),(3279,1,24,NULL,NULL,107),(3280,2,24,NULL,NULL,126),(3281,0,24,NULL,NULL,127),(3282,0,24,NULL,NULL,128),(3283,1,24,NULL,NULL,129),(3284,1,24,NULL,NULL,130),(3285,1,24,NULL,NULL,131),(3286,0,24,NULL,NULL,125),(3287,1,24,NULL,NULL,132),(3288,0,24,NULL,NULL,134),(3289,0,24,NULL,NULL,135),(3290,0,24,NULL,NULL,136),(3291,1,24,NULL,NULL,137),(3292,1,24,NULL,NULL,138),(3293,1,24,NULL,NULL,139),(3294,2,24,NULL,NULL,133),(3295,0,24,NULL,NULL,72),(3296,0,24,NULL,NULL,124),(3297,1,24,NULL,NULL,122),(3298,2,24,NULL,NULL,108),(3299,2,24,NULL,NULL,109),(3300,1,24,NULL,NULL,110),(3301,1,24,NULL,NULL,111),(3302,2,24,NULL,NULL,112),(3303,1,24,NULL,NULL,113),(3304,2,24,NULL,NULL,123),(3305,1,24,NULL,NULL,114),(3306,1,24,NULL,NULL,116),(3307,1,24,NULL,NULL,117),(3308,2,24,NULL,NULL,118),(3309,1,24,NULL,NULL,119),(3310,1,24,NULL,NULL,120),(3311,1,24,NULL,NULL,121),(3312,2,24,NULL,NULL,115),(3313,1,24,NULL,NULL,140),(3314,2,24,NULL,NULL,71),(3315,0,24,NULL,NULL,69),(3316,0,24,NULL,NULL,32),(3317,0,24,NULL,NULL,31),(3318,0,24,NULL,NULL,30),(3319,0,24,NULL,NULL,29),(3320,0,24,NULL,NULL,28),(3321,2,24,NULL,NULL,27),(3322,1,24,NULL,NULL,26),(3323,1,24,NULL,NULL,25),(3324,1,24,NULL,NULL,24),(3325,1,24,NULL,NULL,23),(3326,1,24,NULL,NULL,22),(3327,1,24,NULL,NULL,21),(3328,1,24,NULL,NULL,20),(3329,1,24,NULL,NULL,19),(3330,1,24,NULL,NULL,18),(3331,1,24,NULL,NULL,17),(3332,1,24,NULL,NULL,16),(3333,1,24,NULL,NULL,2),(3334,1,24,NULL,NULL,3),(3335,1,24,NULL,NULL,4),(3336,1,24,NULL,NULL,5),(3337,1,24,NULL,NULL,6),(3338,1,24,NULL,NULL,7),(3339,0,24,NULL,NULL,33),(3340,1,24,NULL,NULL,8),(3341,1,24,NULL,NULL,10),(3342,1,24,NULL,NULL,11),(3343,1,24,NULL,NULL,12),(3344,1,24,NULL,NULL,13),(3345,1,24,NULL,NULL,14),(3346,1,24,NULL,NULL,15),(3347,1,24,NULL,NULL,9),(3348,0,24,NULL,NULL,34),(3349,2,24,NULL,NULL,35),(3350,0,24,NULL,NULL,36),(3351,0,24,NULL,NULL,55),(3352,0,24,NULL,NULL,56),(3353,0,24,NULL,NULL,57),(3354,0,24,NULL,NULL,58),(3355,0,24,NULL,NULL,59),(3356,0,24,NULL,NULL,60),(3357,2,24,NULL,NULL,54),(3358,0,24,NULL,NULL,61),(3359,0,24,NULL,NULL,63),(3360,0,24,NULL,NULL,64),(3361,2,24,NULL,NULL,65),(3362,0,24,NULL,NULL,66),(3363,0,24,NULL,NULL,67),(3364,0,24,NULL,NULL,68),(3365,0,24,NULL,NULL,62),(3366,0,24,NULL,NULL,70),(3367,0,24,NULL,NULL,53),(3368,0,24,NULL,NULL,51),(3369,0,24,NULL,NULL,37),(3370,0,24,NULL,NULL,38),(3371,0,24,NULL,NULL,39),(3372,0,24,NULL,NULL,40),(3373,0,24,NULL,NULL,41),(3374,0,24,NULL,NULL,42),(3375,0,24,NULL,NULL,52),(3376,0,24,NULL,NULL,43),(3377,0,24,NULL,NULL,45),(3378,0,24,NULL,NULL,46),(3379,0,24,NULL,NULL,47),(3380,0,24,NULL,NULL,48),(3381,0,24,NULL,NULL,49),(3382,0,24,NULL,NULL,50),(3383,2,24,NULL,NULL,44),(3384,1,24,NULL,NULL,141),(3385,1,25,NULL,NULL,1),(3386,2,25,NULL,NULL,103),(3387,1,25,NULL,NULL,102),(3388,1,25,NULL,NULL,101),(3389,1,25,NULL,NULL,100),(3390,2,25,NULL,NULL,99),(3391,2,25,NULL,NULL,98),(3392,1,25,NULL,NULL,97),(3393,1,25,NULL,NULL,96),(3394,1,25,NULL,NULL,95),(3395,1,25,NULL,NULL,94),(3396,1,25,NULL,NULL,93),(3397,2,25,NULL,NULL,92),(3398,1,25,NULL,NULL,91),(3399,2,25,NULL,NULL,90),(3400,2,25,NULL,NULL,89),(3401,1,25,NULL,NULL,88),(3402,1,25,NULL,NULL,87),(3403,0,25,NULL,NULL,73),(3404,0,25,NULL,NULL,74),(3405,1,25,NULL,NULL,75),(3406,1,25,NULL,NULL,76),(3407,1,25,NULL,NULL,77),(3408,2,25,NULL,NULL,78),(3409,1,25,NULL,NULL,104),(3410,1,25,NULL,NULL,79),(3411,2,25,NULL,NULL,81),(3412,1,25,NULL,NULL,82),(3413,1,25,NULL,NULL,83),(3414,1,25,NULL,NULL,84),(3415,1,25,NULL,NULL,85),(3416,1,25,NULL,NULL,86),(3417,2,25,NULL,NULL,80),(3418,2,25,NULL,NULL,105),(3419,2,25,NULL,NULL,106),(3420,2,25,NULL,NULL,107),(3421,2,25,NULL,NULL,126),(3422,1,25,NULL,NULL,127),(3423,2,25,NULL,NULL,128),(3424,1,25,NULL,NULL,129),(3425,1,25,NULL,NULL,130),(3426,2,25,NULL,NULL,131),(3427,2,25,NULL,NULL,125),(3428,1,25,NULL,NULL,132),(3429,1,25,NULL,NULL,134),(3430,1,25,NULL,NULL,135),(3431,1,25,NULL,NULL,136),(3432,1,25,NULL,NULL,137),(3433,1,25,NULL,NULL,138),(3434,1,25,NULL,NULL,139),(3435,1,25,NULL,NULL,133),(3436,0,25,NULL,NULL,72),(3437,2,25,NULL,NULL,124),(3438,2,25,NULL,NULL,122),(3439,2,25,NULL,NULL,108),(3440,2,25,NULL,NULL,109),(3441,1,25,NULL,NULL,110),(3442,1,25,NULL,NULL,111),(3443,1,25,NULL,NULL,112),(3444,1,25,NULL,NULL,113),(3445,1,25,NULL,NULL,123),(3446,1,25,NULL,NULL,114),(3447,1,25,NULL,NULL,116),(3448,1,25,NULL,NULL,117),(3449,1,25,NULL,NULL,118),(3450,2,25,NULL,NULL,119),(3451,2,25,NULL,NULL,120),(3452,2,25,NULL,NULL,121),(3453,2,25,NULL,NULL,115),(3454,1,25,NULL,NULL,140),(3455,2,25,NULL,NULL,71),(3456,1,25,NULL,NULL,69),(3457,2,25,NULL,NULL,32),(3458,1,25,NULL,NULL,31),(3459,1,25,NULL,NULL,30),(3460,1,25,NULL,NULL,29),(3461,2,25,NULL,NULL,28),(3462,1,25,NULL,NULL,27),(3463,1,25,NULL,NULL,26),(3464,1,25,NULL,NULL,25),(3465,2,25,NULL,NULL,24),(3466,2,25,NULL,NULL,23),(3467,1,25,NULL,NULL,22),(3468,1,25,NULL,NULL,21),(3469,1,25,NULL,NULL,20),(3470,1,25,NULL,NULL,19),(3471,1,25,NULL,NULL,18),(3472,1,25,NULL,NULL,17),(3473,1,25,NULL,NULL,16),(3474,2,25,NULL,NULL,2),(3475,1,25,NULL,NULL,3),(3476,1,25,NULL,NULL,4),(3477,2,25,NULL,NULL,5),(3478,1,25,NULL,NULL,6),(3479,1,25,NULL,NULL,7),(3480,2,25,NULL,NULL,33),(3481,2,25,NULL,NULL,8),(3482,1,25,NULL,NULL,10),(3483,1,25,NULL,NULL,11),(3484,1,25,NULL,NULL,12),(3485,1,25,NULL,NULL,13),(3486,2,25,NULL,NULL,14),(3487,1,25,NULL,NULL,15),(3488,2,25,NULL,NULL,9),(3489,2,25,NULL,NULL,34),(3490,1,25,NULL,NULL,35),(3491,1,25,NULL,NULL,36),(3492,1,25,NULL,NULL,55),(3493,1,25,NULL,NULL,56),(3494,1,25,NULL,NULL,57),(3495,1,25,NULL,NULL,58),(3496,1,25,NULL,NULL,59),(3497,1,25,NULL,NULL,60),(3498,1,25,NULL,NULL,54),(3499,1,25,NULL,NULL,61),(3500,1,25,NULL,NULL,63),(3501,2,25,NULL,NULL,64),(3502,1,25,NULL,NULL,65),(3503,2,25,NULL,NULL,66),(3504,2,25,NULL,NULL,67),(3505,2,25,NULL,NULL,68),(3506,1,25,NULL,NULL,62),(3507,1,25,NULL,NULL,70),(3508,1,25,NULL,NULL,53),(3509,1,25,NULL,NULL,51),(3510,2,25,NULL,NULL,37),(3511,2,25,NULL,NULL,38),(3512,1,25,NULL,NULL,39),(3513,2,25,NULL,NULL,40),(3514,1,25,NULL,NULL,41),(3515,2,25,NULL,NULL,42),(3516,1,25,NULL,NULL,52),(3517,1,25,NULL,NULL,43),(3518,2,25,NULL,NULL,45),(3519,1,25,NULL,NULL,46),(3520,2,25,NULL,NULL,47),(3521,1,25,NULL,NULL,48),(3522,2,25,NULL,NULL,49),(3523,2,25,NULL,NULL,50),(3524,1,25,NULL,NULL,44),(3525,2,25,NULL,NULL,141),(3526,1,26,NULL,NULL,1),(3527,2,26,NULL,NULL,103),(3528,1,26,NULL,NULL,102),(3529,1,26,NULL,NULL,101),(3530,1,26,NULL,NULL,100),(3531,2,26,NULL,NULL,99),(3532,2,26,NULL,NULL,98),(3533,1,26,NULL,NULL,97),(3534,1,26,NULL,NULL,96),(3535,1,26,NULL,NULL,95),(3536,1,26,NULL,NULL,94),(3537,1,26,NULL,NULL,93),(3538,2,26,NULL,NULL,92),(3539,1,26,NULL,NULL,91),(3540,2,26,NULL,NULL,90),(3541,2,26,NULL,NULL,89),(3542,1,26,NULL,NULL,88),(3543,1,26,NULL,NULL,87),(3544,0,26,NULL,NULL,73),(3545,0,26,NULL,NULL,74),(3546,1,26,NULL,NULL,75),(3547,1,26,NULL,NULL,76),(3548,1,26,NULL,NULL,77),(3549,1,26,NULL,NULL,78),(3550,1,26,NULL,NULL,104),(3551,1,26,NULL,NULL,79),(3552,2,26,NULL,NULL,81),(3553,1,26,NULL,NULL,82),(3554,1,26,NULL,NULL,83),(3555,1,26,NULL,NULL,84),(3556,1,26,NULL,NULL,85),(3557,1,26,NULL,NULL,86),(3558,2,26,NULL,NULL,80),(3559,2,26,NULL,NULL,105),(3560,2,26,NULL,NULL,106),(3561,2,26,NULL,NULL,107),(3562,1,26,NULL,NULL,126),(3563,1,26,NULL,NULL,127),(3564,2,26,NULL,NULL,128),(3565,1,26,NULL,NULL,129),(3566,1,26,NULL,NULL,130),(3567,2,26,NULL,NULL,131),(3568,2,26,NULL,NULL,125),(3569,1,26,NULL,NULL,132),(3570,1,26,NULL,NULL,134),(3571,1,26,NULL,NULL,135),(3572,1,26,NULL,NULL,136),(3573,1,26,NULL,NULL,137),(3574,1,26,NULL,NULL,138),(3575,1,26,NULL,NULL,139),(3576,1,26,NULL,NULL,133),(3577,0,26,NULL,NULL,72),(3578,2,26,NULL,NULL,124),(3579,2,26,NULL,NULL,122),(3580,2,26,NULL,NULL,108),(3581,2,26,NULL,NULL,109),(3582,1,26,NULL,NULL,110),(3583,1,26,NULL,NULL,111),(3584,1,26,NULL,NULL,112),(3585,1,26,NULL,NULL,113),(3586,1,26,NULL,NULL,123),(3587,1,26,NULL,NULL,114),(3588,1,26,NULL,NULL,116),(3589,1,26,NULL,NULL,117),(3590,1,26,NULL,NULL,118),(3591,2,26,NULL,NULL,119),(3592,2,26,NULL,NULL,120),(3593,2,26,NULL,NULL,121),(3594,2,26,NULL,NULL,115),(3595,1,26,NULL,NULL,140),(3596,2,26,NULL,NULL,71),(3597,1,26,NULL,NULL,69),(3598,2,26,NULL,NULL,32),(3599,1,26,NULL,NULL,31),(3600,1,26,NULL,NULL,30),(3601,1,26,NULL,NULL,29),(3602,2,26,NULL,NULL,28),(3603,1,26,NULL,NULL,27),(3604,1,26,NULL,NULL,26),(3605,1,26,NULL,NULL,25),(3606,2,26,NULL,NULL,24),(3607,2,26,NULL,NULL,23),(3608,1,26,NULL,NULL,22),(3609,1,26,NULL,NULL,21),(3610,1,26,NULL,NULL,20),(3611,1,26,NULL,NULL,19),(3612,1,26,NULL,NULL,18),(3613,1,26,NULL,NULL,17),(3614,1,26,NULL,NULL,16),(3615,1,26,NULL,NULL,2),(3616,1,26,NULL,NULL,3),(3617,1,26,NULL,NULL,4),(3618,1,26,NULL,NULL,5),(3619,1,26,NULL,NULL,6),(3620,1,26,NULL,NULL,7),(3621,2,26,NULL,NULL,33),(3622,2,26,NULL,NULL,8),(3623,1,26,NULL,NULL,10),(3624,1,26,NULL,NULL,11),(3625,1,26,NULL,NULL,12),(3626,1,26,NULL,NULL,13),(3627,2,26,NULL,NULL,14),(3628,1,26,NULL,NULL,15),(3629,2,26,NULL,NULL,9),(3630,2,26,NULL,NULL,34),(3631,1,26,NULL,NULL,35),(3632,1,26,NULL,NULL,36),(3633,1,26,NULL,NULL,55),(3634,1,26,NULL,NULL,56),(3635,1,26,NULL,NULL,57),(3636,1,26,NULL,NULL,58),(3637,1,26,NULL,NULL,59),(3638,1,26,NULL,NULL,60),(3639,1,26,NULL,NULL,54),(3640,1,26,NULL,NULL,61),(3641,1,26,NULL,NULL,63),(3642,2,26,NULL,NULL,64),(3643,1,26,NULL,NULL,65),(3644,2,26,NULL,NULL,66),(3645,2,26,NULL,NULL,67),(3646,2,26,NULL,NULL,68),(3647,1,26,NULL,NULL,62),(3648,1,26,NULL,NULL,70),(3649,1,26,NULL,NULL,53),(3650,1,26,NULL,NULL,51),(3651,1,26,NULL,NULL,37),(3652,1,26,NULL,NULL,38),(3653,1,26,NULL,NULL,39),(3654,2,26,NULL,NULL,40),(3655,1,26,NULL,NULL,41),(3656,2,26,NULL,NULL,42),(3657,1,26,NULL,NULL,52),(3658,1,26,NULL,NULL,43),(3659,2,26,NULL,NULL,45),(3660,1,26,NULL,NULL,46),(3661,2,26,NULL,NULL,47),(3662,1,26,NULL,NULL,48),(3663,2,26,NULL,NULL,49),(3664,2,26,NULL,NULL,50),(3665,1,26,NULL,NULL,44),(3666,2,26,NULL,NULL,141),(3667,1,27,NULL,NULL,1),(3668,2,27,NULL,NULL,103),(3669,1,27,NULL,NULL,102),(3670,1,27,NULL,NULL,101),(3671,1,27,NULL,NULL,100),(3672,2,27,NULL,NULL,99),(3673,2,27,NULL,NULL,98),(3674,1,27,NULL,NULL,97),(3675,1,27,NULL,NULL,96),(3676,1,27,NULL,NULL,95),(3677,1,27,NULL,NULL,94),(3678,1,27,NULL,NULL,93),(3679,2,27,NULL,NULL,92),(3680,1,27,NULL,NULL,91),(3681,2,27,NULL,NULL,90),(3682,1,27,NULL,NULL,89),(3683,1,27,NULL,NULL,88),(3684,1,27,NULL,NULL,87),(3685,0,27,NULL,NULL,73),(3686,0,27,NULL,NULL,74),(3687,1,27,NULL,NULL,75),(3688,1,27,NULL,NULL,76),(3689,1,27,NULL,NULL,77),(3690,1,27,NULL,NULL,78),(3691,2,27,NULL,NULL,104),(3692,1,27,NULL,NULL,79),(3693,2,27,NULL,NULL,81),(3694,1,27,NULL,NULL,82),(3695,1,27,NULL,NULL,83),(3696,1,27,NULL,NULL,84),(3697,1,27,NULL,NULL,85),(3698,1,27,NULL,NULL,86),(3699,2,27,NULL,NULL,80),(3700,2,27,NULL,NULL,105),(3701,2,27,NULL,NULL,106),(3702,2,27,NULL,NULL,107),(3703,1,27,NULL,NULL,126),(3704,1,27,NULL,NULL,127),(3705,1,27,NULL,NULL,128),(3706,1,27,NULL,NULL,129),(3707,1,27,NULL,NULL,130),(3708,2,27,NULL,NULL,131),(3709,2,27,NULL,NULL,125),(3710,1,27,NULL,NULL,132),(3711,1,27,NULL,NULL,134),(3712,1,27,NULL,NULL,135),(3713,1,27,NULL,NULL,136),(3714,1,27,NULL,NULL,137),(3715,1,27,NULL,NULL,138),(3716,1,27,NULL,NULL,139),(3717,1,27,NULL,NULL,133),(3718,0,27,NULL,NULL,72),(3719,2,27,NULL,NULL,124),(3720,2,27,NULL,NULL,122),(3721,2,27,NULL,NULL,108),(3722,2,27,NULL,NULL,109),(3723,1,27,NULL,NULL,110),(3724,1,27,NULL,NULL,111),(3725,2,27,NULL,NULL,112),(3726,1,27,NULL,NULL,113),(3727,1,27,NULL,NULL,123),(3728,1,27,NULL,NULL,114),(3729,1,27,NULL,NULL,116),(3730,1,27,NULL,NULL,117),(3731,1,27,NULL,NULL,118),(3732,2,27,NULL,NULL,119),(3733,2,27,NULL,NULL,120),(3734,2,27,NULL,NULL,121),(3735,2,27,NULL,NULL,115),(3736,1,27,NULL,NULL,140),(3737,2,27,NULL,NULL,71),(3738,1,27,NULL,NULL,69),(3739,1,27,NULL,NULL,32),(3740,1,27,NULL,NULL,31),(3741,1,27,NULL,NULL,30),(3742,1,27,NULL,NULL,29),(3743,2,27,NULL,NULL,28),(3744,1,27,NULL,NULL,27),(3745,1,27,NULL,NULL,26),(3746,1,27,NULL,NULL,25),(3747,2,27,NULL,NULL,24),(3748,2,27,NULL,NULL,23),(3749,1,27,NULL,NULL,22),(3750,1,27,NULL,NULL,21),(3751,2,27,NULL,NULL,20),(3752,1,27,NULL,NULL,19),(3753,1,27,NULL,NULL,18),(3754,1,27,NULL,NULL,17),(3755,1,27,NULL,NULL,16),(3756,1,27,NULL,NULL,2),(3757,1,27,NULL,NULL,3),(3758,1,27,NULL,NULL,4),(3759,1,27,NULL,NULL,5),(3760,1,27,NULL,NULL,6),(3761,1,27,NULL,NULL,7),(3762,2,27,NULL,NULL,33),(3763,2,27,NULL,NULL,8),(3764,1,27,NULL,NULL,10),(3765,1,27,NULL,NULL,11),(3766,1,27,NULL,NULL,12),(3767,1,27,NULL,NULL,13),(3768,2,27,NULL,NULL,14),(3769,1,27,NULL,NULL,15),(3770,2,27,NULL,NULL,9),(3771,2,27,NULL,NULL,34),(3772,1,27,NULL,NULL,35),(3773,1,27,NULL,NULL,36),(3774,1,27,NULL,NULL,55),(3775,1,27,NULL,NULL,56),(3776,1,27,NULL,NULL,57),(3777,1,27,NULL,NULL,58),(3778,1,27,NULL,NULL,59),(3779,1,27,NULL,NULL,60),(3780,1,27,NULL,NULL,54),(3781,1,27,NULL,NULL,61),(3782,1,27,NULL,NULL,63),(3783,2,27,NULL,NULL,64),(3784,1,27,NULL,NULL,65),(3785,2,27,NULL,NULL,66),(3786,2,27,NULL,NULL,67),(3787,2,27,NULL,NULL,68),(3788,1,27,NULL,NULL,62),(3789,1,27,NULL,NULL,70),(3790,1,27,NULL,NULL,53),(3791,1,27,NULL,NULL,51),(3792,1,27,NULL,NULL,37),(3793,1,27,NULL,NULL,38),(3794,1,27,NULL,NULL,39),(3795,2,27,NULL,NULL,40),(3796,1,27,NULL,NULL,41),(3797,2,27,NULL,NULL,42),(3798,1,27,NULL,NULL,52),(3799,1,27,NULL,NULL,43),(3800,1,27,NULL,NULL,45),(3801,1,27,NULL,NULL,46),(3802,2,27,NULL,NULL,47),(3803,1,27,NULL,NULL,48),(3804,2,27,NULL,NULL,49),(3805,2,27,NULL,NULL,50),(3806,1,27,NULL,NULL,44),(3807,2,27,NULL,NULL,141),(4090,1,30,'Esto es una nota introducida por el usuario',NULL,1),(4091,1,30,NULL,NULL,103),(4092,1,30,NULL,NULL,102),(4093,1,30,NULL,NULL,101),(4094,1,30,NULL,NULL,100),(4095,1,30,NULL,NULL,99),(4096,1,30,NULL,NULL,98),(4097,1,30,NULL,NULL,97),(4098,1,30,NULL,NULL,96),(4099,1,30,NULL,NULL,95),(4100,1,30,NULL,NULL,94),(4101,1,30,NULL,NULL,93),(4102,2,30,NULL,NULL,92),(4103,2,30,NULL,NULL,91),(4104,2,30,NULL,NULL,90),(4105,1,30,NULL,NULL,89),(4106,1,30,NULL,NULL,88),(4107,1,30,NULL,NULL,87),(4108,0,30,NULL,NULL,73),(4109,0,30,NULL,NULL,74),(4110,1,30,NULL,NULL,75),(4111,1,30,NULL,NULL,76),(4112,1,30,NULL,NULL,77),(4113,1,30,NULL,NULL,78),(4114,2,30,NULL,NULL,104),(4115,1,30,NULL,NULL,79),(4116,1,30,NULL,NULL,81),(4117,1,30,NULL,NULL,82),(4118,1,30,NULL,NULL,83),(4119,1,30,NULL,NULL,84),(4120,1,30,NULL,NULL,85),(4121,1,30,NULL,NULL,86),(4122,1,30,NULL,NULL,80),(4123,1,30,NULL,NULL,105),(4124,1,30,NULL,NULL,106),(4125,1,30,NULL,NULL,107),(4126,2,30,NULL,NULL,126),(4127,0,30,NULL,NULL,127),(4128,0,30,NULL,NULL,128),(4129,1,30,NULL,NULL,129),(4130,1,30,NULL,NULL,130),(4131,1,30,NULL,NULL,131),(4132,0,30,NULL,NULL,125),(4133,1,30,NULL,NULL,132),(4134,0,30,NULL,NULL,134),(4135,0,30,NULL,NULL,135),(4136,0,30,NULL,NULL,136),(4137,1,30,NULL,NULL,137),(4138,1,30,NULL,NULL,138),(4139,1,30,NULL,NULL,139),(4140,2,30,NULL,NULL,133),(4141,0,30,NULL,NULL,72),(4142,0,30,NULL,NULL,124),(4143,1,30,NULL,NULL,122),(4144,2,30,NULL,NULL,108),(4145,2,30,NULL,NULL,109),(4146,1,30,NULL,NULL,110),(4147,1,30,NULL,NULL,111),(4148,2,30,NULL,NULL,112),(4149,1,30,NULL,NULL,113),(4150,2,30,NULL,NULL,123),(4151,1,30,NULL,NULL,114),(4152,1,30,NULL,NULL,116),(4153,1,30,NULL,NULL,117),(4154,2,30,NULL,NULL,118),(4155,1,30,NULL,NULL,119),(4156,1,30,NULL,NULL,120),(4157,1,30,NULL,NULL,121),(4158,2,30,NULL,NULL,115),(4159,1,30,NULL,NULL,140),(4160,2,30,NULL,NULL,71),(4161,0,30,NULL,NULL,69),(4162,0,30,NULL,NULL,32),(4163,0,30,NULL,NULL,31),(4164,0,30,NULL,NULL,30),(4165,0,30,NULL,NULL,29),(4166,0,30,NULL,NULL,28),(4167,2,30,NULL,NULL,27),(4168,1,30,NULL,NULL,26),(4169,1,30,NULL,NULL,25),(4170,1,30,NULL,NULL,24),(4171,1,30,NULL,NULL,23),(4172,1,30,NULL,NULL,22),(4173,1,30,NULL,NULL,21),(4174,1,30,NULL,NULL,20),(4175,1,30,NULL,NULL,19),(4176,1,30,NULL,NULL,18),(4177,1,30,NULL,NULL,17),(4178,1,30,NULL,NULL,16),(4179,1,30,NULL,NULL,2),(4180,1,30,NULL,NULL,3),(4181,1,30,NULL,NULL,4),(4182,1,30,NULL,NULL,5),(4183,1,30,NULL,NULL,6),(4184,1,30,NULL,NULL,7),(4185,0,30,NULL,NULL,33),(4186,1,30,NULL,NULL,8),(4187,1,30,NULL,NULL,10),(4188,1,30,NULL,NULL,11),(4189,1,30,NULL,NULL,12),(4190,1,30,NULL,NULL,13),(4191,1,30,NULL,NULL,14),(4192,1,30,NULL,NULL,15),(4193,1,30,NULL,NULL,9),(4194,0,30,NULL,NULL,34),(4195,2,30,NULL,NULL,35),(4196,0,30,NULL,NULL,36),(4197,0,30,NULL,NULL,55),(4198,0,30,NULL,NULL,56),(4199,0,30,NULL,NULL,57),(4200,0,30,NULL,NULL,58),(4201,0,30,NULL,NULL,59),(4202,0,30,NULL,NULL,60),(4203,2,30,NULL,NULL,54),(4204,0,30,NULL,NULL,61),(4205,0,30,NULL,NULL,63),(4206,0,30,NULL,NULL,64),(4207,2,30,NULL,NULL,65),(4208,0,30,NULL,NULL,66),(4209,0,30,NULL,NULL,67),(4210,0,30,NULL,NULL,68),(4211,0,30,NULL,NULL,62),(4212,0,30,NULL,NULL,70),(4213,0,30,NULL,NULL,53),(4214,0,30,NULL,NULL,51),(4215,0,30,NULL,NULL,37),(4216,0,30,NULL,NULL,38),(4217,0,30,NULL,NULL,39),(4218,0,30,NULL,NULL,40),(4219,0,30,NULL,NULL,41),(4220,0,30,NULL,NULL,42),(4221,0,30,NULL,NULL,52),(4222,0,30,NULL,NULL,43),(4223,0,30,NULL,NULL,45),(4224,0,30,NULL,NULL,46),(4225,0,30,NULL,NULL,47),(4226,0,30,NULL,NULL,48),(4227,0,30,NULL,NULL,49),(4228,0,30,NULL,NULL,50),(4229,2,30,NULL,NULL,44),(4230,1,30,NULL,NULL,141),(4231,1,31,'Esto es una nota introducida por el usuario',NULL,1),(4232,1,31,NULL,NULL,103),(4233,1,31,NULL,NULL,102),(4234,1,31,NULL,NULL,101),(4235,1,31,NULL,NULL,100),(4236,1,31,NULL,NULL,99),(4237,1,31,NULL,NULL,98),(4238,1,31,NULL,NULL,97),(4239,1,31,NULL,NULL,96),(4240,1,31,NULL,NULL,95),(4241,1,31,NULL,NULL,94),(4242,1,31,NULL,NULL,93),(4243,2,31,NULL,NULL,92),(4244,2,31,NULL,NULL,91),(4245,2,31,NULL,NULL,90),(4246,1,31,NULL,NULL,89),(4247,1,31,NULL,NULL,88),(4248,1,31,NULL,NULL,87),(4249,0,31,NULL,NULL,73),(4250,0,31,NULL,NULL,74),(4251,1,31,NULL,NULL,75),(4252,1,31,NULL,NULL,76),(4253,1,31,NULL,NULL,77),(4254,1,31,NULL,NULL,78),(4255,2,31,NULL,NULL,104),(4256,1,31,NULL,NULL,79),(4257,1,31,NULL,NULL,81),(4258,1,31,NULL,NULL,82),(4259,1,31,NULL,NULL,83),(4260,1,31,NULL,NULL,84),(4261,1,31,NULL,NULL,85),(4262,1,31,NULL,NULL,86),(4263,1,31,NULL,NULL,80),(4264,1,31,NULL,NULL,105),(4265,1,31,NULL,NULL,106),(4266,1,31,NULL,NULL,107),(4267,2,31,NULL,NULL,126),(4268,0,31,NULL,NULL,127),(4269,0,31,NULL,NULL,128),(4270,1,31,NULL,NULL,129),(4271,1,31,NULL,NULL,130),(4272,1,31,NULL,NULL,131),(4273,0,31,NULL,NULL,125),(4274,1,31,NULL,NULL,132),(4275,0,31,NULL,NULL,134),(4276,0,31,NULL,NULL,135),(4277,0,31,NULL,NULL,136),(4278,1,31,NULL,NULL,137),(4279,1,31,NULL,NULL,138),(4280,1,31,NULL,NULL,139),(4281,2,31,NULL,NULL,133),(4282,0,31,NULL,NULL,72),(4283,0,31,NULL,NULL,124),(4284,1,31,NULL,NULL,122),(4285,2,31,NULL,NULL,108),(4286,2,31,NULL,NULL,109),(4287,1,31,NULL,NULL,110),(4288,1,31,NULL,NULL,111),(4289,2,31,NULL,NULL,112),(4290,1,31,NULL,NULL,113),(4291,2,31,NULL,NULL,123),(4292,1,31,NULL,NULL,114),(4293,1,31,NULL,NULL,116),(4294,1,31,NULL,NULL,117),(4295,2,31,NULL,NULL,118),(4296,1,31,NULL,NULL,119),(4297,1,31,NULL,NULL,120),(4298,1,31,NULL,NULL,121),(4299,2,31,NULL,NULL,115),(4300,1,31,NULL,NULL,140),(4301,2,31,NULL,NULL,71),(4302,0,31,NULL,NULL,69),(4303,0,31,NULL,NULL,32),(4304,0,31,NULL,NULL,31),(4305,0,31,NULL,NULL,30),(4306,0,31,NULL,NULL,29),(4307,0,31,NULL,NULL,28),(4308,2,31,NULL,NULL,27),(4309,1,31,NULL,NULL,26),(4310,1,31,NULL,NULL,25),(4311,1,31,NULL,NULL,24),(4312,1,31,NULL,NULL,23),(4313,1,31,NULL,NULL,22),(4314,1,31,NULL,NULL,21),(4315,1,31,NULL,NULL,20),(4316,1,31,NULL,NULL,19),(4317,1,31,NULL,NULL,18),(4318,1,31,NULL,NULL,17),(4319,1,31,NULL,NULL,16),(4320,1,31,NULL,NULL,2),(4321,1,31,NULL,NULL,3),(4322,1,31,NULL,NULL,4),(4323,1,31,NULL,NULL,5),(4324,1,31,NULL,NULL,6),(4325,1,31,NULL,NULL,7),(4326,0,31,NULL,NULL,33),(4327,1,31,NULL,NULL,8),(4328,1,31,NULL,NULL,10),(4329,1,31,NULL,NULL,11),(4330,1,31,NULL,NULL,12),(4331,1,31,NULL,NULL,13),(4332,1,31,NULL,NULL,14),(4333,1,31,NULL,NULL,15),(4334,1,31,NULL,NULL,9),(4335,0,31,NULL,NULL,34),(4336,2,31,NULL,NULL,35),(4337,0,31,NULL,NULL,36),(4338,0,31,NULL,NULL,55),(4339,0,31,NULL,NULL,56),(4340,0,31,NULL,NULL,57),(4341,0,31,NULL,NULL,58),(4342,0,31,NULL,NULL,59),(4343,0,31,NULL,NULL,60),(4344,2,31,NULL,NULL,54),(4345,0,31,NULL,NULL,61),(4346,0,31,NULL,NULL,63),(4347,0,31,NULL,NULL,64),(4348,2,31,NULL,NULL,65),(4349,0,31,NULL,NULL,66),(4350,0,31,NULL,NULL,67),(4351,0,31,NULL,NULL,68),(4352,0,31,NULL,NULL,62),(4353,0,31,NULL,NULL,70),(4354,0,31,NULL,NULL,53),(4355,0,31,NULL,NULL,51),(4356,0,31,NULL,NULL,37),(4357,0,31,NULL,NULL,38),(4358,0,31,NULL,NULL,39),(4359,0,31,NULL,NULL,40),(4360,0,31,NULL,NULL,41),(4361,0,31,NULL,NULL,42),(4362,0,31,NULL,NULL,52),(4363,0,31,NULL,NULL,43),(4364,0,31,NULL,NULL,45),(4365,0,31,NULL,NULL,46),(4366,0,31,NULL,NULL,47),(4367,0,31,NULL,NULL,48),(4368,0,31,NULL,NULL,49),(4369,0,31,NULL,NULL,50),(4370,2,31,NULL,NULL,44),(4371,1,31,NULL,NULL,141),(4372,1,32,'Esto es una nota introducida por el usuario',NULL,1),(4373,1,32,NULL,NULL,103),(4374,1,32,NULL,NULL,102),(4375,1,32,NULL,NULL,101),(4376,1,32,NULL,NULL,100),(4377,1,32,NULL,NULL,99),(4378,1,32,NULL,NULL,98),(4379,1,32,NULL,NULL,97),(4380,1,32,NULL,NULL,96),(4381,1,32,NULL,NULL,95),(4382,1,32,NULL,NULL,94),(4383,1,32,NULL,NULL,93),(4384,2,32,NULL,NULL,92),(4385,2,32,NULL,NULL,91),(4386,2,32,NULL,NULL,90),(4387,1,32,NULL,NULL,89),(4388,1,32,NULL,NULL,88),(4389,1,32,NULL,NULL,87),(4390,0,32,NULL,NULL,73),(4391,0,32,NULL,NULL,74),(4392,1,32,NULL,NULL,75),(4393,1,32,NULL,NULL,76),(4394,1,32,NULL,NULL,77),(4395,1,32,NULL,NULL,78),(4396,2,32,NULL,NULL,104),(4397,1,32,NULL,NULL,79),(4398,1,32,NULL,NULL,81),(4399,1,32,NULL,NULL,82),(4400,1,32,NULL,NULL,83),(4401,1,32,NULL,NULL,84),(4402,1,32,NULL,NULL,85),(4403,1,32,NULL,NULL,86),(4404,1,32,NULL,NULL,80),(4405,1,32,NULL,NULL,105),(4406,1,32,NULL,NULL,106),(4407,1,32,NULL,NULL,107),(4408,2,32,NULL,NULL,126),(4409,0,32,NULL,NULL,127),(4410,0,32,NULL,NULL,128),(4411,1,32,NULL,NULL,129),(4412,1,32,NULL,NULL,130),(4413,1,32,NULL,NULL,131),(4414,0,32,NULL,NULL,125),(4415,1,32,NULL,NULL,132),(4416,0,32,NULL,NULL,134),(4417,0,32,NULL,NULL,135),(4418,0,32,NULL,NULL,136),(4419,1,32,NULL,NULL,137),(4420,1,32,NULL,NULL,138),(4421,1,32,NULL,NULL,139),(4422,2,32,NULL,NULL,133),(4423,0,32,NULL,NULL,72),(4424,0,32,NULL,NULL,124),(4425,1,32,NULL,NULL,122),(4426,2,32,NULL,NULL,108),(4427,2,32,NULL,NULL,109),(4428,1,32,NULL,NULL,110),(4429,1,32,NULL,NULL,111),(4430,2,32,NULL,NULL,112),(4431,1,32,NULL,NULL,113),(4432,2,32,NULL,NULL,123),(4433,1,32,NULL,NULL,114),(4434,1,32,NULL,NULL,116),(4435,1,32,NULL,NULL,117),(4436,2,32,NULL,NULL,118),(4437,1,32,NULL,NULL,119),(4438,1,32,NULL,NULL,120),(4439,1,32,NULL,NULL,121),(4440,2,32,NULL,NULL,115),(4441,1,32,NULL,NULL,140),(4442,2,32,NULL,NULL,71),(4443,0,32,NULL,NULL,69),(4444,0,32,NULL,NULL,32),(4445,0,32,NULL,NULL,31),(4446,0,32,NULL,NULL,30),(4447,0,32,NULL,NULL,29),(4448,0,32,NULL,NULL,28),(4449,2,32,NULL,NULL,27),(4450,1,32,NULL,NULL,26),(4451,1,32,NULL,NULL,25),(4452,1,32,NULL,NULL,24),(4453,1,32,NULL,NULL,23),(4454,1,32,NULL,NULL,22),(4455,1,32,NULL,NULL,21),(4456,1,32,NULL,NULL,20),(4457,1,32,NULL,NULL,19),(4458,1,32,NULL,NULL,18),(4459,1,32,NULL,NULL,17),(4460,1,32,NULL,NULL,16),(4461,1,32,NULL,NULL,2),(4462,1,32,NULL,NULL,3),(4463,1,32,NULL,NULL,4),(4464,1,32,NULL,NULL,5),(4465,1,32,NULL,NULL,6),(4466,1,32,NULL,NULL,7),(4467,0,32,NULL,NULL,33),(4468,1,32,NULL,NULL,8),(4469,1,32,NULL,NULL,10),(4470,1,32,NULL,NULL,11),(4471,1,32,NULL,NULL,12),(4472,1,32,NULL,NULL,13),(4473,1,32,NULL,NULL,14),(4474,1,32,NULL,NULL,15),(4475,1,32,NULL,NULL,9),(4476,0,32,NULL,NULL,34),(4477,2,32,NULL,NULL,35),(4478,0,32,NULL,NULL,36),(4479,0,32,NULL,NULL,55),(4480,0,32,NULL,NULL,56),(4481,0,32,NULL,NULL,57),(4482,0,32,NULL,NULL,58),(4483,0,32,NULL,NULL,59),(4484,0,32,NULL,NULL,60),(4485,2,32,NULL,NULL,54),(4486,0,32,NULL,NULL,61),(4487,0,32,NULL,NULL,63),(4488,0,32,NULL,NULL,64),(4489,2,32,NULL,NULL,65),(4490,0,32,NULL,NULL,66),(4491,0,32,NULL,NULL,67),(4492,0,32,NULL,NULL,68),(4493,0,32,NULL,NULL,62),(4494,0,32,NULL,NULL,70),(4495,0,32,NULL,NULL,53),(4496,0,32,NULL,NULL,51),(4497,0,32,NULL,NULL,37),(4498,0,32,NULL,NULL,38),(4499,0,32,NULL,NULL,39),(4500,0,32,NULL,NULL,40),(4501,0,32,NULL,NULL,41),(4502,0,32,NULL,NULL,42),(4503,0,32,NULL,NULL,52),(4504,0,32,NULL,NULL,43),(4505,0,32,NULL,NULL,45),(4506,0,32,NULL,NULL,46),(4507,0,32,NULL,NULL,47),(4508,0,32,NULL,NULL,48),(4509,0,32,NULL,NULL,49),(4510,0,32,NULL,NULL,50),(4511,2,32,NULL,NULL,44),(4512,1,32,NULL,NULL,141),(4513,1,33,'Esto es una nota introducida por el usuario',NULL,1),(4514,1,33,NULL,NULL,103),(4515,1,33,NULL,NULL,102),(4516,1,33,NULL,NULL,101),(4517,1,33,NULL,NULL,100),(4518,1,33,NULL,NULL,99),(4519,1,33,NULL,NULL,98),(4520,1,33,NULL,NULL,97),(4521,1,33,NULL,NULL,96),(4522,1,33,NULL,NULL,95),(4523,1,33,NULL,NULL,94),(4524,1,33,NULL,NULL,93),(4525,2,33,NULL,NULL,92),(4526,2,33,NULL,NULL,91),(4527,2,33,NULL,NULL,90),(4528,1,33,NULL,NULL,89),(4529,1,33,NULL,NULL,88),(4530,1,33,NULL,NULL,87),(4531,0,33,NULL,NULL,73),(4532,0,33,NULL,NULL,74),(4533,1,33,NULL,NULL,75),(4534,1,33,NULL,NULL,76),(4535,1,33,NULL,NULL,77),(4536,1,33,NULL,NULL,78),(4537,2,33,NULL,NULL,104),(4538,1,33,NULL,NULL,79),(4539,1,33,NULL,NULL,81),(4540,1,33,NULL,NULL,82),(4541,1,33,NULL,NULL,83),(4542,1,33,NULL,NULL,84),(4543,1,33,NULL,NULL,85),(4544,1,33,NULL,NULL,86),(4545,1,33,NULL,NULL,80),(4546,1,33,NULL,NULL,105),(4547,1,33,NULL,NULL,106),(4548,1,33,NULL,NULL,107),(4549,2,33,NULL,NULL,126),(4550,0,33,NULL,NULL,127),(4551,0,33,NULL,NULL,128),(4552,1,33,NULL,NULL,129),(4553,1,33,NULL,NULL,130),(4554,1,33,NULL,NULL,131),(4555,0,33,NULL,NULL,125),(4556,1,33,NULL,NULL,132),(4557,0,33,NULL,NULL,134),(4558,0,33,NULL,NULL,135),(4559,0,33,NULL,NULL,136),(4560,1,33,NULL,NULL,137),(4561,1,33,NULL,NULL,138),(4562,1,33,NULL,NULL,139),(4563,2,33,NULL,NULL,133),(4564,0,33,NULL,NULL,72),(4565,0,33,NULL,NULL,124),(4566,1,33,NULL,NULL,122),(4567,2,33,NULL,NULL,108),(4568,2,33,NULL,NULL,109),(4569,1,33,NULL,NULL,110),(4570,1,33,NULL,NULL,111),(4571,2,33,NULL,NULL,112),(4572,1,33,NULL,NULL,113),(4573,2,33,NULL,NULL,123),(4574,1,33,NULL,NULL,114),(4575,1,33,NULL,NULL,116),(4576,1,33,NULL,NULL,117),(4577,2,33,NULL,NULL,118),(4578,1,33,NULL,NULL,119),(4579,1,33,NULL,NULL,120),(4580,1,33,NULL,NULL,121),(4581,2,33,NULL,NULL,115),(4582,1,33,NULL,NULL,140),(4583,2,33,NULL,NULL,71),(4584,0,33,NULL,NULL,69),(4585,0,33,NULL,NULL,32),(4586,0,33,NULL,NULL,31),(4587,0,33,NULL,NULL,30),(4588,0,33,NULL,NULL,29),(4589,0,33,NULL,NULL,28),(4590,2,33,NULL,NULL,27),(4591,1,33,NULL,NULL,26),(4592,1,33,NULL,NULL,25),(4593,1,33,NULL,NULL,24),(4594,1,33,NULL,NULL,23),(4595,1,33,NULL,NULL,22),(4596,1,33,NULL,NULL,21),(4597,1,33,NULL,NULL,20),(4598,1,33,NULL,NULL,19),(4599,1,33,NULL,NULL,18),(4600,1,33,NULL,NULL,17),(4601,1,33,NULL,NULL,16),(4602,1,33,NULL,NULL,2),(4603,1,33,NULL,NULL,3),(4604,1,33,NULL,NULL,4),(4605,1,33,NULL,NULL,5),(4606,1,33,NULL,NULL,6),(4607,1,33,NULL,NULL,7),(4608,0,33,NULL,NULL,33),(4609,1,33,NULL,NULL,8),(4610,1,33,NULL,NULL,10),(4611,1,33,NULL,NULL,11),(4612,1,33,NULL,NULL,12),(4613,1,33,NULL,NULL,13),(4614,1,33,NULL,NULL,14),(4615,1,33,NULL,NULL,15),(4616,1,33,NULL,NULL,9),(4617,0,33,NULL,NULL,34),(4618,2,33,NULL,NULL,35),(4619,0,33,NULL,NULL,36),(4620,0,33,NULL,NULL,55),(4621,0,33,NULL,NULL,56),(4622,0,33,NULL,NULL,57),(4623,0,33,NULL,NULL,58),(4624,0,33,NULL,NULL,59),(4625,0,33,NULL,NULL,60),(4626,2,33,NULL,NULL,54),(4627,0,33,NULL,NULL,61),(4628,0,33,NULL,NULL,63),(4629,0,33,NULL,NULL,64),(4630,2,33,NULL,NULL,65),(4631,0,33,NULL,NULL,66),(4632,0,33,NULL,NULL,67),(4633,0,33,NULL,NULL,68),(4634,0,33,NULL,NULL,62),(4635,0,33,NULL,NULL,70),(4636,0,33,NULL,NULL,53),(4637,0,33,NULL,NULL,51),(4638,0,33,NULL,NULL,37),(4639,0,33,NULL,NULL,38),(4640,0,33,NULL,NULL,39),(4641,0,33,NULL,NULL,40),(4642,0,33,NULL,NULL,41),(4643,0,33,NULL,NULL,42),(4644,0,33,NULL,NULL,52),(4645,0,33,NULL,NULL,43),(4646,0,33,NULL,NULL,45),(4647,0,33,NULL,NULL,46),(4648,0,33,NULL,NULL,47),(4649,0,33,NULL,NULL,48),(4650,0,33,NULL,NULL,49),(4651,0,33,NULL,NULL,50),(4652,2,33,NULL,NULL,44),(4653,1,33,NULL,NULL,141),(4654,1,34,'Esto es una nota introducida por el usuario',NULL,1),(4655,1,34,NULL,NULL,103),(4656,1,34,NULL,NULL,102),(4657,1,34,NULL,NULL,101),(4658,1,34,NULL,NULL,100),(4659,1,34,NULL,NULL,99),(4660,1,34,NULL,NULL,98),(4661,1,34,NULL,NULL,97),(4662,1,34,NULL,NULL,96),(4663,1,34,NULL,NULL,95),(4664,1,34,NULL,NULL,94),(4665,1,34,NULL,NULL,93),(4666,2,34,NULL,NULL,92),(4667,2,34,NULL,NULL,91),(4668,2,34,NULL,NULL,90),(4669,1,34,NULL,NULL,89),(4670,1,34,NULL,NULL,88),(4671,1,34,NULL,NULL,87),(4672,0,34,NULL,NULL,73),(4673,0,34,NULL,NULL,74),(4674,1,34,NULL,NULL,75),(4675,1,34,NULL,NULL,76),(4676,1,34,NULL,NULL,77),(4677,1,34,NULL,NULL,78),(4678,2,34,NULL,NULL,104),(4679,1,34,NULL,NULL,79),(4680,1,34,NULL,NULL,81),(4681,1,34,NULL,NULL,82),(4682,1,34,NULL,NULL,83),(4683,1,34,NULL,NULL,84),(4684,1,34,NULL,NULL,85),(4685,1,34,NULL,NULL,86),(4686,1,34,NULL,NULL,80),(4687,1,34,NULL,NULL,105),(4688,1,34,NULL,NULL,106),(4689,1,34,NULL,NULL,107),(4690,2,34,NULL,NULL,126),(4691,0,34,NULL,NULL,127),(4692,0,34,NULL,NULL,128),(4693,1,34,NULL,NULL,129),(4694,1,34,NULL,NULL,130),(4695,1,34,NULL,NULL,131),(4696,0,34,NULL,NULL,125),(4697,1,34,NULL,NULL,132),(4698,1,34,NULL,NULL,134),(4699,2,34,NULL,NULL,135),(4700,1,34,NULL,NULL,136),(4701,1,34,NULL,NULL,137),(4702,1,34,NULL,NULL,138),(4703,1,34,NULL,NULL,139),(4704,1,34,NULL,NULL,133),(4705,0,34,NULL,NULL,72),(4706,0,34,NULL,NULL,124),(4707,1,34,NULL,NULL,122),(4708,2,34,NULL,NULL,108),(4709,2,34,NULL,NULL,109),(4710,1,34,NULL,NULL,110),(4711,1,34,NULL,NULL,111),(4712,2,34,NULL,NULL,112),(4713,1,34,NULL,NULL,113),(4714,2,34,NULL,NULL,123),(4715,1,34,NULL,NULL,114),(4716,1,34,NULL,NULL,116),(4717,1,34,NULL,NULL,117),(4718,2,34,NULL,NULL,118),(4719,1,34,NULL,NULL,119),(4720,1,34,NULL,NULL,120),(4721,1,34,NULL,NULL,121),(4722,2,34,NULL,NULL,115),(4723,1,34,NULL,NULL,140),(4724,2,34,NULL,NULL,71),(4725,0,34,NULL,NULL,69),(4726,0,34,NULL,NULL,32),(4727,0,34,NULL,NULL,31),(4728,0,34,NULL,NULL,30),(4729,0,34,NULL,NULL,29),(4730,0,34,NULL,NULL,28),(4731,2,34,NULL,NULL,27),(4732,1,34,NULL,NULL,26),(4733,1,34,NULL,NULL,25),(4734,1,34,NULL,NULL,24),(4735,1,34,NULL,NULL,23),(4736,1,34,NULL,NULL,22),(4737,1,34,NULL,NULL,21),(4738,1,34,NULL,NULL,20),(4739,1,34,NULL,NULL,19),(4740,1,34,NULL,NULL,18),(4741,1,34,NULL,NULL,17),(4742,1,34,NULL,NULL,16),(4743,1,34,NULL,NULL,2),(4744,1,34,NULL,NULL,3),(4745,1,34,NULL,NULL,4),(4746,1,34,NULL,NULL,5),(4747,1,34,NULL,NULL,6),(4748,1,34,NULL,NULL,7),(4749,0,34,NULL,NULL,33),(4750,1,34,NULL,NULL,8),(4751,1,34,NULL,NULL,10),(4752,1,34,NULL,NULL,11),(4753,1,34,NULL,NULL,12),(4754,1,34,NULL,NULL,13),(4755,1,34,NULL,NULL,14),(4756,1,34,NULL,NULL,15),(4757,1,34,NULL,NULL,9),(4758,0,34,NULL,NULL,34),(4759,2,34,NULL,NULL,35),(4760,0,34,NULL,NULL,36),(4761,0,34,NULL,NULL,55),(4762,0,34,NULL,NULL,56),(4763,0,34,NULL,NULL,57),(4764,0,34,NULL,NULL,58),(4765,0,34,NULL,NULL,59),(4766,0,34,NULL,NULL,60),(4767,2,34,NULL,NULL,54),(4768,0,34,NULL,NULL,61),(4769,0,34,NULL,NULL,63),(4770,0,34,NULL,NULL,64),(4771,2,34,NULL,NULL,65),(4772,0,34,NULL,NULL,66),(4773,0,34,NULL,NULL,67),(4774,0,34,NULL,NULL,68),(4775,0,34,NULL,NULL,62),(4776,0,34,NULL,NULL,70),(4777,0,34,NULL,NULL,53),(4778,0,34,NULL,NULL,51),(4779,0,34,NULL,NULL,37),(4780,0,34,NULL,NULL,38),(4781,0,34,NULL,NULL,39),(4782,0,34,NULL,NULL,40),(4783,0,34,NULL,NULL,41),(4784,0,34,NULL,NULL,42),(4785,0,34,NULL,NULL,52),(4786,0,34,NULL,NULL,43),(4787,0,34,NULL,NULL,45),(4788,0,34,NULL,NULL,46),(4789,0,34,NULL,NULL,47),(4790,0,34,NULL,NULL,48),(4791,0,34,NULL,NULL,49),(4792,0,34,NULL,NULL,50),(4793,2,34,NULL,NULL,44),(4794,1,34,NULL,NULL,141),(5500,0,40,NULL,NULL,1),(5501,0,40,NULL,NULL,103),(5502,0,40,NULL,NULL,102),(5503,0,40,NULL,NULL,101),(5504,0,40,NULL,NULL,100),(5505,0,40,NULL,NULL,99),(5506,0,40,NULL,NULL,98),(5507,0,40,NULL,NULL,97),(5508,0,40,NULL,NULL,96),(5509,0,40,NULL,NULL,95),(5510,0,40,NULL,NULL,94),(5511,0,40,NULL,NULL,93),(5512,0,40,NULL,NULL,92),(5513,0,40,NULL,NULL,91),(5514,0,40,NULL,NULL,90),(5515,0,40,NULL,NULL,89),(5516,0,40,NULL,NULL,88),(5517,0,40,NULL,NULL,87),(5518,0,40,NULL,NULL,73),(5519,0,40,NULL,NULL,74),(5520,0,40,NULL,NULL,75),(5521,0,40,NULL,NULL,76),(5522,0,40,NULL,NULL,77),(5523,0,40,NULL,NULL,78),(5524,0,40,NULL,NULL,104),(5525,0,40,NULL,NULL,79),(5526,0,40,NULL,NULL,81),(5527,0,40,NULL,NULL,82),(5528,0,40,NULL,NULL,83),(5529,0,40,NULL,NULL,84),(5530,0,40,NULL,NULL,85),(5531,0,40,NULL,NULL,86),(5532,0,40,NULL,NULL,80),(5533,0,40,NULL,NULL,105),(5534,0,40,NULL,NULL,106),(5535,0,40,NULL,NULL,107),(5536,0,40,NULL,NULL,126),(5537,0,40,NULL,NULL,127),(5538,0,40,NULL,NULL,128),(5539,0,40,NULL,NULL,129),(5540,0,40,NULL,NULL,130),(5541,0,40,NULL,NULL,131),(5542,0,40,NULL,NULL,125),(5543,0,40,NULL,NULL,132),(5544,0,40,NULL,NULL,134),(5545,0,40,NULL,NULL,135),(5546,0,40,NULL,NULL,136),(5547,0,40,NULL,NULL,137),(5548,0,40,NULL,NULL,138),(5549,0,40,NULL,NULL,139),(5550,0,40,NULL,NULL,133),(5551,0,40,NULL,NULL,72),(5552,0,40,NULL,NULL,124),(5553,0,40,NULL,NULL,122),(5554,0,40,NULL,NULL,108),(5555,0,40,NULL,NULL,109),(5556,0,40,NULL,NULL,110),(5557,0,40,NULL,NULL,111),(5558,0,40,NULL,NULL,112),(5559,0,40,NULL,NULL,113),(5560,0,40,NULL,NULL,123),(5561,0,40,NULL,NULL,114),(5562,0,40,NULL,NULL,116),(5563,0,40,NULL,NULL,117),(5564,0,40,NULL,NULL,118),(5565,0,40,NULL,NULL,119),(5566,0,40,NULL,NULL,120),(5567,0,40,NULL,NULL,121),(5568,0,40,NULL,NULL,115),(5569,0,40,NULL,NULL,140),(5570,0,40,NULL,NULL,71),(5571,0,40,NULL,NULL,69),(5572,0,40,NULL,NULL,32),(5573,0,40,NULL,NULL,31),(5574,0,40,NULL,NULL,30),(5575,0,40,NULL,NULL,29),(5576,0,40,NULL,NULL,28),(5577,0,40,NULL,NULL,27),(5578,0,40,NULL,NULL,26),(5579,0,40,NULL,NULL,25),(5580,0,40,NULL,NULL,24),(5581,0,40,NULL,NULL,23),(5582,0,40,NULL,NULL,22),(5583,0,40,NULL,NULL,21),(5584,0,40,NULL,NULL,20),(5585,0,40,NULL,NULL,19),(5586,0,40,NULL,NULL,18),(5587,0,40,NULL,NULL,17),(5588,0,40,NULL,NULL,16),(5589,0,40,NULL,NULL,2),(5590,0,40,NULL,NULL,3),(5591,0,40,NULL,NULL,4),(5592,0,40,NULL,NULL,5),(5593,0,40,NULL,NULL,6),(5594,0,40,NULL,NULL,7),(5595,0,40,NULL,NULL,33),(5596,0,40,NULL,NULL,8),(5597,0,40,NULL,NULL,10),(5598,0,40,NULL,NULL,11),(5599,0,40,NULL,NULL,12),(5600,0,40,NULL,NULL,13),(5601,0,40,NULL,NULL,14),(5602,0,40,NULL,NULL,15),(5603,0,40,NULL,NULL,9),(5604,0,40,NULL,NULL,34),(5605,0,40,NULL,NULL,35),(5606,0,40,NULL,NULL,36),(5607,0,40,NULL,NULL,55),(5608,0,40,NULL,NULL,56),(5609,0,40,NULL,NULL,57),(5610,0,40,NULL,NULL,58),(5611,0,40,NULL,NULL,59),(5612,0,40,NULL,NULL,60),(5613,0,40,NULL,NULL,54),(5614,0,40,NULL,NULL,61),(5615,0,40,NULL,NULL,63),(5616,0,40,NULL,NULL,64),(5617,0,40,NULL,NULL,65),(5618,0,40,NULL,NULL,66),(5619,0,40,NULL,NULL,67),(5620,0,40,NULL,NULL,68),(5621,0,40,NULL,NULL,62),(5622,0,40,NULL,NULL,70),(5623,0,40,NULL,NULL,53),(5624,0,40,NULL,NULL,51),(5625,0,40,NULL,NULL,37),(5626,0,40,NULL,NULL,38),(5627,0,40,NULL,NULL,39),(5628,0,40,NULL,NULL,40),(5629,0,40,NULL,NULL,41),(5630,0,40,NULL,NULL,42),(5631,0,40,NULL,NULL,52),(5632,0,40,NULL,NULL,43),(5633,0,40,NULL,NULL,45),(5634,0,40,NULL,NULL,46),(5635,0,40,NULL,NULL,47),(5636,0,40,NULL,NULL,48),(5637,0,40,NULL,NULL,49),(5638,0,40,NULL,NULL,50),(5639,0,40,NULL,NULL,44),(5640,0,40,NULL,NULL,141),(5641,1,41,'Herre',NULL,1),(5642,2,41,'Suele ayudar periodicamente, pero su enfoque es el equipo. Temas de arranque, culturales...',NULL,103),(5643,2,41,'No sabemos si los conocen, pero pegas no ponen.',NULL,102),(5644,2,41,'Al principio constaba mucho más, desde Enero se ven más comprometidos',NULL,101),(5645,1,41,NULL,NULL,100),(5646,2,41,NULL,NULL,99),(5647,1,41,NULL,NULL,98),(5648,1,41,NULL,NULL,97),(5649,1,41,NULL,NULL,96),(5650,1,41,NULL,NULL,95),(5651,2,41,NULL,NULL,94),(5652,1,41,NULL,NULL,93),(5653,2,41,'El últimos 3 se ha subido a producción',NULL,92),(5654,1,41,NULL,NULL,91),(5655,2,41,NULL,NULL,90),(5656,1,41,NULL,NULL,89),(5657,1,41,NULL,NULL,88),(5658,1,41,NULL,NULL,87),(5659,2,41,'Suele ser estable',NULL,73),(5660,2,41,NULL,NULL,74),(5661,1,41,'Jira',NULL,75),(5662,1,41,NULL,NULL,76),(5663,1,41,NULL,NULL,77),(5664,1,41,NULL,NULL,78),(5665,1,41,NULL,NULL,104),(5666,2,41,NULL,NULL,79),(5667,1,41,NULL,NULL,81),(5668,1,41,NULL,NULL,82),(5669,1,41,NULL,NULL,83),(5670,2,41,NULL,NULL,84),(5671,2,41,NULL,NULL,85),(5672,1,41,NULL,NULL,86),(5673,2,41,NULL,NULL,80),(5674,2,41,'Suelen comentar o proponer nuevas ideas.',NULL,105),(5675,2,41,NULL,NULL,106),(5676,2,41,NULL,NULL,107),(5677,1,41,'El de Jira',NULL,126),(5678,1,41,NULL,NULL,127),(5679,2,41,'Se actualiza automáticamente.',NULL,128),(5680,2,41,NULL,NULL,129),(5681,1,41,NULL,NULL,130),(5682,1,41,NULL,NULL,131),(5683,0,41,NULL,NULL,125),(5684,1,41,NULL,NULL,132),(5685,0,41,NULL,NULL,134),(5686,0,41,NULL,NULL,135),(5687,0,41,NULL,NULL,136),(5688,2,41,'Se lo han hecho llegar desde la dirección del proyecto.',NULL,137),(5689,2,41,NULL,NULL,138),(5690,2,41,NULL,NULL,139),(5691,2,41,NULL,NULL,133),(5692,1,41,NULL,NULL,72),(5693,0,41,NULL,NULL,124),(5694,2,41,NULL,NULL,122),(5695,1,41,'En estos últimos 3 Sprints están enfocados, pero en los anteriores era un descontrol.',NULL,108),(5696,2,41,'Solo comidas de equipos',NULL,109),(5697,2,41,'Regular, se les suele ir de tiempo, aunqeu hacen el esfuerzo de respetar los tiempos.',NULL,110),(5698,1,41,NULL,NULL,111),(5699,2,41,NULL,NULL,112),(5700,1,41,NULL,NULL,113),(5701,2,41,'No está calculada.',NULL,123),(5702,1,41,'Las retros',NULL,114),(5703,1,41,NULL,NULL,116),(5704,1,41,NULL,NULL,117),(5705,2,41,NULL,NULL,118),(5706,2,41,NULL,NULL,119),(5707,2,41,'En base al sprint anterior por referencia',NULL,120),(5708,2,41,NULL,NULL,121),(5709,2,41,'Si fallan, fallan todos.',NULL,115),(5710,2,41,NULL,NULL,140),(5711,1,41,'De momento todos los tenidos son de 3 semanas.\n',NULL,71),(5712,0,41,NULL,NULL,69),(5713,1,41,NULL,NULL,32),(5714,1,41,'Se tiene visible en el tablón',NULL,31),(5715,1,41,NULL,NULL,30),(5716,1,41,NULL,NULL,29),(5717,1,41,'Acude PO + SM pero no intervienen',NULL,28),(5718,1,41,NULL,NULL,27),(5719,2,41,NULL,NULL,26),(5720,1,41,'Tablón físico + Jira',NULL,25),(5721,1,41,NULL,NULL,24),(5722,1,41,NULL,NULL,23),(5723,1,41,NULL,NULL,22),(5724,1,41,NULL,NULL,21),(5725,1,41,NULL,NULL,20),(5726,1,41,NULL,NULL,19),(5727,1,41,'Hace un par de Sprints tuvieron equivocaciones y aprendizaje',NULL,18),(5728,1,41,NULL,NULL,17),(5729,1,41,'Muy buen rollo\nImportancia del trabajo del equipo\nLos motiva visibilizando el buen hacer del equipo',NULL,16),(5730,1,41,'Reuniones con Jesús Conde + People (Faturación)',NULL,2),(5731,1,41,NULL,NULL,3),(5732,1,41,NULL,NULL,4),(5733,1,41,NULL,NULL,5),(5734,1,41,NULL,NULL,6),(5735,1,41,NULL,NULL,7),(5736,2,41,NULL,NULL,33),(5737,1,41,'Dedicación del 20 %',NULL,8),(5738,1,41,NULL,NULL,10),(5739,1,41,'Enfocada a los bloqueos.\nRecordarles que se hacen las reuniones.\nModerarlas, ayudarles con ellas ...',NULL,11),(5740,1,41,'Con Herre',NULL,12),(5741,1,41,'No está al 100%',NULL,13),(5742,2,41,NULL,NULL,14),(5743,1,41,NULL,NULL,15),(5744,1,41,'Tiene mucho conocimiento técnico y ayuda puntualmente.\nNo es la tónica general',NULL,9),(5745,1,41,'En pocas ocasiones',NULL,34),(5746,1,41,NULL,NULL,35),(5747,1,41,'SM como facilitador',NULL,36),(5748,1,41,'Si no está lo cubre el SM\n',NULL,55),(5749,1,41,NULL,NULL,56),(5750,1,41,NULL,NULL,57),(5751,2,41,'Han habido Sprints pasado en los que el equipo consideraba que no era alcanzable',NULL,58),(5752,2,41,NULL,NULL,59),(5753,1,41,NULL,NULL,60),(5754,1,41,NULL,NULL,54),(5755,1,41,'Story Points que se asumen que son horas: 1 SP = 1h',NULL,61),(5756,1,41,'Suelen ser bloqueos externos',NULL,63),(5757,2,41,'Solo el equipo de desarrollo',NULL,64),(5758,2,41,NULL,NULL,65),(5759,0,41,NULL,NULL,66),(5760,0,41,NULL,NULL,67),(5761,0,41,NULL,NULL,68),(5762,2,41,'Bastante comprometidos, pero a veces no llegan',NULL,62),(5763,0,41,NULL,NULL,70),(5764,2,41,'No al completo, solo Ricardo',NULL,53),(5765,1,41,'Se discuten los posibles items a incluir',NULL,51),(5766,1,41,NULL,NULL,37),(5767,2,41,'Feelings\nNo se usan técnicas\nCharla colaborativa\nAcuerdo de soluciones',NULL,38),(5768,1,41,NULL,NULL,39),(5769,2,41,NULL,NULL,40),(5770,1,41,NULL,NULL,41),(5771,2,41,NULL,NULL,42),(5772,1,41,NULL,NULL,52),(5773,2,41,'Es la SM la que se encarga de hacerle seguimiento, pero por parte del equipo no hay un seguimiento establecido.',NULL,43),(5774,1,41,NULL,NULL,45),(5775,1,41,NULL,NULL,46),(5776,2,41,NULL,NULL,47),(5777,1,41,NULL,NULL,48),(5778,2,41,NULL,NULL,49),(5779,1,41,'Juanjo y Juanma como Stakeholders (Facturación)\nCada semana se hace una reunión con ellos com mini demo, en plan seguimiento.',NULL,50),(5780,1,41,NULL,NULL,44),(5781,2,41,NULL,NULL,141),(5782,1,42,'PO Cliente al  100%',NULL,1),(5783,2,42,NULL,NULL,103),(5784,2,42,NULL,NULL,102),(5785,2,42,NULL,NULL,101),(5786,2,42,NULL,NULL,100),(5787,2,42,NULL,NULL,99),(5788,2,42,NULL,NULL,98),(5789,1,42,NULL,NULL,97),(5790,2,42,NULL,NULL,96),(5791,1,42,NULL,NULL,95),(5792,2,42,NULL,NULL,94),(5793,1,42,NULL,NULL,93),(5794,2,42,'Solo se desplegó el primer MVP',NULL,92),(5795,2,42,'Hay integración continua pero hay fases de pruebas que no se han hecho.',NULL,91),(5796,0,42,NULL,NULL,90),(5797,0,42,NULL,NULL,89),(5798,0,42,NULL,NULL,88),(5799,0,42,NULL,NULL,87),(5800,0,42,NULL,NULL,73),(5801,0,42,NULL,NULL,74),(5802,1,42,NULL,NULL,75),(5803,2,42,'Va reflejando, pero no está claro el objetivo.',NULL,76),(5804,1,42,NULL,NULL,77),(5805,2,42,NULL,NULL,78),(5806,2,42,NULL,NULL,104),(5807,2,42,NULL,NULL,79),(5808,2,42,NULL,NULL,81),(5809,2,42,NULL,NULL,82),(5810,2,42,NULL,NULL,83),(5811,2,42,NULL,NULL,84),(5812,2,42,NULL,NULL,85),(5813,2,42,'No se saca SB y éste se modifica continuamente.\nLas tareas suelen estar auto-asignadas.',NULL,86),(5814,1,42,NULL,NULL,80),(5815,2,42,NULL,NULL,105),(5816,2,42,NULL,NULL,106),(5817,2,42,NULL,NULL,107),(5818,2,42,NULL,NULL,126),(5819,0,42,NULL,NULL,127),(5820,0,42,NULL,NULL,128),(5821,2,42,NULL,NULL,129),(5822,1,42,NULL,NULL,130),(5823,2,42,NULL,NULL,131),(5824,2,42,NULL,NULL,125),(5825,1,42,'Panel Kanban de Azure Devops',NULL,132),(5826,2,42,'No frecuentemente.\nSolo audio.',NULL,134),(5827,2,42,NULL,NULL,135),(5828,2,42,NULL,NULL,136),(5829,2,42,NULL,NULL,137),(5830,2,42,NULL,NULL,138),(5831,2,42,NULL,NULL,139),(5832,1,42,NULL,NULL,133),(5833,0,42,NULL,NULL,72),(5834,2,42,NULL,NULL,124),(5835,2,42,NULL,NULL,122),(5836,2,42,'Puntualmente, pero no frecuentemente.',NULL,108),(5837,1,42,'Seguimientos de proyecto, pero participan los Managers.\nA parte el equipo se reúne mucho para seguimiento continuo entre los propios desarrolladores.',NULL,109),(5838,2,42,NULL,NULL,110),(5839,2,42,'No hay convocatoria de reuniones, van surgiendo sobre la marcha',NULL,111),(5840,1,42,NULL,NULL,112),(5841,2,42,NULL,NULL,113),(5842,1,42,'Se calcula automaticamente en la herramienta Azure',NULL,123),(5843,1,42,'Pero no le hace seguimiento',NULL,114),(5844,1,42,NULL,NULL,116),(5845,2,42,NULL,NULL,117),(5846,1,42,NULL,NULL,118),(5847,2,42,'En SP',NULL,119),(5848,2,42,'Se tiene una US de referencia pero no se usa ningún patrón.',NULL,120),(5849,2,42,NULL,NULL,121),(5850,2,42,NULL,NULL,115),(5851,2,42,NULL,NULL,140),(5852,2,42,'Empezaron siendo de 1 semana, se cambió por el drag factor a 2 semanas. Hubo uno de los sprints que se alargó por entrega.',NULL,71),(5853,0,42,NULL,NULL,69),(5854,1,42,NULL,NULL,32),(5855,2,42,'No frecuentemente, o conscientemente.',NULL,31),(5856,1,42,NULL,NULL,30),(5857,2,42,'Nunca',NULL,29),(5858,2,42,'Habla todo el mundo.',NULL,28),(5859,1,42,NULL,NULL,27),(5860,1,42,'Tema infraestructura.',NULL,26),(5861,1,42,'Azure Devops',NULL,25),(5862,2,42,'Se va estimando sobre la marcha',NULL,24),(5863,1,42,'Los miembros nuevos',NULL,23),(5864,1,42,NULL,NULL,22),(5865,2,42,NULL,NULL,21),(5866,1,42,NULL,NULL,20),(5867,2,42,'Tienen dependencias de Amazon Services.\nFalta tiempo para aprender.',NULL,19),(5868,2,42,'No está haciendo funciones reales de SM',NULL,18),(5869,2,42,'Hasta ahora ha ido más o menos fluido el proyecto.',NULL,17),(5870,2,42,NULL,NULL,16),(5871,1,42,'Tiene reuniones con cliente y tiene la visión global del producto',NULL,2),(5872,1,42,NULL,NULL,3),(5873,1,42,NULL,NULL,4),(5874,1,42,NULL,NULL,5),(5875,2,42,'Hay más personas que influyen.\nSe encarga de centralizar todas estas priorizaciones',NULL,6),(5876,1,42,NULL,NULL,7),(5877,1,42,NULL,NULL,33),(5878,1,42,'Otras funciones que no son de PO dentro de su organización.\nEs perfil técnico alto nivel + funcional',NULL,8),(5879,1,42,'Parte Cliente, desarrolla y en su tiempo libre hace de SM.',NULL,10),(5880,2,42,NULL,NULL,11),(5881,2,42,NULL,NULL,12),(5882,1,42,NULL,NULL,13),(5883,1,42,NULL,NULL,14),(5884,2,42,NULL,NULL,15),(5885,1,42,'Toma la mayoría de las decisiones técnicas.\nFalta conocimiento funcional en el equipo.',NULL,9),(5886,1,42,'Se retrasa por temas tecnicos y funcionales',NULL,34),(5887,1,42,'En el último Sprint no se realizó',NULL,35),(5888,2,42,NULL,NULL,36),(5889,1,42,'Interviene',NULL,55),(5890,1,42,NULL,NULL,56),(5891,2,42,'En ocasiones no se está llegando a una conclusión clara\n',NULL,57),(5892,2,42,NULL,NULL,58),(5893,2,42,NULL,NULL,59),(5894,2,42,'No por parte de todo el equipo',NULL,60),(5895,1,42,'Un poco rara porque mezclan refinement con planning y se hace un poco difícil.',NULL,54),(5896,2,42,'No correctamente.',NULL,61),(5897,2,42,NULL,NULL,63),(5898,1,42,'Ya que tienen caracter técnico',NULL,64),(5899,2,42,NULL,NULL,65),(5900,0,42,NULL,NULL,66),(5901,0,42,NULL,NULL,67),(5902,0,42,NULL,NULL,68),(5903,2,42,NULL,NULL,62),(5904,0,42,NULL,NULL,70),(5905,0,42,NULL,NULL,53),(5906,0,42,NULL,NULL,51),(5907,2,42,'No frecuentemente.',NULL,37),(5908,2,42,'No se hace seguimiento',NULL,38),(5909,1,42,NULL,NULL,39),(5910,2,42,NULL,NULL,40),(5911,1,42,'Suele participar todo el mundo.',NULL,41),(5912,2,42,'Tienen métricas, pero no las revisan periódicamente.',NULL,42),(5913,0,42,NULL,NULL,52),(5914,2,42,NULL,NULL,43),(5915,0,42,NULL,NULL,45),(5916,0,42,NULL,NULL,46),(5917,0,42,NULL,NULL,47),(5918,0,42,NULL,NULL,48),(5919,0,42,NULL,NULL,49),(5920,0,42,NULL,NULL,50),(5921,2,42,'Alguna vez de manera esporádica.',NULL,44),(5922,2,42,NULL,NULL,141),(5923,0,43,NULL,NULL,1),(5924,0,43,NULL,NULL,103),(5925,0,43,NULL,NULL,102),(5926,0,43,NULL,NULL,101),(5927,0,43,NULL,NULL,100),(5928,0,43,NULL,NULL,99),(5929,0,43,NULL,NULL,98),(5930,0,43,NULL,NULL,97),(5931,0,43,NULL,NULL,96),(5932,0,43,NULL,NULL,95),(5933,0,43,NULL,NULL,94),(5934,0,43,NULL,NULL,93),(5935,0,43,NULL,NULL,92),(5936,0,43,NULL,NULL,91),(5937,0,43,NULL,NULL,90),(5938,0,43,NULL,NULL,89),(5939,0,43,NULL,NULL,88),(5940,0,43,NULL,NULL,87),(5941,0,43,NULL,NULL,73),(5942,0,43,NULL,NULL,74),(5943,0,43,NULL,NULL,75),(5944,0,43,NULL,NULL,76),(5945,0,43,NULL,NULL,77),(5946,0,43,NULL,NULL,78),(5947,0,43,NULL,NULL,104),(5948,0,43,NULL,NULL,79),(5949,0,43,NULL,NULL,81),(5950,0,43,NULL,NULL,82),(5951,0,43,NULL,NULL,83),(5952,0,43,NULL,NULL,84),(5953,0,43,NULL,NULL,85),(5954,0,43,NULL,NULL,86),(5955,0,43,NULL,NULL,80),(5956,0,43,NULL,NULL,105),(5957,0,43,NULL,NULL,106),(5958,0,43,NULL,NULL,107),(5959,0,43,NULL,NULL,126),(5960,0,43,NULL,NULL,127),(5961,0,43,NULL,NULL,128),(5962,0,43,NULL,NULL,129),(5963,0,43,NULL,NULL,130),(5964,0,43,NULL,NULL,131),(5965,0,43,NULL,NULL,125),(5966,0,43,NULL,NULL,132),(5967,0,43,NULL,NULL,134),(5968,0,43,NULL,NULL,135),(5969,0,43,NULL,NULL,136),(5970,0,43,NULL,NULL,137),(5971,0,43,NULL,NULL,138),(5972,0,43,NULL,NULL,139),(5973,0,43,NULL,NULL,133),(5974,0,43,NULL,NULL,72),(5975,0,43,NULL,NULL,124),(5976,0,43,NULL,NULL,122),(5977,0,43,NULL,NULL,108),(5978,0,43,NULL,NULL,109),(5979,0,43,NULL,NULL,110),(5980,0,43,NULL,NULL,111),(5981,0,43,NULL,NULL,112),(5982,0,43,NULL,NULL,113),(5983,0,43,NULL,NULL,123),(5984,0,43,NULL,NULL,114),(5985,0,43,NULL,NULL,116),(5986,0,43,NULL,NULL,117),(5987,0,43,NULL,NULL,118),(5988,0,43,NULL,NULL,119),(5989,0,43,NULL,NULL,120),(5990,0,43,NULL,NULL,121),(5991,0,43,NULL,NULL,115),(5992,0,43,NULL,NULL,140),(5993,0,43,NULL,NULL,71),(5994,0,43,NULL,NULL,69),(5995,0,43,NULL,NULL,32),(5996,0,43,NULL,NULL,31),(5997,0,43,NULL,NULL,30),(5998,0,43,NULL,NULL,29),(5999,0,43,NULL,NULL,28),(6000,0,43,NULL,NULL,27),(6001,0,43,NULL,NULL,26),(6002,0,43,NULL,NULL,25),(6003,0,43,NULL,NULL,24),(6004,0,43,NULL,NULL,23),(6005,0,43,NULL,NULL,22),(6006,0,43,NULL,NULL,21),(6007,0,43,NULL,NULL,20),(6008,0,43,NULL,NULL,19),(6009,0,43,NULL,NULL,18),(6010,0,43,NULL,NULL,17),(6011,0,43,NULL,NULL,16),(6012,0,43,NULL,NULL,2),(6013,0,43,NULL,NULL,3),(6014,0,43,NULL,NULL,4),(6015,0,43,NULL,NULL,5),(6016,0,43,NULL,NULL,6),(6017,0,43,NULL,NULL,7),(6018,0,43,NULL,NULL,33),(6019,0,43,NULL,NULL,8),(6020,0,43,NULL,NULL,10),(6021,0,43,NULL,NULL,11),(6022,0,43,NULL,NULL,12),(6023,0,43,NULL,NULL,13),(6024,0,43,NULL,NULL,14),(6025,0,43,NULL,NULL,15),(6026,0,43,NULL,NULL,9),(6027,0,43,NULL,NULL,34),(6028,0,43,NULL,NULL,35),(6029,0,43,NULL,NULL,36),(6030,0,43,NULL,NULL,55),(6031,0,43,NULL,NULL,56),(6032,0,43,NULL,NULL,57),(6033,0,43,NULL,NULL,58),(6034,0,43,NULL,NULL,59),(6035,0,43,NULL,NULL,60),(6036,0,43,NULL,NULL,54),(6037,0,43,NULL,NULL,61),(6038,0,43,NULL,NULL,63),(6039,0,43,NULL,NULL,64),(6040,0,43,NULL,NULL,65),(6041,0,43,NULL,NULL,66),(6042,0,43,NULL,NULL,67),(6043,0,43,NULL,NULL,68),(6044,0,43,NULL,NULL,62),(6045,0,43,NULL,NULL,70),(6046,0,43,NULL,NULL,53),(6047,0,43,NULL,NULL,51),(6048,0,43,NULL,NULL,37),(6049,0,43,NULL,NULL,38),(6050,0,43,NULL,NULL,39),(6051,0,43,NULL,NULL,40),(6052,0,43,NULL,NULL,41),(6053,0,43,NULL,NULL,42),(6054,0,43,NULL,NULL,52),(6055,0,43,NULL,NULL,43),(6056,0,43,NULL,NULL,45),(6057,0,43,NULL,NULL,46),(6058,0,43,NULL,NULL,47),(6059,0,43,NULL,NULL,48),(6060,0,43,NULL,NULL,49),(6061,0,43,NULL,NULL,50),(6062,0,43,NULL,NULL,44),(6063,0,43,NULL,NULL,141),(6064,1,44,NULL,NULL,1),(6065,2,44,NULL,NULL,103),(6066,1,44,'Lo conocen porque tienen PSM I + Scrum Manager.',NULL,102),(6067,2,44,'El compromiso no es adquirido por el equipo porque no lo decide, pero aun asi se compromete.',NULL,101),(6068,0,44,NULL,NULL,100),(6069,0,44,NULL,NULL,99),(6070,0,44,NULL,NULL,98),(6071,0,44,NULL,NULL,97),(6072,0,44,NULL,NULL,96),(6073,0,44,NULL,NULL,95),(6074,0,44,NULL,NULL,94),(6075,2,44,'No existe, no esplícito en ningún sitio.',NULL,93),(6076,2,44,NULL,NULL,92),(6077,2,44,'Por el volumen de datos y cantidad de datos que hay que probar. Cuando más cambios hay es de dev a pre.',NULL,91),(6078,1,44,NULL,NULL,90),(6079,1,44,'No se modifica diariamente aunque aplique.',NULL,89),(6080,1,44,NULL,NULL,88),(6081,1,44,NULL,NULL,87),(6082,0,44,NULL,NULL,73),(6083,0,44,NULL,NULL,74),(6084,1,44,'En Jira.',NULL,75),(6085,2,44,'No al 100 %',NULL,76),(6086,2,44,'Habría que asegurarse de que si.',NULL,77),(6087,2,44,'Están priorizadas por etapas de producto no por valor de negocio.',NULL,78),(6088,2,44,NULL,NULL,104),(6089,2,44,NULL,NULL,79),(6090,2,44,'No es lo común pero se ha dado el caso.',NULL,81),(6091,1,44,NULL,NULL,82),(6092,2,44,NULL,NULL,83),(6093,2,44,NULL,NULL,84),(6094,2,44,NULL,NULL,85),(6095,1,44,NULL,NULL,86),(6096,1,44,NULL,NULL,80),(6097,2,44,NULL,NULL,105),(6098,2,44,NULL,NULL,106),(6099,2,44,NULL,NULL,107),(6100,2,44,NULL,NULL,126),(6101,0,44,NULL,NULL,127),(6102,0,44,NULL,NULL,128),(6103,2,44,NULL,NULL,129),(6104,1,44,NULL,NULL,130),(6105,2,44,NULL,NULL,131),(6106,1,44,NULL,NULL,125),(6107,2,44,NULL,NULL,132),(6108,2,44,'Audio solo',NULL,134),(6109,2,44,NULL,NULL,135),(6110,2,44,'Solo Jira + Webex',NULL,136),(6111,2,44,NULL,NULL,137),(6112,2,44,NULL,NULL,138),(6113,2,44,NULL,NULL,139),(6114,1,44,NULL,NULL,133),(6115,0,44,NULL,NULL,72),(6116,1,44,NULL,NULL,124),(6117,2,44,NULL,NULL,122),(6118,1,44,'Sobre todo el Specialist',NULL,108),(6119,1,44,NULL,NULL,109),(6120,2,44,'A veces no se respetan',NULL,110),(6121,1,44,NULL,NULL,111),(6122,1,44,'Alguna vez si.',NULL,112),(6123,1,44,NULL,NULL,113),(6124,1,44,'La conoce pero no la interioriza.',NULL,123),(6125,1,44,'No lo tienen de manera periódica, pero lo han hecho en alguna ocasión.',NULL,114),(6126,1,44,NULL,NULL,116),(6127,2,44,NULL,NULL,117),(6128,2,44,NULL,NULL,118),(6129,2,44,'SP',NULL,119),(6130,2,44,'Planning Poker con dificultad y media.',NULL,120),(6131,2,44,NULL,NULL,121),(6132,2,44,NULL,NULL,115),(6133,2,44,NULL,NULL,140),(6134,2,44,'En cuanto a los objetivos a cumplir y a las vacaciones.\nA menos capacidad de equipo se modifican los sprint.',NULL,71),(6135,0,44,NULL,NULL,69),(6136,2,44,'Hay veces que se hace sobre la marcha o se cambian por los asistentes. Es horario flexible.',NULL,32),(6137,2,44,'Se habla mucho sobre temas funcionales y no siempre se repasan los objetivos.',NULL,31),(6138,1,44,NULL,NULL,30),(6139,2,44,'Se pasan de tiempo.',NULL,29),(6140,2,44,'PO no va.\nSM Sí. \nPM: Maite a veces\nAnalista: Francesco va siempre',NULL,28),(6141,1,44,NULL,NULL,27),(6142,1,44,'Jenkins',NULL,26),(6143,1,44,'Jira.',NULL,25),(6144,2,44,'Si lo hay es el de Fenix',NULL,24),(6145,1,44,'Hay perfiles que tienen menos conocimiento del framework al completo de Scrum. Sería necesario formación.',NULL,23),(6146,1,44,NULL,NULL,22),(6147,1,44,NULL,NULL,21),(6148,2,44,'El perfil Junior hace menos análisis, pero hace codificación y pruebas al igual que el otro perfil.',NULL,20),(6149,2,44,'En ocasiones hay algunas dependencias.\nLos usuarios no tienen permisos para realizar todas sus tareas, por ejemplo el Jenkins.',NULL,19),(6150,1,44,NULL,NULL,18),(6151,1,44,NULL,NULL,17),(6152,1,44,'Respeta las opiniones y deja tomar decisiones.',NULL,16),(6153,1,44,'Los requisitos se trasladan a tareas de Jira del propio cliente. Sprint Planning, PB lo redacta el PO.',NULL,2),(6154,1,44,'Conocimiento funcional del Santander',NULL,3),(6155,2,44,'Solo con SM y PM, con la gente que está en Londres',NULL,4),(6156,1,44,NULL,NULL,5),(6157,2,44,'El PO suele trabajar con otra persona que lo ayuda funcionalmente. Sin capacidad de decisión.',NULL,6),(6158,1,44,NULL,NULL,7),(6159,1,44,NULL,NULL,33),(6160,1,44,'PO compartido con otro proyecto.',NULL,8),(6161,1,44,'Está en Solutions.',NULL,10),(6162,2,44,NULL,NULL,11),(6163,2,44,NULL,NULL,12),(6164,1,44,'Tiene un perfil muy técnico, es un perfil Leader Dev.\nAdemás se comparte con otro proyecto.',NULL,13),(6165,1,44,'Decisiones técnicas.',NULL,14),(6166,1,44,'Aconseja.',NULL,15),(6167,2,44,'Le da igual cómo se implementen las cosas, las decisiones las toma el equipo de desarrollo.',NULL,9),(6168,1,44,NULL,NULL,34),(6169,2,44,'No siempre.\nNo tienen el hábito creado.',NULL,35),(6170,0,44,NULL,NULL,36),(6171,2,44,'No siempre',NULL,55),(6172,1,44,NULL,NULL,56),(6173,2,44,'El resultado al no ser elaborado por el equipo, no lo considero resultado. Incluso puede haber reajustes después de la sesión.',NULL,57),(6174,2,44,'Al ser una decisión no tomadas por ellos en ocasiones lo ven inalcanzable.',NULL,58),(6175,2,44,'El PO expone una serie de tareas a realizar en el Sprint.',NULL,59),(6176,2,44,'Se subdividen el trabajo pero de manera personal.',NULL,60),(6177,1,44,NULL,NULL,54),(6178,1,44,'En SP',NULL,61),(6179,2,44,NULL,NULL,63),(6180,1,44,NULL,NULL,64),(6181,2,44,NULL,NULL,65),(6182,0,44,NULL,NULL,66),(6183,0,44,NULL,NULL,67),(6184,0,44,NULL,NULL,68),(6185,2,44,NULL,NULL,62),(6186,0,44,NULL,NULL,70),(6187,0,44,NULL,NULL,53),(6188,0,44,NULL,NULL,51),(6189,0,44,NULL,NULL,37),(6190,0,44,NULL,NULL,38),(6191,0,44,NULL,NULL,39),(6192,0,44,NULL,NULL,40),(6193,0,44,NULL,NULL,41),(6194,0,44,NULL,NULL,42),(6195,0,44,NULL,NULL,52),(6196,0,44,NULL,NULL,43),(6197,0,44,NULL,NULL,45),(6198,0,44,NULL,NULL,46),(6199,0,44,NULL,NULL,47),(6200,0,44,NULL,NULL,48),(6201,0,44,NULL,NULL,49),(6202,0,44,NULL,NULL,50),(6203,2,44,NULL,NULL,44),(6204,2,44,NULL,NULL,141),(6205,2,45,'2 roles Lara y Alfonso, propios de Iberdrola.\n2 Proyectos: Documentación (Lara) y Proyecto (Alfonso)\nEllos no escriben US',NULL,1),(6206,2,45,NULL,NULL,103),(6207,2,45,'No del todo en el modo práctico.',NULL,102),(6208,2,45,'No siempre\nAl 95 % de lo pactado en la planning',NULL,101),(6209,0,45,NULL,NULL,100),(6210,0,45,NULL,NULL,99),(6211,0,45,NULL,NULL,98),(6212,0,45,NULL,NULL,97),(6213,0,45,NULL,NULL,96),(6214,0,45,NULL,NULL,95),(6215,0,45,NULL,NULL,94),(6216,2,45,NULL,NULL,93),(6217,1,45,NULL,NULL,92),(6218,1,45,NULL,NULL,91),(6219,0,45,NULL,NULL,90),(6220,0,45,NULL,NULL,89),(6221,0,45,NULL,NULL,88),(6222,0,45,NULL,NULL,87),(6223,0,45,NULL,NULL,73),(6224,0,45,NULL,NULL,74),(6225,1,45,NULL,NULL,75),(6226,1,45,NULL,NULL,76),(6227,1,45,NULL,NULL,77),(6228,1,45,NULL,NULL,78),(6229,2,45,NULL,NULL,104),(6230,1,45,NULL,NULL,79),(6231,2,45,NULL,NULL,81),(6232,1,45,NULL,NULL,82),(6233,2,45,NULL,NULL,83),(6234,2,45,NULL,NULL,84),(6235,1,45,NULL,NULL,85),(6236,2,45,NULL,NULL,86),(6237,1,45,NULL,NULL,80),(6238,2,45,NULL,NULL,105),(6239,2,45,NULL,NULL,106),(6240,2,45,NULL,NULL,107),(6241,2,45,'Es una linea recta hasta el final del sprint que se baja porque requieren aprobación del PO',NULL,126),(6242,0,45,NULL,NULL,127),(6243,0,45,NULL,NULL,128),(6244,2,45,NULL,NULL,129),(6245,1,45,NULL,NULL,130),(6246,2,45,NULL,NULL,131),(6247,1,45,NULL,NULL,125),(6248,1,45,NULL,NULL,132),(6249,2,45,'Normalmente skype',NULL,134),(6250,1,45,NULL,NULL,135),(6251,2,45,NULL,NULL,136),(6252,2,45,NULL,NULL,137),(6253,2,45,NULL,NULL,138),(6254,2,45,NULL,NULL,139),(6255,1,45,NULL,NULL,133),(6256,0,45,NULL,NULL,72),(6257,1,45,NULL,NULL,124),(6258,2,45,NULL,NULL,122),(6259,1,45,NULL,NULL,108),(6260,2,45,NULL,NULL,109),(6261,1,45,NULL,NULL,110),(6262,1,45,NULL,NULL,111),(6263,2,45,NULL,NULL,112),(6264,1,45,NULL,NULL,113),(6265,1,45,NULL,NULL,123),(6266,1,45,'Retro',NULL,114),(6267,1,45,NULL,NULL,116),(6268,2,45,NULL,NULL,117),(6269,2,45,NULL,NULL,118),(6270,2,45,NULL,NULL,119),(6271,2,45,'Planning Poker.\nEn base a la complejidad pero sin usar ningún patrón, el criterio es por experiencia y a la baja.',NULL,120),(6272,2,45,NULL,NULL,121),(6273,2,45,NULL,NULL,115),(6274,2,45,NULL,NULL,140),(6275,2,45,'3 semanas de media, pero en vacaciones los modifican.',NULL,71),(6276,1,45,NULL,NULL,69),(6277,1,45,NULL,NULL,32),(6278,1,45,NULL,NULL,31),(6279,1,45,NULL,NULL,30),(6280,1,45,NULL,NULL,29),(6281,1,45,'Los SM + Dev Team',NULL,28),(6282,1,45,NULL,NULL,27),(6283,2,45,NULL,NULL,26),(6284,1,45,'Jira de cliente',NULL,25),(6285,2,45,NULL,NULL,24),(6286,1,45,NULL,NULL,23),(6287,1,45,NULL,NULL,22),(6288,1,45,NULL,NULL,21),(6289,1,45,'Testing + ayuda funcional',NULL,20),(6290,1,45,NULL,NULL,19),(6291,0,45,NULL,NULL,18),(6292,0,45,NULL,NULL,17),(6293,0,45,NULL,NULL,16),(6294,0,45,NULL,NULL,2),(6295,0,45,NULL,NULL,3),(6296,0,45,NULL,NULL,4),(6297,0,45,NULL,NULL,5),(6298,0,45,'Les llega una lista única.',NULL,6),(6299,0,45,NULL,NULL,7),(6300,2,45,NULL,NULL,33),(6301,0,45,'Hace labores propias del negocio.',NULL,8),(6302,2,45,NULL,NULL,10),(6303,0,45,NULL,NULL,11),(6304,0,45,NULL,NULL,12),(6305,0,45,NULL,NULL,13),(6306,0,45,NULL,NULL,14),(6307,0,45,NULL,NULL,15),(6308,0,45,NULL,NULL,9),(6309,2,45,NULL,NULL,34),(6310,1,45,NULL,NULL,35),(6311,1,45,'Diego',NULL,36),(6312,1,45,NULL,NULL,55),(6313,1,45,NULL,NULL,56),(6314,1,45,NULL,NULL,57),(6315,1,45,NULL,NULL,58),(6316,2,45,'Entre el SM y el equipo de desarrollo',NULL,59),(6317,1,45,NULL,NULL,60),(6318,1,45,NULL,NULL,54),(6319,1,45,'SP',NULL,61),(6320,1,45,NULL,NULL,63),(6321,2,45,NULL,NULL,64),(6322,1,45,NULL,NULL,65),(6323,2,45,NULL,NULL,66),(6324,2,45,NULL,NULL,67),(6325,1,45,NULL,NULL,68),(6326,1,45,NULL,NULL,62),(6327,1,45,NULL,NULL,70),(6328,1,45,NULL,NULL,53),(6329,1,45,NULL,NULL,51),(6330,2,45,'Solo SM + Dev Team',NULL,37),(6331,1,45,NULL,NULL,38),(6332,1,45,NULL,NULL,39),(6333,2,45,NULL,NULL,40),(6334,1,45,NULL,NULL,41),(6335,2,45,NULL,NULL,42),(6336,1,45,NULL,NULL,52),(6337,1,45,NULL,NULL,43),(6338,1,45,NULL,NULL,45),(6339,1,45,NULL,NULL,46),(6340,2,45,NULL,NULL,47),(6341,1,45,NULL,NULL,48),(6342,2,45,NULL,NULL,49),(6343,2,45,NULL,NULL,50),(6344,1,45,'Participa el PO',NULL,44),(6345,2,45,NULL,NULL,141),(6346,1,46,'Yoseba, Cliente que expone los requisitos y Jaime los escribe en US.',NULL,1),(6347,2,46,NULL,NULL,103),(6348,2,46,NULL,NULL,102),(6349,1,46,NULL,NULL,101),(6350,0,46,NULL,NULL,100),(6351,0,46,NULL,NULL,99),(6352,0,46,NULL,NULL,98),(6353,0,46,NULL,NULL,97),(6354,0,46,NULL,NULL,96),(6355,0,46,NULL,NULL,95),(6356,0,46,NULL,NULL,94),(6357,2,46,NULL,NULL,93),(6358,2,46,NULL,NULL,92),(6359,1,46,NULL,NULL,91),(6360,1,46,NULL,NULL,90),(6361,1,46,NULL,NULL,89),(6362,1,46,NULL,NULL,88),(6363,1,46,NULL,NULL,87),(6364,0,46,NULL,NULL,73),(6365,0,46,NULL,NULL,74),(6366,1,46,NULL,NULL,75),(6367,1,46,NULL,NULL,76),(6368,1,46,NULL,NULL,77),(6369,1,46,NULL,NULL,78),(6370,1,46,NULL,NULL,104),(6371,1,46,NULL,NULL,79),(6372,1,46,NULL,NULL,81),(6373,1,46,NULL,NULL,82),(6374,2,46,NULL,NULL,83),(6375,2,46,NULL,NULL,84),(6376,1,46,NULL,NULL,85),(6377,1,46,NULL,NULL,86),(6378,1,46,NULL,NULL,80),(6379,2,46,NULL,NULL,105),(6380,2,46,NULL,NULL,106),(6381,2,46,NULL,NULL,107),(6382,2,46,'Esta es la velocidad.',NULL,126),(6383,0,46,NULL,NULL,127),(6384,0,46,NULL,NULL,128),(6385,2,46,NULL,NULL,129),(6386,1,46,NULL,NULL,130),(6387,1,46,NULL,NULL,131),(6388,0,46,NULL,NULL,125),(6389,1,46,NULL,NULL,132),(6390,2,46,'audio',NULL,134),(6391,2,46,NULL,NULL,135),(6392,2,46,NULL,NULL,136),(6393,2,46,NULL,NULL,137),(6394,2,46,NULL,NULL,138),(6395,2,46,NULL,NULL,139),(6396,1,46,NULL,NULL,133),(6397,0,46,NULL,NULL,72),(6398,0,46,NULL,NULL,124),(6399,2,46,NULL,NULL,122),(6400,1,46,'En alguna ocasión si',NULL,108),(6401,1,46,'Replanificaciones',NULL,109),(6402,1,46,'Tienen un contador.',NULL,110),(6403,1,46,NULL,NULL,111),(6404,1,46,NULL,NULL,112),(6405,2,46,NULL,NULL,113),(6406,2,46,'La conoce pero no la usa. Es a nivel de subtareas',NULL,123),(6407,1,46,'En la propia pizarra tienen un apartado dedicado a esto',NULL,114),(6408,1,46,NULL,NULL,116),(6409,1,46,NULL,NULL,117),(6410,1,46,NULL,NULL,118),(6411,2,46,'SP',NULL,119),(6412,2,46,'Planning Poker',NULL,120),(6413,2,46,NULL,NULL,121),(6414,2,46,NULL,NULL,115),(6415,2,46,NULL,NULL,140),(6416,2,46,NULL,NULL,71),(6417,0,46,NULL,NULL,69),(6418,1,46,NULL,NULL,32),(6419,1,46,NULL,NULL,31),(6420,1,46,'Se suelen mencionar problemas de VPN',NULL,30),(6421,2,46,'Ha habido momentos en los que superan el tiempo por explicaciones extensas.',NULL,29),(6422,2,46,NULL,NULL,28),(6423,1,46,NULL,NULL,27),(6424,2,46,NULL,NULL,26),(6425,1,46,'Jira, Interna de gestión del Sprint y Fenix.',NULL,25),(6426,1,46,'Se añade un % para acciones que no aportan valor.',NULL,24),(6427,1,46,'Es un proyecto que pasó de metodología tradicional a scrum, han recibido una formación base de scrum.',NULL,23),(6428,1,46,NULL,NULL,22),(6429,1,46,NULL,NULL,21),(6430,1,46,NULL,NULL,20),(6431,1,46,NULL,NULL,19),(6432,2,46,NULL,NULL,18),(6433,2,46,NULL,NULL,17),(6434,2,46,NULL,NULL,16),(6435,1,46,NULL,NULL,2),(6436,1,46,NULL,NULL,3),(6437,2,46,'En la review, en el refinamiento y en la planning',NULL,4),(6438,1,46,NULL,NULL,5),(6439,1,46,NULL,NULL,6),(6440,1,46,NULL,NULL,7),(6441,1,46,NULL,NULL,33),(6442,1,46,NULL,NULL,8),(6443,1,46,NULL,NULL,10),(6444,2,46,NULL,NULL,11),(6445,2,46,NULL,NULL,12),(6446,1,46,NULL,NULL,13),(6447,1,46,NULL,NULL,14),(6448,1,46,NULL,NULL,15),(6449,2,46,NULL,NULL,9),(6450,1,46,NULL,NULL,34),(6451,1,46,NULL,NULL,35),(6452,1,46,'Javier',NULL,36),(6453,2,46,NULL,NULL,55),(6454,1,46,NULL,NULL,56),(6455,1,46,'Intentan planificar mas de lo que acometen para tener un backlog disponible',NULL,57),(6456,1,46,NULL,NULL,58),(6457,2,46,NULL,NULL,59),(6458,1,46,'Se dividen en analisis, desarrollo ...',NULL,60),(6459,1,46,NULL,NULL,54),(6460,1,46,'En horas.',NULL,61),(6461,2,46,NULL,NULL,63),(6462,2,46,NULL,NULL,64),(6463,2,46,'Una o dos veces en el sprint.\nJavier es quien la convoca.\nPO + Javier + Raul + Jaime, pero no todo el equipo.',NULL,65),(6464,0,46,NULL,NULL,66),(6465,0,46,NULL,NULL,67),(6466,0,46,NULL,NULL,68),(6467,1,46,NULL,NULL,62),(6468,0,46,NULL,NULL,70),(6469,2,46,'Lo hace Jaime.',NULL,53),(6470,2,46,NULL,NULL,51),(6471,2,46,'Excepto el PO',NULL,37),(6472,1,46,NULL,NULL,38),(6473,1,46,NULL,NULL,39),(6474,1,46,NULL,NULL,40),(6475,1,46,NULL,NULL,41),(6476,2,46,NULL,NULL,42),(6477,1,46,NULL,NULL,52),(6478,1,46,NULL,NULL,43),(6479,1,46,NULL,NULL,45),(6480,1,46,NULL,NULL,46),(6481,2,46,NULL,NULL,47),(6482,1,46,NULL,NULL,48),(6483,2,46,NULL,NULL,49),(6484,2,46,NULL,NULL,50),(6485,1,46,NULL,NULL,44),(6486,2,46,NULL,NULL,141),(6487,1,47,NULL,NULL,1),(6488,0,47,NULL,NULL,103),(6489,0,47,NULL,NULL,102),(6490,0,47,NULL,NULL,101),(6491,0,47,NULL,NULL,100),(6492,0,47,NULL,NULL,99),(6493,0,47,NULL,NULL,98),(6494,0,47,NULL,NULL,97),(6495,0,47,NULL,NULL,96),(6496,0,47,NULL,NULL,95),(6497,0,47,NULL,NULL,94),(6498,0,47,NULL,NULL,93),(6499,0,47,NULL,NULL,92),(6500,0,47,NULL,NULL,91),(6501,0,47,NULL,NULL,90),(6502,0,47,NULL,NULL,89),(6503,0,47,NULL,NULL,88),(6504,0,47,NULL,NULL,87),(6505,0,47,NULL,NULL,73),(6506,0,47,NULL,NULL,74),(6507,0,47,NULL,NULL,75),(6508,0,47,NULL,NULL,76),(6509,0,47,NULL,NULL,77),(6510,0,47,NULL,NULL,78),(6511,0,47,NULL,NULL,104),(6512,0,47,NULL,NULL,79),(6513,0,47,NULL,NULL,81),(6514,0,47,NULL,NULL,82),(6515,0,47,NULL,NULL,83),(6516,0,47,NULL,NULL,84),(6517,0,47,NULL,NULL,85),(6518,0,47,NULL,NULL,86),(6519,0,47,NULL,NULL,80),(6520,0,47,NULL,NULL,105),(6521,0,47,NULL,NULL,106),(6522,0,47,NULL,NULL,107),(6523,0,47,NULL,NULL,126),(6524,0,47,NULL,NULL,127),(6525,0,47,NULL,NULL,128),(6526,0,47,NULL,NULL,129),(6527,0,47,NULL,NULL,130),(6528,0,47,NULL,NULL,131),(6529,0,47,NULL,NULL,125),(6530,0,47,NULL,NULL,132),(6531,0,47,NULL,NULL,134),(6532,0,47,NULL,NULL,135),(6533,0,47,NULL,NULL,136),(6534,0,47,NULL,NULL,137),(6535,0,47,NULL,NULL,138),(6536,0,47,NULL,NULL,139),(6537,0,47,NULL,NULL,133),(6538,0,47,NULL,NULL,72),(6539,0,47,NULL,NULL,124),(6540,0,47,NULL,NULL,122),(6541,0,47,NULL,NULL,108),(6542,0,47,NULL,NULL,109),(6543,0,47,NULL,NULL,110),(6544,0,47,NULL,NULL,111),(6545,0,47,NULL,NULL,112),(6546,0,47,NULL,NULL,113),(6547,0,47,NULL,NULL,123),(6548,0,47,NULL,NULL,114),(6549,0,47,NULL,NULL,116),(6550,0,47,NULL,NULL,117),(6551,0,47,NULL,NULL,118),(6552,0,47,NULL,NULL,119),(6553,0,47,NULL,NULL,120),(6554,0,47,NULL,NULL,121),(6555,0,47,NULL,NULL,115),(6556,0,47,NULL,NULL,140),(6557,0,47,NULL,NULL,71),(6558,0,47,NULL,NULL,69),(6559,0,47,NULL,NULL,32),(6560,0,47,NULL,NULL,31),(6561,0,47,NULL,NULL,30),(6562,0,47,NULL,NULL,29),(6563,0,47,NULL,NULL,28),(6564,2,47,NULL,NULL,27),(6565,2,47,NULL,NULL,26),(6566,2,47,NULL,NULL,25),(6567,2,47,NULL,NULL,24),(6568,2,47,NULL,NULL,23),(6569,2,47,NULL,NULL,22),(6570,2,47,NULL,NULL,21),(6571,2,47,NULL,NULL,20),(6572,2,47,NULL,NULL,19),(6573,0,47,NULL,NULL,18),(6574,0,47,NULL,NULL,17),(6575,0,47,NULL,NULL,16),(6576,1,47,NULL,NULL,2),(6577,1,47,NULL,NULL,3),(6578,1,47,NULL,NULL,4),(6579,2,47,NULL,NULL,5),(6580,2,47,NULL,NULL,6),(6581,1,47,NULL,NULL,7),(6582,0,47,NULL,NULL,33),(6583,1,47,NULL,NULL,8),(6584,2,47,NULL,NULL,10),(6585,0,47,NULL,NULL,11),(6586,0,47,NULL,NULL,12),(6587,0,47,NULL,NULL,13),(6588,0,47,NULL,NULL,14),(6589,0,47,NULL,NULL,15),(6590,2,47,NULL,NULL,9),(6591,0,47,NULL,NULL,34),(6592,2,47,NULL,NULL,35),(6593,0,47,NULL,NULL,36),(6594,0,47,NULL,NULL,55),(6595,0,47,NULL,NULL,56),(6596,0,47,NULL,NULL,57),(6597,0,47,NULL,NULL,58),(6598,0,47,NULL,NULL,59),(6599,0,47,NULL,NULL,60),(6600,0,47,NULL,NULL,54),(6601,0,47,NULL,NULL,61),(6602,0,47,NULL,NULL,63),(6603,0,47,NULL,NULL,64),(6604,0,47,NULL,NULL,65),(6605,0,47,NULL,NULL,66),(6606,0,47,NULL,NULL,67),(6607,0,47,NULL,NULL,68),(6608,0,47,NULL,NULL,62),(6609,0,47,NULL,NULL,70),(6610,0,47,NULL,NULL,53),(6611,0,47,NULL,NULL,51),(6612,0,47,NULL,NULL,37),(6613,0,47,NULL,NULL,38),(6614,0,47,NULL,NULL,39),(6615,0,47,NULL,NULL,40),(6616,0,47,NULL,NULL,41),(6617,0,47,NULL,NULL,42),(6618,0,47,NULL,NULL,52),(6619,0,47,NULL,NULL,43),(6620,0,47,NULL,NULL,45),(6621,0,47,NULL,NULL,46),(6622,0,47,NULL,NULL,47),(6623,0,47,NULL,NULL,48),(6624,0,47,NULL,NULL,49),(6625,0,47,NULL,NULL,50),(6626,2,47,NULL,NULL,44),(6627,0,47,NULL,NULL,141),(6628,1,48,NULL,NULL,1),(6629,1,48,NULL,NULL,103),(6630,1,48,NULL,NULL,102),(6631,1,48,NULL,NULL,101),(6632,1,48,NULL,NULL,100),(6633,1,48,NULL,NULL,99),(6634,1,48,NULL,NULL,98),(6635,1,48,NULL,NULL,97),(6636,1,48,NULL,NULL,96),(6637,1,48,NULL,NULL,95),(6638,1,48,NULL,NULL,94),(6639,1,48,NULL,NULL,93),(6640,1,48,NULL,NULL,92),(6641,1,48,NULL,NULL,91),(6642,1,48,NULL,NULL,90),(6643,1,48,NULL,NULL,89),(6644,1,48,NULL,NULL,88),(6645,1,48,NULL,NULL,87),(6646,1,48,NULL,NULL,73),(6647,1,48,NULL,NULL,74),(6648,1,48,NULL,NULL,75),(6649,1,48,NULL,NULL,76),(6650,1,48,NULL,NULL,77),(6651,1,48,NULL,NULL,78),(6652,1,48,NULL,NULL,104),(6653,1,48,NULL,NULL,79),(6654,1,48,NULL,NULL,81),(6655,1,48,NULL,NULL,82),(6656,1,48,NULL,NULL,83),(6657,1,48,NULL,NULL,84),(6658,1,48,NULL,NULL,85),(6659,1,48,NULL,NULL,86),(6660,1,48,NULL,NULL,80),(6661,1,48,NULL,NULL,105),(6662,1,48,NULL,NULL,106),(6663,1,48,NULL,NULL,107),(6664,1,48,NULL,NULL,126),(6665,1,48,NULL,NULL,127),(6666,1,48,NULL,NULL,128),(6667,1,48,NULL,NULL,129),(6668,1,48,NULL,NULL,130),(6669,1,48,NULL,NULL,131),(6670,1,48,NULL,NULL,125),(6671,1,48,NULL,NULL,132),(6672,1,48,NULL,NULL,134),(6673,1,48,NULL,NULL,135),(6674,1,48,NULL,NULL,136),(6675,1,48,NULL,NULL,137),(6676,1,48,NULL,NULL,138),(6677,1,48,NULL,NULL,139),(6678,1,48,NULL,NULL,133),(6679,1,48,NULL,NULL,72),(6680,1,48,NULL,NULL,124),(6681,1,48,NULL,NULL,122),(6682,1,48,NULL,NULL,108),(6683,1,48,NULL,NULL,109),(6684,1,48,NULL,NULL,110),(6685,1,48,NULL,NULL,111),(6686,1,48,NULL,NULL,112),(6687,1,48,NULL,NULL,113),(6688,1,48,NULL,NULL,123),(6689,1,48,NULL,NULL,114),(6690,1,48,NULL,NULL,116),(6691,1,48,NULL,NULL,117),(6692,1,48,NULL,NULL,118),(6693,1,48,NULL,NULL,119),(6694,1,48,NULL,NULL,120),(6695,1,48,NULL,NULL,121),(6696,1,48,NULL,NULL,115),(6697,1,48,NULL,NULL,140),(6698,1,48,NULL,NULL,71),(6699,1,48,NULL,NULL,69),(6700,1,48,NULL,NULL,32),(6701,1,48,NULL,NULL,31),(6702,1,48,NULL,NULL,30),(6703,1,48,NULL,NULL,29),(6704,1,48,NULL,NULL,28),(6705,1,48,NULL,NULL,27),(6706,1,48,NULL,NULL,26),(6707,1,48,NULL,NULL,25),(6708,1,48,NULL,NULL,24),(6709,1,48,NULL,NULL,23),(6710,1,48,NULL,NULL,22),(6711,1,48,NULL,NULL,21),(6712,1,48,NULL,NULL,20),(6713,1,48,NULL,NULL,19),(6714,1,48,NULL,NULL,18),(6715,1,48,NULL,NULL,17),(6716,1,48,NULL,NULL,16),(6717,1,48,NULL,NULL,2),(6718,1,48,NULL,NULL,3),(6719,1,48,NULL,NULL,4),(6720,1,48,NULL,NULL,5),(6721,1,48,NULL,NULL,6),(6722,1,48,NULL,NULL,7),(6723,1,48,NULL,NULL,33),(6724,1,48,NULL,NULL,8),(6725,1,48,NULL,NULL,10),(6726,1,48,NULL,NULL,11),(6727,1,48,NULL,NULL,12),(6728,1,48,NULL,NULL,13),(6729,1,48,NULL,NULL,14),(6730,1,48,NULL,NULL,15),(6731,1,48,NULL,NULL,9),(6732,1,48,NULL,NULL,34),(6733,1,48,NULL,NULL,35),(6734,1,48,NULL,NULL,36),(6735,1,48,NULL,NULL,55),(6736,1,48,NULL,NULL,56),(6737,1,48,NULL,NULL,57),(6738,1,48,NULL,NULL,58),(6739,1,48,NULL,NULL,59),(6740,1,48,NULL,NULL,60),(6741,1,48,NULL,NULL,54),(6742,1,48,NULL,NULL,61),(6743,1,48,NULL,NULL,63),(6744,1,48,NULL,NULL,64),(6745,1,48,NULL,NULL,65),(6746,1,48,NULL,NULL,66),(6747,1,48,NULL,NULL,67),(6748,1,48,NULL,NULL,68),(6749,1,48,NULL,NULL,62),(6750,1,48,NULL,NULL,70),(6751,1,48,NULL,NULL,53),(6752,1,48,NULL,NULL,51),(6753,1,48,NULL,NULL,37),(6754,1,48,NULL,NULL,38),(6755,1,48,NULL,NULL,39),(6756,1,48,NULL,NULL,40),(6757,1,48,NULL,NULL,41),(6758,1,48,NULL,NULL,42),(6759,1,48,NULL,NULL,52),(6760,1,48,NULL,NULL,43),(6761,1,48,NULL,NULL,45),(6762,1,48,NULL,NULL,46),(6763,1,48,NULL,NULL,47),(6764,1,48,NULL,NULL,48),(6765,1,48,NULL,NULL,49),(6766,1,48,NULL,NULL,50),(6767,1,48,NULL,NULL,44),(6768,1,48,NULL,NULL,141),(7051,1,51,NULL,NULL,1),(7052,0,51,NULL,NULL,103),(7053,0,51,NULL,NULL,102),(7054,0,51,NULL,NULL,101),(7055,0,51,NULL,NULL,100),(7056,0,51,NULL,NULL,99),(7057,0,51,NULL,NULL,98),(7058,0,51,NULL,NULL,97),(7059,0,51,NULL,NULL,96),(7060,0,51,NULL,NULL,95),(7061,0,51,NULL,NULL,94),(7062,0,51,NULL,NULL,93),(7063,0,51,NULL,NULL,92),(7064,0,51,NULL,NULL,91),(7065,0,51,NULL,NULL,90),(7066,0,51,NULL,NULL,89),(7067,0,51,NULL,NULL,88),(7068,0,51,NULL,NULL,87),(7069,0,51,NULL,NULL,73),(7070,0,51,NULL,NULL,74),(7071,0,51,NULL,NULL,75),(7072,0,51,NULL,NULL,76),(7073,0,51,NULL,NULL,77),(7074,0,51,NULL,NULL,78),(7075,0,51,NULL,NULL,104),(7076,0,51,NULL,NULL,79),(7077,0,51,NULL,NULL,81),(7078,0,51,NULL,NULL,82),(7079,0,51,NULL,NULL,83),(7080,0,51,NULL,NULL,84),(7081,0,51,NULL,NULL,85),(7082,0,51,NULL,NULL,86),(7083,0,51,NULL,NULL,80),(7084,0,51,NULL,NULL,105),(7085,0,51,NULL,NULL,106),(7086,0,51,NULL,NULL,107),(7087,0,51,NULL,NULL,126),(7088,0,51,NULL,NULL,127),(7089,0,51,NULL,NULL,128),(7090,0,51,NULL,NULL,129),(7091,0,51,NULL,NULL,130),(7092,0,51,NULL,NULL,131),(7093,0,51,NULL,NULL,125),(7094,0,51,NULL,NULL,132),(7095,0,51,NULL,NULL,134),(7096,0,51,NULL,NULL,135),(7097,0,51,NULL,NULL,136),(7098,0,51,NULL,NULL,137),(7099,0,51,NULL,NULL,138),(7100,0,51,NULL,NULL,139),(7101,0,51,NULL,NULL,133),(7102,0,51,NULL,NULL,72),(7103,0,51,NULL,NULL,124),(7104,0,51,NULL,NULL,122),(7105,0,51,NULL,NULL,108),(7106,0,51,NULL,NULL,109),(7107,0,51,NULL,NULL,110),(7108,0,51,NULL,NULL,111),(7109,0,51,NULL,NULL,112),(7110,0,51,NULL,NULL,113),(7111,0,51,NULL,NULL,123),(7112,0,51,NULL,NULL,114),(7113,0,51,NULL,NULL,116),(7114,0,51,NULL,NULL,117),(7115,0,51,NULL,NULL,118),(7116,0,51,NULL,NULL,119),(7117,0,51,NULL,NULL,120),(7118,0,51,NULL,NULL,121),(7119,0,51,NULL,NULL,115),(7120,0,51,NULL,NULL,140),(7121,0,51,NULL,NULL,71),(7122,0,51,NULL,NULL,69),(7123,0,51,NULL,NULL,32),(7124,0,51,NULL,NULL,31),(7125,0,51,NULL,NULL,30),(7126,0,51,NULL,NULL,29),(7127,0,51,NULL,NULL,28),(7128,0,51,NULL,NULL,27),(7129,0,51,NULL,NULL,26),(7130,0,51,NULL,NULL,25),(7131,0,51,NULL,NULL,24),(7132,0,51,NULL,NULL,23),(7133,0,51,NULL,NULL,22),(7134,0,51,NULL,NULL,21),(7135,0,51,NULL,NULL,20),(7136,0,51,NULL,NULL,19),(7137,0,51,NULL,NULL,18),(7138,0,51,NULL,NULL,17),(7139,0,51,NULL,NULL,16),(7140,0,51,NULL,NULL,2),(7141,0,51,NULL,NULL,3),(7142,0,51,NULL,NULL,4),(7143,0,51,NULL,NULL,5),(7144,0,51,NULL,NULL,6),(7145,0,51,NULL,NULL,7),(7146,0,51,NULL,NULL,33),(7147,0,51,NULL,NULL,8),(7148,0,51,NULL,NULL,10),(7149,0,51,NULL,NULL,11),(7150,0,51,NULL,NULL,12),(7151,0,51,NULL,NULL,13),(7152,0,51,NULL,NULL,14),(7153,0,51,NULL,NULL,15),(7154,0,51,NULL,NULL,9),(7155,0,51,NULL,NULL,34),(7156,0,51,NULL,NULL,35),(7157,0,51,NULL,NULL,36),(7158,0,51,NULL,NULL,55),(7159,0,51,NULL,NULL,56),(7160,0,51,NULL,NULL,57),(7161,0,51,NULL,NULL,58),(7162,0,51,NULL,NULL,59),(7163,0,51,NULL,NULL,60),(7164,0,51,NULL,NULL,54),(7165,0,51,NULL,NULL,61),(7166,0,51,NULL,NULL,63),(7167,0,51,NULL,NULL,64),(7168,0,51,NULL,NULL,65),(7169,0,51,NULL,NULL,66),(7170,0,51,NULL,NULL,67),(7171,0,51,NULL,NULL,68),(7172,0,51,NULL,NULL,62),(7173,0,51,NULL,NULL,70),(7174,0,51,NULL,NULL,53),(7175,0,51,NULL,NULL,51),(7176,0,51,NULL,NULL,37),(7177,0,51,NULL,NULL,38),(7178,0,51,NULL,NULL,39),(7179,0,51,NULL,NULL,40),(7180,0,51,NULL,NULL,41),(7181,0,51,NULL,NULL,42),(7182,0,51,NULL,NULL,52),(7183,0,51,NULL,NULL,43),(7184,0,51,NULL,NULL,45),(7185,0,51,NULL,NULL,46),(7186,0,51,NULL,NULL,47),(7187,0,51,NULL,NULL,48),(7188,0,51,NULL,NULL,49),(7189,0,51,NULL,NULL,50),(7190,0,51,NULL,NULL,44),(7191,0,51,NULL,NULL,141),(7192,1,52,NULL,NULL,1),(7193,1,52,NULL,NULL,103),(7194,1,52,NULL,NULL,102),(7195,1,52,NULL,NULL,101),(7196,1,52,NULL,NULL,100),(7197,1,52,NULL,NULL,99),(7198,1,52,NULL,NULL,98),(7199,1,52,NULL,NULL,97),(7200,1,52,NULL,NULL,96),(7201,1,52,NULL,NULL,95),(7202,1,52,NULL,NULL,94),(7203,1,52,NULL,NULL,93),(7204,1,52,NULL,NULL,92),(7205,1,52,NULL,NULL,91),(7206,1,52,NULL,NULL,90),(7207,1,52,NULL,NULL,89),(7208,1,52,NULL,NULL,88),(7209,1,52,NULL,NULL,87),(7210,1,52,NULL,NULL,73),(7211,1,52,NULL,NULL,74),(7212,1,52,NULL,NULL,75),(7213,1,52,NULL,NULL,76),(7214,1,52,NULL,NULL,77),(7215,1,52,NULL,NULL,78),(7216,1,52,NULL,NULL,104),(7217,1,52,NULL,NULL,79),(7218,1,52,NULL,NULL,81),(7219,1,52,NULL,NULL,82),(7220,1,52,NULL,NULL,83),(7221,1,52,NULL,NULL,84),(7222,1,52,NULL,NULL,85),(7223,1,52,NULL,NULL,86),(7224,1,52,NULL,NULL,80),(7225,1,52,NULL,NULL,105),(7226,1,52,NULL,NULL,106),(7227,1,52,NULL,NULL,107),(7228,1,52,NULL,NULL,126),(7229,1,52,NULL,NULL,127),(7230,1,52,NULL,NULL,128),(7231,1,52,NULL,NULL,129),(7232,1,52,NULL,NULL,130),(7233,1,52,NULL,NULL,131),(7234,1,52,NULL,NULL,125),(7235,1,52,NULL,NULL,132),(7236,1,52,NULL,NULL,134),(7237,1,52,NULL,NULL,135),(7238,1,52,NULL,NULL,136),(7239,1,52,NULL,NULL,137),(7240,1,52,NULL,NULL,138),(7241,1,52,NULL,NULL,139),(7242,1,52,NULL,NULL,133),(7243,1,52,NULL,NULL,72),(7244,1,52,NULL,NULL,124),(7245,1,52,NULL,NULL,122),(7246,1,52,NULL,NULL,108),(7247,1,52,NULL,NULL,109),(7248,1,52,NULL,NULL,110),(7249,1,52,NULL,NULL,111),(7250,1,52,NULL,NULL,112),(7251,1,52,NULL,NULL,113),(7252,1,52,NULL,NULL,123),(7253,1,52,NULL,NULL,114),(7254,1,52,NULL,NULL,116),(7255,1,52,NULL,NULL,117),(7256,1,52,NULL,NULL,118),(7257,1,52,NULL,NULL,119),(7258,1,52,NULL,NULL,120),(7259,1,52,NULL,NULL,121),(7260,1,52,NULL,NULL,115),(7261,1,52,NULL,NULL,140),(7262,1,52,NULL,NULL,71),(7263,1,52,NULL,NULL,69),(7264,1,52,NULL,NULL,32),(7265,1,52,NULL,NULL,31),(7266,1,52,NULL,NULL,30),(7267,1,52,NULL,NULL,29),(7268,1,52,NULL,NULL,28),(7269,1,52,NULL,NULL,27),(7270,1,52,NULL,NULL,26),(7271,1,52,NULL,NULL,25),(7272,1,52,NULL,NULL,24),(7273,1,52,NULL,NULL,23),(7274,1,52,NULL,NULL,22),(7275,1,52,NULL,NULL,21),(7276,1,52,NULL,NULL,20),(7277,1,52,NULL,NULL,19),(7278,1,52,NULL,NULL,18),(7279,1,52,NULL,NULL,17),(7280,1,52,NULL,NULL,16),(7281,2,52,NULL,NULL,2),(7282,2,52,NULL,NULL,3),(7283,2,52,NULL,NULL,4),(7284,2,52,NULL,NULL,5),(7285,2,52,NULL,NULL,6),(7286,2,52,NULL,NULL,7),(7287,1,52,NULL,NULL,33),(7288,2,52,NULL,NULL,8),(7289,1,52,NULL,NULL,10),(7290,1,52,NULL,NULL,11),(7291,1,52,NULL,NULL,12),(7292,1,52,NULL,NULL,13),(7293,1,52,NULL,NULL,14),(7294,1,52,NULL,NULL,15),(7295,2,52,NULL,NULL,9),(7296,1,52,NULL,NULL,34),(7297,1,52,NULL,NULL,35),(7298,1,52,NULL,NULL,36),(7299,1,52,NULL,NULL,55),(7300,1,52,NULL,NULL,56),(7301,1,52,NULL,NULL,57),(7302,1,52,NULL,NULL,58),(7303,1,52,NULL,NULL,59),(7304,1,52,NULL,NULL,60),(7305,1,52,NULL,NULL,54),(7306,1,52,NULL,NULL,61),(7307,1,52,NULL,NULL,63),(7308,1,52,NULL,NULL,64),(7309,1,52,NULL,NULL,65),(7310,1,52,NULL,NULL,66),(7311,1,52,NULL,NULL,67),(7312,1,52,NULL,NULL,68),(7313,1,52,NULL,NULL,62),(7314,1,52,NULL,NULL,70),(7315,1,52,NULL,NULL,53),(7316,1,52,NULL,NULL,51),(7317,1,52,NULL,NULL,37),(7318,1,52,NULL,NULL,38),(7319,1,52,NULL,NULL,39),(7320,1,52,NULL,NULL,40),(7321,1,52,NULL,NULL,41),(7322,1,52,NULL,NULL,42),(7323,1,52,NULL,NULL,52),(7324,1,52,NULL,NULL,43),(7325,1,52,NULL,NULL,45),(7326,1,52,NULL,NULL,46),(7327,1,52,NULL,NULL,47),(7328,1,52,NULL,NULL,48),(7329,1,52,NULL,NULL,49),(7330,1,52,NULL,NULL,50),(7331,1,52,NULL,NULL,44),(7332,1,52,NULL,NULL,141),(7333,0,53,NULL,NULL,1),(7334,0,53,NULL,NULL,103),(7335,0,53,NULL,NULL,102),(7336,0,53,NULL,NULL,101),(7337,0,53,NULL,NULL,100),(7338,0,53,NULL,NULL,99),(7339,0,53,NULL,NULL,98),(7340,0,53,NULL,NULL,97),(7341,0,53,NULL,NULL,96),(7342,0,53,NULL,NULL,95),(7343,0,53,NULL,NULL,94),(7344,0,53,NULL,NULL,93),(7345,0,53,NULL,NULL,92),(7346,0,53,NULL,NULL,91),(7347,0,53,NULL,NULL,90),(7348,0,53,NULL,NULL,89),(7349,0,53,NULL,NULL,88),(7350,0,53,NULL,NULL,87),(7351,0,53,NULL,NULL,73),(7352,0,53,NULL,NULL,74),(7353,0,53,NULL,NULL,75),(7354,0,53,NULL,NULL,76),(7355,0,53,NULL,NULL,77),(7356,0,53,NULL,NULL,78),(7357,0,53,NULL,NULL,104),(7358,0,53,NULL,NULL,79),(7359,0,53,NULL,NULL,81),(7360,0,53,NULL,NULL,82),(7361,0,53,NULL,NULL,83),(7362,0,53,NULL,NULL,84),(7363,0,53,NULL,NULL,85),(7364,0,53,NULL,NULL,86),(7365,0,53,NULL,NULL,80),(7366,0,53,NULL,NULL,105),(7367,0,53,NULL,NULL,106),(7368,0,53,NULL,NULL,107),(7369,0,53,NULL,NULL,126),(7370,0,53,NULL,NULL,127),(7371,0,53,NULL,NULL,128),(7372,0,53,NULL,NULL,129),(7373,0,53,NULL,NULL,130),(7374,0,53,NULL,NULL,131),(7375,0,53,NULL,NULL,125),(7376,0,53,NULL,NULL,132),(7377,0,53,NULL,NULL,134),(7378,0,53,NULL,NULL,135),(7379,0,53,NULL,NULL,136),(7380,0,53,NULL,NULL,137),(7381,0,53,NULL,NULL,138),(7382,0,53,NULL,NULL,139),(7383,0,53,NULL,NULL,133),(7384,0,53,NULL,NULL,72),(7385,0,53,NULL,NULL,124),(7386,0,53,NULL,NULL,122),(7387,0,53,NULL,NULL,108),(7388,0,53,NULL,NULL,109),(7389,0,53,NULL,NULL,110),(7390,0,53,NULL,NULL,111),(7391,0,53,NULL,NULL,112),(7392,0,53,NULL,NULL,113),(7393,0,53,NULL,NULL,123),(7394,0,53,NULL,NULL,114),(7395,0,53,NULL,NULL,116),(7396,0,53,NULL,NULL,117),(7397,0,53,NULL,NULL,118),(7398,0,53,NULL,NULL,119),(7399,0,53,NULL,NULL,120),(7400,0,53,NULL,NULL,121),(7401,0,53,NULL,NULL,115),(7402,0,53,NULL,NULL,140),(7403,0,53,NULL,NULL,71),(7404,0,53,NULL,NULL,69),(7405,0,53,NULL,NULL,32),(7406,0,53,NULL,NULL,31),(7407,0,53,NULL,NULL,30),(7408,0,53,NULL,NULL,29),(7409,0,53,NULL,NULL,28),(7410,0,53,NULL,NULL,27),(7411,0,53,NULL,NULL,26),(7412,0,53,NULL,NULL,25),(7413,0,53,NULL,NULL,24),(7414,0,53,NULL,NULL,23),(7415,0,53,NULL,NULL,22),(7416,0,53,NULL,NULL,21),(7417,0,53,NULL,NULL,20),(7418,0,53,NULL,NULL,19),(7419,0,53,NULL,NULL,18),(7420,0,53,NULL,NULL,17),(7421,0,53,NULL,NULL,16),(7422,0,53,NULL,NULL,2),(7423,0,53,NULL,NULL,3),(7424,0,53,NULL,NULL,4),(7425,0,53,NULL,NULL,5),(7426,0,53,NULL,NULL,6),(7427,0,53,NULL,NULL,7),(7428,0,53,NULL,NULL,33),(7429,0,53,NULL,NULL,8),(7430,0,53,NULL,NULL,10),(7431,0,53,NULL,NULL,11),(7432,0,53,NULL,NULL,12),(7433,0,53,NULL,NULL,13),(7434,0,53,NULL,NULL,14),(7435,0,53,NULL,NULL,15),(7436,0,53,NULL,NULL,9),(7437,0,53,NULL,NULL,34),(7438,0,53,NULL,NULL,35),(7439,0,53,NULL,NULL,36),(7440,0,53,NULL,NULL,55),(7441,0,53,NULL,NULL,56),(7442,0,53,NULL,NULL,57),(7443,0,53,NULL,NULL,58),(7444,0,53,NULL,NULL,59),(7445,0,53,NULL,NULL,60),(7446,0,53,NULL,NULL,54),(7447,0,53,NULL,NULL,61),(7448,0,53,NULL,NULL,63),(7449,0,53,NULL,NULL,64),(7450,0,53,NULL,NULL,65),(7451,0,53,NULL,NULL,66),(7452,0,53,NULL,NULL,67),(7453,0,53,NULL,NULL,68),(7454,0,53,NULL,NULL,62),(7455,0,53,NULL,NULL,70),(7456,0,53,NULL,NULL,53),(7457,0,53,NULL,NULL,51),(7458,0,53,NULL,NULL,37),(7459,0,53,NULL,NULL,38),(7460,0,53,NULL,NULL,39),(7461,0,53,NULL,NULL,40),(7462,0,53,NULL,NULL,41),(7463,0,53,NULL,NULL,42),(7464,0,53,NULL,NULL,52),(7465,0,53,NULL,NULL,43),(7466,0,53,NULL,NULL,45),(7467,0,53,NULL,NULL,46),(7468,0,53,NULL,NULL,47),(7469,0,53,NULL,NULL,48),(7470,0,53,NULL,NULL,49),(7471,0,53,NULL,NULL,50),(7472,0,53,NULL,NULL,44),(7473,0,53,NULL,NULL,141),(7615,0,55,NULL,NULL,1),(7616,2,55,NULL,NULL,103),(7617,2,55,NULL,NULL,102),(7618,1,55,NULL,NULL,101),(7619,0,55,NULL,NULL,100),(7620,0,55,NULL,NULL,99),(7621,0,55,NULL,NULL,98),(7622,0,55,NULL,NULL,97),(7623,0,55,NULL,NULL,96),(7624,0,55,NULL,NULL,95),(7625,0,55,NULL,NULL,94),(7626,0,55,NULL,NULL,93),(7627,0,55,NULL,NULL,92),(7628,0,55,NULL,NULL,91),(7629,0,55,NULL,NULL,90),(7630,0,55,NULL,NULL,89),(7631,0,55,NULL,NULL,88),(7632,0,55,NULL,NULL,87),(7633,0,55,NULL,NULL,73),(7634,0,55,NULL,NULL,74),(7635,0,55,NULL,NULL,75),(7636,0,55,NULL,NULL,76),(7637,0,55,NULL,NULL,77),(7638,0,55,NULL,NULL,78),(7639,1,55,NULL,NULL,104),(7640,0,55,NULL,NULL,79),(7641,0,55,NULL,NULL,81),(7642,0,55,NULL,NULL,82),(7643,0,55,NULL,NULL,83),(7644,0,55,NULL,NULL,84),(7645,0,55,NULL,NULL,85),(7646,0,55,NULL,NULL,86),(7647,0,55,NULL,NULL,80),(7648,2,55,NULL,NULL,105),(7649,2,55,'dsfsdfdsf',NULL,106),(7650,2,55,'dsfsdfsdf',NULL,107),(7651,0,55,NULL,NULL,126),(7652,0,55,NULL,NULL,127),(7653,0,55,NULL,NULL,128),(7654,0,55,NULL,NULL,129),(7655,0,55,NULL,NULL,130),(7656,0,55,NULL,NULL,131),(7657,0,55,NULL,NULL,125),(7658,0,55,NULL,NULL,132),(7659,0,55,NULL,NULL,134),(7660,0,55,NULL,NULL,135),(7661,0,55,NULL,NULL,136),(7662,0,55,NULL,NULL,137),(7663,0,55,NULL,NULL,138),(7664,0,55,NULL,NULL,139),(7665,0,55,NULL,NULL,133),(7666,0,55,NULL,NULL,72),(7667,0,55,NULL,NULL,124),(7668,0,55,NULL,NULL,122),(7669,0,55,NULL,NULL,108),(7670,0,55,NULL,NULL,109),(7671,0,55,NULL,NULL,110),(7672,0,55,NULL,NULL,111),(7673,0,55,NULL,NULL,112),(7674,0,55,NULL,NULL,113),(7675,0,55,NULL,NULL,123),(7676,0,55,NULL,NULL,114),(7677,0,55,NULL,NULL,116),(7678,0,55,NULL,NULL,117),(7679,0,55,NULL,NULL,118),(7680,0,55,NULL,NULL,119),(7681,0,55,NULL,NULL,120),(7682,0,55,NULL,NULL,121),(7683,0,55,NULL,NULL,115),(7684,0,55,NULL,NULL,140),(7685,0,55,NULL,NULL,71),(7686,0,55,NULL,NULL,69),(7687,0,55,NULL,NULL,32),(7688,0,55,NULL,NULL,31),(7689,0,55,NULL,NULL,30),(7690,0,55,NULL,NULL,29),(7691,0,55,NULL,NULL,28),(7692,0,55,NULL,NULL,27),(7693,0,55,NULL,NULL,26),(7694,0,55,NULL,NULL,25),(7695,0,55,NULL,NULL,24),(7696,0,55,NULL,NULL,23),(7697,0,55,NULL,NULL,22),(7698,0,55,NULL,NULL,21),(7699,0,55,NULL,NULL,20),(7700,0,55,NULL,NULL,19),(7701,0,55,NULL,NULL,18),(7702,0,55,NULL,NULL,17),(7703,0,55,NULL,NULL,16),(7704,0,55,NULL,NULL,2),(7705,0,55,NULL,NULL,3),(7706,0,55,NULL,NULL,4),(7707,0,55,NULL,NULL,5),(7708,0,55,NULL,NULL,6),(7709,0,55,NULL,NULL,7),(7710,0,55,NULL,NULL,33),(7711,0,55,NULL,NULL,8),(7712,0,55,NULL,NULL,10),(7713,0,55,NULL,NULL,11),(7714,0,55,NULL,NULL,12),(7715,0,55,NULL,NULL,13),(7716,0,55,NULL,NULL,14),(7717,0,55,NULL,NULL,15),(7718,0,55,NULL,NULL,9),(7719,0,55,NULL,NULL,34),(7720,0,55,NULL,NULL,35),(7721,0,55,NULL,NULL,36),(7722,0,55,NULL,NULL,55),(7723,0,55,NULL,NULL,56),(7724,0,55,NULL,NULL,57),(7725,0,55,NULL,NULL,58),(7726,0,55,NULL,NULL,59),(7727,0,55,NULL,NULL,60),(7728,0,55,NULL,NULL,54),(7729,0,55,NULL,NULL,61),(7730,0,55,NULL,NULL,63),(7731,0,55,NULL,NULL,64),(7732,0,55,NULL,NULL,65),(7733,0,55,NULL,NULL,66),(7734,0,55,NULL,NULL,67),(7735,0,55,NULL,NULL,68),(7736,0,55,NULL,NULL,62),(7737,0,55,NULL,NULL,70),(7738,0,55,NULL,NULL,53),(7739,0,55,NULL,NULL,51),(7740,0,55,NULL,NULL,37),(7741,0,55,NULL,NULL,38),(7742,0,55,NULL,NULL,39),(7743,0,55,NULL,NULL,40),(7744,0,55,NULL,NULL,41),(7745,0,55,NULL,NULL,42),(7746,0,55,NULL,NULL,52),(7747,0,55,NULL,NULL,43),(7748,0,55,NULL,NULL,45),(7749,0,55,NULL,NULL,46),(7750,0,55,NULL,NULL,47),(7751,0,55,NULL,NULL,48),(7752,0,55,NULL,NULL,49),(7753,0,55,NULL,NULL,50),(7754,0,55,NULL,NULL,44),(7755,0,55,NULL,NULL,141),(7756,0,56,NULL,NULL,1),(7757,0,56,NULL,NULL,103),(7758,0,56,NULL,NULL,102),(7759,0,56,NULL,NULL,101),(7760,0,56,NULL,NULL,100),(7761,0,56,NULL,NULL,99),(7762,0,56,NULL,NULL,98),(7763,0,56,NULL,NULL,97),(7764,0,56,NULL,NULL,96),(7765,0,56,NULL,NULL,95),(7766,0,56,NULL,NULL,94),(7767,0,56,NULL,NULL,93),(7768,0,56,NULL,NULL,92),(7769,0,56,NULL,NULL,91),(7770,0,56,NULL,NULL,90),(7771,0,56,NULL,NULL,89),(7772,0,56,NULL,NULL,88),(7773,0,56,NULL,NULL,87),(7774,0,56,NULL,NULL,73),(7775,0,56,NULL,NULL,74),(7776,0,56,NULL,NULL,75),(7777,0,56,NULL,NULL,76),(7778,0,56,NULL,NULL,77),(7779,0,56,NULL,NULL,78),(7780,0,56,NULL,NULL,104),(7781,0,56,NULL,NULL,79),(7782,0,56,NULL,NULL,81),(7783,0,56,NULL,NULL,82),(7784,0,56,NULL,NULL,83),(7785,0,56,NULL,NULL,84),(7786,0,56,NULL,NULL,85),(7787,0,56,NULL,NULL,86),(7788,0,56,NULL,NULL,80),(7789,0,56,NULL,NULL,105),(7790,0,56,NULL,NULL,106),(7791,0,56,NULL,NULL,107),(7792,0,56,NULL,NULL,126),(7793,0,56,NULL,NULL,127),(7794,0,56,NULL,NULL,128),(7795,0,56,NULL,NULL,129),(7796,0,56,NULL,NULL,130),(7797,0,56,NULL,NULL,131),(7798,0,56,NULL,NULL,125),(7799,0,56,NULL,NULL,132),(7800,0,56,NULL,NULL,134),(7801,0,56,NULL,NULL,135),(7802,0,56,NULL,NULL,136),(7803,0,56,NULL,NULL,137),(7804,0,56,NULL,NULL,138),(7805,0,56,NULL,NULL,139),(7806,0,56,NULL,NULL,133),(7807,0,56,NULL,NULL,72),(7808,0,56,NULL,NULL,124),(7809,0,56,NULL,NULL,122),(7810,0,56,NULL,NULL,108),(7811,0,56,NULL,NULL,109),(7812,0,56,NULL,NULL,110),(7813,0,56,NULL,NULL,111),(7814,0,56,NULL,NULL,112),(7815,0,56,NULL,NULL,113),(7816,0,56,NULL,NULL,123),(7817,0,56,NULL,NULL,114),(7818,0,56,NULL,NULL,116),(7819,0,56,NULL,NULL,117),(7820,0,56,NULL,NULL,118),(7821,0,56,NULL,NULL,119),(7822,0,56,NULL,NULL,120),(7823,0,56,NULL,NULL,121),(7824,0,56,NULL,NULL,115),(7825,0,56,NULL,NULL,140),(7826,0,56,NULL,NULL,71),(7827,0,56,NULL,NULL,69),(7828,0,56,NULL,NULL,32),(7829,0,56,NULL,NULL,31),(7830,0,56,NULL,NULL,30),(7831,0,56,NULL,NULL,29),(7832,0,56,NULL,NULL,28),(7833,0,56,NULL,NULL,27),(7834,0,56,NULL,NULL,26),(7835,0,56,NULL,NULL,25),(7836,0,56,NULL,NULL,24),(7837,0,56,NULL,NULL,23),(7838,0,56,NULL,NULL,22),(7839,0,56,NULL,NULL,21),(7840,0,56,NULL,NULL,20),(7841,0,56,NULL,NULL,19),(7842,0,56,NULL,NULL,18),(7843,0,56,NULL,NULL,17),(7844,0,56,NULL,NULL,16),(7845,0,56,NULL,NULL,2),(7846,0,56,NULL,NULL,3),(7847,0,56,NULL,NULL,4),(7848,0,56,NULL,NULL,5),(7849,0,56,NULL,NULL,6),(7850,0,56,NULL,NULL,7),(7851,0,56,NULL,NULL,33),(7852,0,56,NULL,NULL,8),(7853,0,56,NULL,NULL,10),(7854,0,56,NULL,NULL,11),(7855,0,56,NULL,NULL,12),(7856,0,56,NULL,NULL,13),(7857,0,56,NULL,NULL,14),(7858,0,56,NULL,NULL,15),(7859,0,56,NULL,NULL,9),(7860,0,56,NULL,NULL,34),(7861,0,56,NULL,NULL,35),(7862,0,56,NULL,NULL,36),(7863,0,56,NULL,NULL,55),(7864,0,56,NULL,NULL,56),(7865,0,56,NULL,NULL,57),(7866,0,56,NULL,NULL,58),(7867,0,56,NULL,NULL,59),(7868,0,56,NULL,NULL,60),(7869,0,56,NULL,NULL,54),(7870,0,56,NULL,NULL,61),(7871,0,56,NULL,NULL,63),(7872,0,56,NULL,NULL,64),(7873,0,56,NULL,NULL,65),(7874,0,56,NULL,NULL,66),(7875,0,56,NULL,NULL,67),(7876,0,56,NULL,NULL,68),(7877,0,56,NULL,NULL,62),(7878,0,56,NULL,NULL,70),(7879,0,56,NULL,NULL,53),(7880,0,56,NULL,NULL,51),(7881,0,56,NULL,NULL,37),(7882,0,56,NULL,NULL,38),(7883,0,56,NULL,NULL,39),(7884,0,56,NULL,NULL,40),(7885,0,56,NULL,NULL,41),(7886,0,56,NULL,NULL,42),(7887,0,56,NULL,NULL,52),(7888,0,56,NULL,NULL,43),(7889,0,56,NULL,NULL,45),(7890,0,56,NULL,NULL,46),(7891,0,56,NULL,NULL,47),(7892,0,56,NULL,NULL,48),(7893,0,56,NULL,NULL,49),(7894,0,56,NULL,NULL,50),(7895,0,56,NULL,NULL,44),(7896,0,56,NULL,NULL,141),(7897,1,57,NULL,NULL,142),(7898,2,57,NULL,NULL,208),(7899,2,57,NULL,NULL,207),(7900,2,57,NULL,NULL,206),(7901,2,57,NULL,NULL,205),(7902,2,57,NULL,NULL,204),(7903,2,57,NULL,NULL,203),(7904,2,57,NULL,NULL,202),(7905,2,57,NULL,NULL,201),(7906,2,57,NULL,NULL,200),(7907,2,57,NULL,NULL,199),(7908,2,57,NULL,NULL,198),(7909,2,57,NULL,NULL,197),(7910,2,57,NULL,NULL,196),(7911,2,57,NULL,NULL,195),(7912,2,57,NULL,NULL,194),(7913,2,57,NULL,NULL,193),(7914,2,57,NULL,NULL,192),(7915,2,57,NULL,NULL,191),(7916,2,57,NULL,NULL,190),(7917,2,57,NULL,NULL,209),(7918,2,57,NULL,NULL,189),(7919,2,57,NULL,NULL,210),(7920,2,57,NULL,NULL,212),(7921,1,57,NULL,NULL,231),(7922,2,57,NULL,NULL,230),(7923,2,57,NULL,NULL,229),(7924,2,57,NULL,NULL,228),(7925,2,57,NULL,NULL,227),(7926,2,57,NULL,NULL,226),(7927,2,57,NULL,NULL,225),(7928,2,57,NULL,NULL,224),(7929,2,57,NULL,NULL,223),(7930,2,57,NULL,NULL,222),(7931,2,57,NULL,NULL,221),(7932,2,57,NULL,NULL,220),(7933,2,57,NULL,NULL,219),(7934,2,57,NULL,NULL,218),(7935,2,57,NULL,NULL,217),(7936,2,57,NULL,NULL,216),(7937,2,57,NULL,NULL,215),(7938,2,57,NULL,NULL,214),(7939,2,57,NULL,NULL,213),(7940,2,57,NULL,NULL,211),(7941,2,57,NULL,NULL,188),(7942,2,57,NULL,NULL,187),(7943,1,57,NULL,NULL,186),(7944,2,57,NULL,NULL,161),(7945,1,57,NULL,NULL,160),(7946,1,57,NULL,NULL,159),(7947,2,57,NULL,NULL,158),(7948,2,57,NULL,NULL,157),(7949,2,57,NULL,NULL,156),(7950,1,57,NULL,NULL,155),(7951,1,57,NULL,NULL,154),(7952,2,57,NULL,NULL,153),(7953,2,57,NULL,NULL,152),(7954,2,57,NULL,NULL,151),(7955,2,57,NULL,NULL,150),(7956,2,57,NULL,NULL,149),(7957,2,57,NULL,NULL,148),(7958,2,57,NULL,NULL,147),(7959,1,57,NULL,NULL,146),(7960,1,57,NULL,NULL,145),(7961,1,57,NULL,NULL,144),(7962,1,57,NULL,NULL,143),(7963,1,57,NULL,NULL,162),(7964,2,57,NULL,NULL,163),(7965,1,57,NULL,NULL,164),(7966,1,57,NULL,NULL,165),(7967,1,57,NULL,NULL,185),(7968,1,57,NULL,NULL,184),(7969,1,57,NULL,NULL,183),(7970,1,57,NULL,NULL,182),(7971,1,57,NULL,NULL,181),(7972,1,57,NULL,NULL,180),(7973,1,57,NULL,NULL,179),(7974,1,57,NULL,NULL,178),(7975,1,57,NULL,NULL,177),(7976,1,57,NULL,NULL,232),(7977,1,57,NULL,NULL,176),(7978,1,57,NULL,NULL,174),(7979,2,57,NULL,NULL,173),(7980,1,57,NULL,NULL,172),(7981,2,57,NULL,NULL,171),(7982,1,57,NULL,NULL,170),(7983,1,57,NULL,NULL,169),(7984,2,57,NULL,NULL,168),(7985,1,57,NULL,NULL,167),(7986,2,57,NULL,NULL,166),(7987,1,57,NULL,NULL,175),(7988,1,57,NULL,NULL,233),(7989,0,58,NULL,NULL,1),(7990,0,58,NULL,NULL,103),(7991,0,58,NULL,NULL,102),(7992,0,58,NULL,NULL,101),(7993,0,58,NULL,NULL,100),(7994,0,58,NULL,NULL,99),(7995,0,58,NULL,NULL,98),(7996,0,58,NULL,NULL,97),(7997,0,58,NULL,NULL,96),(7998,0,58,NULL,NULL,95),(7999,0,58,NULL,NULL,94),(8000,0,58,NULL,NULL,93),(8001,0,58,NULL,NULL,92),(8002,0,58,NULL,NULL,91),(8003,0,58,NULL,NULL,90),(8004,0,58,NULL,NULL,89),(8005,0,58,NULL,NULL,88),(8006,0,58,NULL,NULL,87),(8007,0,58,NULL,NULL,73),(8008,0,58,NULL,NULL,74),(8009,0,58,NULL,NULL,75),(8010,0,58,NULL,NULL,76),(8011,0,58,NULL,NULL,77),(8012,0,58,NULL,NULL,78),(8013,0,58,NULL,NULL,104),(8014,0,58,NULL,NULL,79),(8015,0,58,NULL,NULL,81),(8016,0,58,NULL,NULL,82),(8017,0,58,NULL,NULL,83),(8018,0,58,NULL,NULL,84),(8019,0,58,NULL,NULL,85),(8020,0,58,NULL,NULL,86),(8021,0,58,NULL,NULL,80),(8022,0,58,NULL,NULL,105),(8023,0,58,NULL,NULL,106),(8024,0,58,NULL,NULL,107),(8025,0,58,NULL,NULL,126),(8026,0,58,NULL,NULL,127),(8027,0,58,NULL,NULL,128),(8028,0,58,NULL,NULL,129),(8029,0,58,NULL,NULL,130),(8030,0,58,NULL,NULL,131),(8031,0,58,NULL,NULL,125),(8032,0,58,NULL,NULL,132),(8033,0,58,NULL,NULL,134),(8034,0,58,NULL,NULL,135),(8035,0,58,NULL,NULL,136),(8036,0,58,NULL,NULL,137),(8037,0,58,NULL,NULL,138),(8038,0,58,NULL,NULL,139),(8039,0,58,NULL,NULL,133),(8040,0,58,NULL,NULL,72),(8041,0,58,NULL,NULL,124),(8042,0,58,NULL,NULL,122),(8043,0,58,NULL,NULL,108),(8044,0,58,NULL,NULL,109),(8045,0,58,NULL,NULL,110),(8046,0,58,NULL,NULL,111),(8047,0,58,NULL,NULL,112),(8048,0,58,NULL,NULL,113),(8049,0,58,NULL,NULL,123),(8050,0,58,NULL,NULL,114),(8051,0,58,NULL,NULL,116),(8052,0,58,NULL,NULL,117),(8053,0,58,NULL,NULL,118),(8054,0,58,NULL,NULL,119),(8055,0,58,NULL,NULL,120),(8056,0,58,NULL,NULL,121),(8057,0,58,NULL,NULL,115),(8058,0,58,NULL,NULL,140),(8059,0,58,NULL,NULL,71),(8060,0,58,NULL,NULL,69),(8061,0,58,NULL,NULL,32),(8062,0,58,NULL,NULL,31),(8063,0,58,NULL,NULL,30),(8064,0,58,NULL,NULL,29),(8065,0,58,NULL,NULL,28),(8066,0,58,NULL,NULL,27),(8067,0,58,NULL,NULL,26),(8068,0,58,NULL,NULL,25),(8069,0,58,NULL,NULL,24),(8070,0,58,NULL,NULL,23),(8071,0,58,NULL,NULL,22),(8072,0,58,NULL,NULL,21),(8073,0,58,NULL,NULL,20),(8074,0,58,NULL,NULL,19),(8075,0,58,NULL,NULL,18),(8076,0,58,NULL,NULL,17),(8077,0,58,NULL,NULL,16),(8078,0,58,NULL,NULL,2),(8079,0,58,NULL,NULL,3),(8080,0,58,NULL,NULL,4),(8081,0,58,NULL,NULL,5),(8082,0,58,NULL,NULL,6),(8083,0,58,NULL,NULL,7),(8084,0,58,NULL,NULL,33),(8085,0,58,NULL,NULL,8),(8086,0,58,NULL,NULL,10),(8087,0,58,NULL,NULL,11),(8088,0,58,NULL,NULL,12),(8089,0,58,NULL,NULL,13),(8090,0,58,NULL,NULL,14),(8091,0,58,NULL,NULL,15),(8092,0,58,NULL,NULL,9),(8093,0,58,NULL,NULL,34),(8094,0,58,NULL,NULL,35),(8095,0,58,NULL,NULL,36),(8096,0,58,NULL,NULL,55),(8097,0,58,NULL,NULL,56),(8098,0,58,NULL,NULL,57),(8099,0,58,NULL,NULL,58),(8100,0,58,NULL,NULL,59),(8101,0,58,NULL,NULL,60),(8102,0,58,NULL,NULL,54),(8103,0,58,NULL,NULL,61),(8104,0,58,NULL,NULL,63),(8105,0,58,NULL,NULL,64),(8106,0,58,NULL,NULL,65),(8107,0,58,NULL,NULL,66),(8108,0,58,NULL,NULL,67),(8109,0,58,NULL,NULL,68),(8110,0,58,NULL,NULL,62),(8111,0,58,NULL,NULL,70),(8112,0,58,NULL,NULL,53),(8113,0,58,NULL,NULL,51),(8114,0,58,NULL,NULL,37),(8115,0,58,NULL,NULL,38),(8116,0,58,NULL,NULL,39),(8117,0,58,NULL,NULL,40),(8118,0,58,NULL,NULL,41),(8119,0,58,NULL,NULL,42),(8120,0,58,NULL,NULL,52),(8121,0,58,NULL,NULL,43),(8122,0,58,NULL,NULL,45),(8123,0,58,NULL,NULL,46),(8124,0,58,NULL,NULL,47),(8125,0,58,NULL,NULL,48),(8126,0,58,NULL,NULL,49),(8127,0,58,NULL,NULL,50),(8128,0,58,NULL,NULL,44),(8129,0,58,NULL,NULL,141),(8130,2,59,NULL,NULL,1),(8131,0,59,NULL,NULL,103),(8132,0,59,NULL,NULL,102),(8133,0,59,NULL,NULL,101),(8134,0,59,NULL,NULL,100),(8135,0,59,NULL,NULL,99),(8136,0,59,NULL,NULL,98),(8137,0,59,NULL,NULL,97),(8138,0,59,NULL,NULL,96),(8139,0,59,NULL,NULL,95),(8140,0,59,NULL,NULL,94),(8141,0,59,NULL,NULL,93),(8142,0,59,NULL,NULL,92),(8143,0,59,NULL,NULL,91),(8144,0,59,NULL,NULL,90),(8145,0,59,NULL,NULL,89),(8146,0,59,NULL,NULL,88),(8147,0,59,NULL,NULL,87),(8148,0,59,NULL,NULL,73),(8149,0,59,NULL,NULL,74),(8150,0,59,NULL,NULL,75),(8151,0,59,NULL,NULL,76),(8152,0,59,NULL,NULL,77),(8153,0,59,NULL,NULL,78),(8154,0,59,NULL,NULL,104),(8155,0,59,NULL,NULL,79),(8156,0,59,NULL,NULL,81),(8157,0,59,NULL,NULL,82),(8158,0,59,NULL,NULL,83),(8159,0,59,NULL,NULL,84),(8160,0,59,NULL,NULL,85),(8161,0,59,NULL,NULL,86),(8162,0,59,NULL,NULL,80),(8163,0,59,NULL,NULL,105),(8164,0,59,NULL,NULL,106),(8165,0,59,NULL,NULL,107),(8166,0,59,NULL,NULL,126),(8167,0,59,NULL,NULL,127),(8168,0,59,NULL,NULL,128),(8169,0,59,NULL,NULL,129),(8170,0,59,NULL,NULL,130),(8171,0,59,NULL,NULL,131),(8172,0,59,NULL,NULL,125),(8173,0,59,NULL,NULL,132),(8174,0,59,NULL,NULL,134),(8175,0,59,NULL,NULL,135),(8176,0,59,NULL,NULL,136),(8177,0,59,NULL,NULL,137),(8178,0,59,NULL,NULL,138),(8179,0,59,NULL,NULL,139),(8180,0,59,NULL,NULL,133),(8181,0,59,NULL,NULL,72),(8182,0,59,NULL,NULL,124),(8183,0,59,NULL,NULL,122),(8184,0,59,NULL,NULL,108),(8185,0,59,NULL,NULL,109),(8186,0,59,NULL,NULL,110),(8187,0,59,NULL,NULL,111),(8188,0,59,NULL,NULL,112),(8189,0,59,NULL,NULL,113),(8190,0,59,NULL,NULL,123),(8191,0,59,NULL,NULL,114),(8192,0,59,NULL,NULL,116),(8193,0,59,NULL,NULL,117),(8194,0,59,NULL,NULL,118),(8195,0,59,NULL,NULL,119),(8196,0,59,NULL,NULL,120),(8197,0,59,NULL,NULL,121),(8198,0,59,NULL,NULL,115),(8199,0,59,NULL,NULL,140),(8200,0,59,NULL,NULL,71),(8201,0,59,NULL,NULL,69),(8202,0,59,NULL,NULL,32),(8203,0,59,NULL,NULL,31),(8204,0,59,NULL,NULL,30),(8205,0,59,NULL,NULL,29),(8206,0,59,NULL,NULL,28),(8207,2,59,NULL,NULL,27),(8208,0,59,NULL,NULL,26),(8209,0,59,NULL,NULL,25),(8210,0,59,NULL,NULL,24),(8211,0,59,NULL,NULL,23),(8212,0,59,NULL,NULL,22),(8213,0,59,NULL,NULL,21),(8214,0,59,NULL,NULL,20),(8215,2,59,NULL,NULL,19),(8216,0,59,NULL,NULL,18),(8217,0,59,NULL,NULL,17),(8218,0,59,NULL,NULL,16),(8219,0,59,NULL,NULL,2),(8220,0,59,NULL,NULL,3),(8221,0,59,NULL,NULL,4),(8222,0,59,NULL,NULL,5),(8223,0,59,NULL,NULL,6),(8224,0,59,NULL,NULL,7),(8225,0,59,NULL,NULL,33),(8226,0,59,NULL,NULL,8),(8227,2,59,NULL,NULL,10),(8228,0,59,NULL,NULL,11),(8229,0,59,NULL,NULL,12),(8230,0,59,NULL,NULL,13),(8231,0,59,NULL,NULL,14),(8232,0,59,NULL,NULL,15),(8233,0,59,NULL,NULL,9),(8234,0,59,NULL,NULL,34),(8235,2,59,NULL,NULL,35),(8236,0,59,NULL,NULL,36),(8237,0,59,NULL,NULL,55),(8238,0,59,NULL,NULL,56),(8239,0,59,NULL,NULL,57),(8240,0,59,NULL,NULL,58),(8241,0,59,NULL,NULL,59),(8242,0,59,NULL,NULL,60),(8243,0,59,NULL,NULL,54),(8244,0,59,NULL,NULL,61),(8245,0,59,NULL,NULL,63),(8246,0,59,NULL,NULL,64),(8247,0,59,NULL,NULL,65),(8248,0,59,NULL,NULL,66),(8249,0,59,NULL,NULL,67),(8250,0,59,NULL,NULL,68),(8251,0,59,NULL,NULL,62),(8252,0,59,NULL,NULL,70),(8253,0,59,NULL,NULL,53),(8254,0,59,NULL,NULL,51),(8255,0,59,NULL,NULL,37),(8256,0,59,NULL,NULL,38),(8257,0,59,NULL,NULL,39),(8258,0,59,NULL,NULL,40),(8259,0,59,NULL,NULL,41),(8260,0,59,NULL,NULL,42),(8261,0,59,NULL,NULL,52),(8262,0,59,NULL,NULL,43),(8263,0,59,NULL,NULL,45),(8264,0,59,NULL,NULL,46),(8265,0,59,NULL,NULL,47),(8266,0,59,NULL,NULL,48),(8267,0,59,NULL,NULL,49),(8268,0,59,NULL,NULL,50),(8269,2,59,'?',NULL,44),(8270,0,59,NULL,NULL,141),(8271,2,60,NULL,NULL,142),(8272,0,60,NULL,NULL,208),(8273,0,60,NULL,NULL,207),(8274,0,60,NULL,NULL,206),(8275,0,60,NULL,NULL,205),(8276,0,60,NULL,NULL,204),(8277,0,60,NULL,NULL,203),(8278,0,60,NULL,NULL,202),(8279,0,60,NULL,NULL,201),(8280,0,60,NULL,NULL,200),(8281,0,60,NULL,NULL,199),(8282,0,60,NULL,NULL,198),(8283,0,60,NULL,NULL,197),(8284,0,60,NULL,NULL,196),(8285,0,60,NULL,NULL,195),(8286,0,60,NULL,NULL,194),(8287,0,60,NULL,NULL,193),(8288,0,60,NULL,NULL,192),(8289,0,60,NULL,NULL,191),(8290,0,60,NULL,NULL,190),(8291,0,60,NULL,NULL,209),(8292,0,60,NULL,NULL,189),(8293,0,60,NULL,NULL,210),(8294,0,60,NULL,NULL,212),(8295,0,60,NULL,NULL,231),(8296,0,60,NULL,NULL,230),(8297,0,60,NULL,NULL,229),(8298,0,60,NULL,NULL,228),(8299,0,60,NULL,NULL,227),(8300,0,60,NULL,NULL,226),(8301,0,60,NULL,NULL,225),(8302,0,60,NULL,NULL,224),(8303,0,60,NULL,NULL,223),(8304,0,60,NULL,NULL,222),(8305,0,60,NULL,NULL,221),(8306,0,60,NULL,NULL,220),(8307,0,60,NULL,NULL,219),(8308,0,60,NULL,NULL,218),(8309,0,60,NULL,NULL,217),(8310,0,60,NULL,NULL,216),(8311,0,60,NULL,NULL,215),(8312,0,60,NULL,NULL,214),(8313,0,60,NULL,NULL,213),(8314,0,60,NULL,NULL,211),(8315,0,60,NULL,NULL,188),(8316,0,60,NULL,NULL,187),(8317,0,60,NULL,NULL,186),(8318,0,60,NULL,NULL,161),(8319,0,60,NULL,NULL,160),(8320,0,60,NULL,NULL,159),(8321,0,60,NULL,NULL,158),(8322,0,60,NULL,NULL,157),(8323,0,60,NULL,NULL,156),(8324,0,60,NULL,NULL,155),(8325,0,60,NULL,NULL,154),(8326,0,60,NULL,NULL,153),(8327,0,60,NULL,NULL,152),(8328,0,60,NULL,NULL,151),(8329,0,60,NULL,NULL,150),(8330,0,60,NULL,NULL,149),(8331,0,60,NULL,NULL,148),(8332,0,60,NULL,NULL,147),(8333,2,60,NULL,NULL,146),(8334,2,60,NULL,NULL,145),(8335,2,60,NULL,NULL,144),(8336,1,60,NULL,NULL,143),(8337,0,60,NULL,NULL,162),(8338,0,60,NULL,NULL,163),(8339,0,60,NULL,NULL,164),(8340,0,60,NULL,NULL,165),(8341,0,60,NULL,NULL,185),(8342,0,60,NULL,NULL,184),(8343,0,60,NULL,NULL,183),(8344,0,60,NULL,NULL,182),(8345,0,60,NULL,NULL,181),(8346,0,60,NULL,NULL,180),(8347,0,60,NULL,NULL,179),(8348,0,60,NULL,NULL,178),(8349,0,60,NULL,NULL,177),(8350,0,60,NULL,NULL,232),(8351,0,60,NULL,NULL,176),(8352,0,60,NULL,NULL,174),(8353,0,60,NULL,NULL,173),(8354,0,60,NULL,NULL,172),(8355,0,60,NULL,NULL,171),(8356,0,60,NULL,NULL,170),(8357,0,60,NULL,NULL,169),(8358,0,60,NULL,NULL,168),(8359,0,60,NULL,NULL,167),(8360,0,60,NULL,NULL,166),(8361,0,60,NULL,NULL,175),(8362,0,60,NULL,NULL,233),(8363,1,61,NULL,NULL,142),(8364,2,61,NULL,NULL,208),(8365,1,61,NULL,NULL,207),(8366,2,61,NULL,NULL,206),(8367,2,61,NULL,NULL,205),(8368,2,61,NULL,NULL,204),(8369,1,61,NULL,NULL,203),(8370,1,61,NULL,NULL,202),(8371,2,61,NULL,NULL,201),(8372,1,61,NULL,NULL,200),(8373,1,61,NULL,NULL,199),(8374,1,61,NULL,NULL,198),(8375,1,61,NULL,NULL,197),(8376,1,61,NULL,NULL,196),(8377,2,61,NULL,NULL,195),(8378,1,61,NULL,NULL,194),(8379,1,61,NULL,NULL,193),(8380,1,61,NULL,NULL,192),(8381,1,61,NULL,NULL,191),(8382,2,61,NULL,NULL,190),(8383,1,61,NULL,NULL,209),(8384,2,61,NULL,NULL,189),(8385,2,61,NULL,NULL,210),(8386,1,61,NULL,NULL,212),(8387,1,61,NULL,NULL,231),(8388,1,61,NULL,NULL,230),(8389,2,61,NULL,NULL,229),(8390,1,61,NULL,NULL,228),(8391,1,61,NULL,NULL,227),(8392,2,61,NULL,NULL,226),(8393,2,61,NULL,NULL,225),(8394,2,61,NULL,NULL,224),(8395,2,61,NULL,NULL,223),(8396,2,61,NULL,NULL,222),(8397,1,61,NULL,NULL,221),(8398,1,61,NULL,NULL,220),(8399,1,61,NULL,NULL,219),(8400,1,61,NULL,NULL,218),(8401,1,61,NULL,NULL,217),(8402,1,61,NULL,NULL,216),(8403,1,61,NULL,NULL,215),(8404,2,61,NULL,NULL,214),(8405,1,61,NULL,NULL,213),(8406,1,61,NULL,NULL,211),(8407,2,61,NULL,NULL,188),(8408,2,61,NULL,NULL,187),(8409,2,61,NULL,NULL,186),(8410,2,61,NULL,NULL,161),(8411,2,61,NULL,NULL,160),(8412,2,61,NULL,NULL,159),(8413,1,61,NULL,NULL,158),(8414,1,61,NULL,NULL,157),(8415,1,61,NULL,NULL,156),(8416,1,61,NULL,NULL,155),(8417,2,61,NULL,NULL,154),(8418,1,61,NULL,NULL,153),(8419,2,61,NULL,NULL,152),(8420,1,61,NULL,NULL,151),(8421,1,61,NULL,NULL,150),(8422,2,61,NULL,NULL,149),(8423,1,61,NULL,NULL,148),(8424,1,61,NULL,NULL,147),(8425,1,61,NULL,NULL,146),(8426,2,61,'F2F3Q19',NULL,145),(8427,1,61,NULL,NULL,144),(8428,2,61,NULL,NULL,143),(8429,1,61,NULL,NULL,162),(8430,2,61,NULL,NULL,163),(8431,1,61,NULL,NULL,164),(8432,2,61,NULL,NULL,165),(8433,1,61,NULL,NULL,185),(8434,2,61,NULL,NULL,184),(8435,2,61,NULL,NULL,183),(8436,2,61,NULL,NULL,182),(8437,2,61,NULL,NULL,181),(8438,2,61,NULL,NULL,180),(8439,2,61,NULL,NULL,179),(8440,1,61,NULL,NULL,178),(8441,1,61,NULL,NULL,177),(8442,1,61,NULL,NULL,232),(8443,1,61,NULL,NULL,176),(8444,1,61,NULL,NULL,174),(8445,2,61,NULL,NULL,173),(8446,1,61,NULL,NULL,172),(8447,1,61,NULL,NULL,171),(8448,1,61,NULL,NULL,170),(8449,2,61,NULL,NULL,169),(8450,1,61,NULL,NULL,168),(8451,2,61,NULL,NULL,167),(8452,1,61,NULL,NULL,166),(8453,1,61,NULL,NULL,175),(8454,1,61,NULL,NULL,233),(8596,0,63,NULL,NULL,1),(8597,0,63,NULL,NULL,103),(8598,0,63,NULL,NULL,102),(8599,0,63,NULL,NULL,101),(8600,0,63,NULL,NULL,100),(8601,0,63,NULL,NULL,99),(8602,0,63,NULL,NULL,98),(8603,0,63,NULL,NULL,97),(8604,0,63,NULL,NULL,96),(8605,0,63,NULL,NULL,95),(8606,0,63,NULL,NULL,94),(8607,0,63,NULL,NULL,93),(8608,0,63,NULL,NULL,92),(8609,0,63,NULL,NULL,91),(8610,0,63,NULL,NULL,90),(8611,0,63,NULL,NULL,89),(8612,0,63,NULL,NULL,88),(8613,0,63,NULL,NULL,87),(8614,0,63,NULL,NULL,73),(8615,0,63,NULL,NULL,74),(8616,0,63,NULL,NULL,75),(8617,0,63,NULL,NULL,76),(8618,0,63,NULL,NULL,77),(8619,0,63,NULL,NULL,78),(8620,0,63,NULL,NULL,104),(8621,0,63,NULL,NULL,79),(8622,0,63,NULL,NULL,81),(8623,0,63,NULL,NULL,82),(8624,0,63,NULL,NULL,83),(8625,0,63,NULL,NULL,84),(8626,0,63,NULL,NULL,85),(8627,0,63,NULL,NULL,86),(8628,0,63,NULL,NULL,80),(8629,0,63,NULL,NULL,105),(8630,0,63,NULL,NULL,106),(8631,0,63,NULL,NULL,107),(8632,0,63,NULL,NULL,126),(8633,0,63,NULL,NULL,127),(8634,0,63,NULL,NULL,128),(8635,0,63,NULL,NULL,129),(8636,0,63,NULL,NULL,130),(8637,0,63,NULL,NULL,131),(8638,0,63,NULL,NULL,125),(8639,0,63,NULL,NULL,132),(8640,0,63,NULL,NULL,134),(8641,0,63,NULL,NULL,135),(8642,0,63,NULL,NULL,136),(8643,0,63,NULL,NULL,137),(8644,0,63,NULL,NULL,138),(8645,0,63,NULL,NULL,139),(8646,0,63,NULL,NULL,133),(8647,0,63,NULL,NULL,72),(8648,0,63,NULL,NULL,124),(8649,0,63,NULL,NULL,122),(8650,0,63,NULL,NULL,108),(8651,0,63,NULL,NULL,109),(8652,0,63,NULL,NULL,110),(8653,0,63,NULL,NULL,111),(8654,0,63,NULL,NULL,112),(8655,0,63,NULL,NULL,113),(8656,0,63,NULL,NULL,123),(8657,0,63,NULL,NULL,114),(8658,0,63,NULL,NULL,116),(8659,0,63,NULL,NULL,117),(8660,0,63,NULL,NULL,118),(8661,0,63,NULL,NULL,119),(8662,0,63,NULL,NULL,120),(8663,0,63,NULL,NULL,121),(8664,0,63,NULL,NULL,115),(8665,0,63,NULL,NULL,140),(8666,0,63,NULL,NULL,71),(8667,0,63,NULL,NULL,69),(8668,0,63,NULL,NULL,32),(8669,0,63,NULL,NULL,31),(8670,0,63,NULL,NULL,30),(8671,0,63,NULL,NULL,29),(8672,0,63,NULL,NULL,28),(8673,0,63,NULL,NULL,27),(8674,0,63,NULL,NULL,26),(8675,0,63,NULL,NULL,25),(8676,0,63,NULL,NULL,24),(8677,0,63,NULL,NULL,23),(8678,0,63,NULL,NULL,22),(8679,0,63,NULL,NULL,21),(8680,0,63,NULL,NULL,20),(8681,0,63,NULL,NULL,19),(8682,0,63,NULL,NULL,18),(8683,0,63,NULL,NULL,17),(8684,0,63,NULL,NULL,16),(8685,0,63,NULL,NULL,2),(8686,0,63,NULL,NULL,3),(8687,0,63,NULL,NULL,4),(8688,0,63,NULL,NULL,5),(8689,0,63,NULL,NULL,6),(8690,0,63,NULL,NULL,7),(8691,0,63,NULL,NULL,33),(8692,0,63,NULL,NULL,8),(8693,0,63,NULL,NULL,10),(8694,0,63,NULL,NULL,11),(8695,0,63,NULL,NULL,12),(8696,0,63,NULL,NULL,13),(8697,0,63,NULL,NULL,14),(8698,0,63,NULL,NULL,15),(8699,0,63,NULL,NULL,9),(8700,0,63,NULL,NULL,34),(8701,0,63,NULL,NULL,35),(8702,0,63,NULL,NULL,36),(8703,0,63,NULL,NULL,55),(8704,0,63,NULL,NULL,56),(8705,0,63,NULL,NULL,57),(8706,0,63,NULL,NULL,58),(8707,0,63,NULL,NULL,59),(8708,0,63,NULL,NULL,60),(8709,0,63,NULL,NULL,54),(8710,0,63,NULL,NULL,61),(8711,0,63,NULL,NULL,63),(8712,0,63,NULL,NULL,64),(8713,0,63,NULL,NULL,65),(8714,0,63,NULL,NULL,66),(8715,0,63,NULL,NULL,67),(8716,0,63,NULL,NULL,68),(8717,0,63,NULL,NULL,62),(8718,0,63,NULL,NULL,70),(8719,0,63,NULL,NULL,53),(8720,0,63,NULL,NULL,51),(8721,0,63,NULL,NULL,37),(8722,0,63,NULL,NULL,38),(8723,0,63,NULL,NULL,39),(8724,0,63,NULL,NULL,40),(8725,0,63,NULL,NULL,41),(8726,0,63,NULL,NULL,42),(8727,0,63,NULL,NULL,52),(8728,0,63,NULL,NULL,43),(8729,0,63,NULL,NULL,45),(8730,0,63,NULL,NULL,46),(8731,0,63,NULL,NULL,47),(8732,0,63,NULL,NULL,48),(8733,0,63,NULL,NULL,49),(8734,0,63,NULL,NULL,50),(8735,0,63,NULL,NULL,44),(8736,0,63,NULL,NULL,141),(8737,1,64,'ijjk',NULL,1),(8738,0,64,NULL,NULL,103),(8739,0,64,NULL,NULL,102),(8740,0,64,NULL,NULL,101),(8741,0,64,NULL,NULL,100),(8742,0,64,NULL,NULL,99),(8743,0,64,NULL,NULL,98),(8744,0,64,NULL,NULL,97),(8745,0,64,NULL,NULL,96),(8746,0,64,NULL,NULL,95),(8747,0,64,NULL,NULL,94),(8748,0,64,NULL,NULL,93),(8749,0,64,NULL,NULL,92),(8750,0,64,NULL,NULL,91),(8751,0,64,NULL,NULL,90),(8752,0,64,NULL,NULL,89),(8753,0,64,NULL,NULL,88),(8754,0,64,NULL,NULL,87),(8755,0,64,NULL,NULL,73),(8756,0,64,NULL,NULL,74),(8757,0,64,NULL,NULL,75),(8758,0,64,NULL,NULL,76),(8759,0,64,NULL,NULL,77),(8760,0,64,NULL,NULL,78),(8761,0,64,NULL,NULL,104),(8762,0,64,NULL,NULL,79),(8763,0,64,NULL,NULL,81),(8764,0,64,NULL,NULL,82),(8765,0,64,NULL,NULL,83),(8766,0,64,NULL,NULL,84),(8767,0,64,NULL,NULL,85),(8768,0,64,NULL,NULL,86),(8769,0,64,NULL,NULL,80),(8770,0,64,NULL,NULL,105),(8771,0,64,NULL,NULL,106),(8772,0,64,NULL,NULL,107),(8773,0,64,NULL,NULL,126),(8774,0,64,NULL,NULL,127),(8775,0,64,NULL,NULL,128),(8776,0,64,NULL,NULL,129),(8777,0,64,NULL,NULL,130),(8778,0,64,NULL,NULL,131),(8779,0,64,NULL,NULL,125),(8780,0,64,NULL,NULL,132),(8781,0,64,NULL,NULL,134),(8782,0,64,NULL,NULL,135),(8783,0,64,NULL,NULL,136),(8784,0,64,NULL,NULL,137),(8785,0,64,NULL,NULL,138),(8786,0,64,NULL,NULL,139),(8787,0,64,NULL,NULL,133),(8788,0,64,NULL,NULL,72),(8789,0,64,NULL,NULL,124),(8790,0,64,NULL,NULL,122),(8791,0,64,NULL,NULL,108),(8792,0,64,NULL,NULL,109),(8793,0,64,NULL,NULL,110),(8794,0,64,NULL,NULL,111),(8795,0,64,NULL,NULL,112),(8796,0,64,NULL,NULL,113),(8797,0,64,NULL,NULL,123),(8798,0,64,NULL,NULL,114),(8799,0,64,NULL,NULL,116),(8800,0,64,NULL,NULL,117),(8801,0,64,NULL,NULL,118),(8802,0,64,NULL,NULL,119),(8803,0,64,NULL,NULL,120),(8804,0,64,NULL,NULL,121),(8805,0,64,NULL,NULL,115),(8806,0,64,NULL,NULL,140),(8807,0,64,NULL,NULL,71),(8808,0,64,NULL,NULL,69),(8809,0,64,NULL,NULL,32),(8810,0,64,NULL,NULL,31),(8811,0,64,NULL,NULL,30),(8812,0,64,NULL,NULL,29),(8813,0,64,NULL,NULL,28),(8814,0,64,NULL,NULL,27),(8815,0,64,NULL,NULL,26),(8816,0,64,NULL,NULL,25),(8817,0,64,NULL,NULL,24),(8818,0,64,NULL,NULL,23),(8819,0,64,NULL,NULL,22),(8820,0,64,NULL,NULL,21),(8821,0,64,NULL,NULL,20),(8822,0,64,NULL,NULL,19),(8823,0,64,NULL,NULL,18),(8824,0,64,NULL,NULL,17),(8825,0,64,NULL,NULL,16),(8826,1,64,NULL,NULL,2),(8827,0,64,NULL,NULL,3),(8828,0,64,NULL,NULL,4),(8829,0,64,NULL,NULL,5),(8830,0,64,NULL,NULL,6),(8831,0,64,NULL,NULL,7),(8832,0,64,NULL,NULL,33),(8833,0,64,NULL,NULL,8),(8834,0,64,NULL,NULL,10),(8835,0,64,NULL,NULL,11),(8836,0,64,NULL,NULL,12),(8837,0,64,NULL,NULL,13),(8838,0,64,NULL,NULL,14),(8839,0,64,NULL,NULL,15),(8840,0,64,NULL,NULL,9),(8841,0,64,NULL,NULL,34),(8842,0,64,NULL,NULL,35),(8843,0,64,NULL,NULL,36),(8844,0,64,NULL,NULL,55),(8845,0,64,NULL,NULL,56),(8846,0,64,NULL,NULL,57),(8847,0,64,NULL,NULL,58),(8848,0,64,NULL,NULL,59),(8849,0,64,NULL,NULL,60),(8850,0,64,NULL,NULL,54),(8851,0,64,NULL,NULL,61),(8852,0,64,NULL,NULL,63),(8853,0,64,NULL,NULL,64),(8854,0,64,NULL,NULL,65),(8855,0,64,NULL,NULL,66),(8856,0,64,NULL,NULL,67),(8857,0,64,NULL,NULL,68),(8858,0,64,NULL,NULL,62),(8859,0,64,NULL,NULL,70),(8860,0,64,NULL,NULL,53),(8861,0,64,NULL,NULL,51),(8862,0,64,NULL,NULL,37),(8863,0,64,NULL,NULL,38),(8864,0,64,NULL,NULL,39),(8865,0,64,NULL,NULL,40),(8866,0,64,NULL,NULL,41),(8867,0,64,NULL,NULL,42),(8868,0,64,NULL,NULL,52),(8869,0,64,NULL,NULL,43),(8870,0,64,NULL,NULL,45),(8871,0,64,NULL,NULL,46),(8872,0,64,NULL,NULL,47),(8873,0,64,NULL,NULL,48),(8874,0,64,NULL,NULL,49),(8875,0,64,NULL,NULL,50),(8876,0,64,NULL,NULL,44),(8877,0,64,NULL,NULL,141),(8878,1,65,'asa',NULL,142),(8879,0,65,NULL,NULL,208),(8880,0,65,NULL,NULL,207),(8881,0,65,NULL,NULL,206),(8882,0,65,NULL,NULL,205),(8883,0,65,NULL,NULL,204),(8884,0,65,NULL,NULL,203),(8885,0,65,NULL,NULL,202),(8886,0,65,NULL,NULL,201),(8887,0,65,NULL,NULL,200),(8888,0,65,NULL,NULL,199),(8889,0,65,NULL,NULL,198),(8890,0,65,NULL,NULL,197),(8891,0,65,NULL,NULL,196),(8892,0,65,NULL,NULL,195),(8893,0,65,NULL,NULL,194),(8894,0,65,NULL,NULL,193),(8895,0,65,NULL,NULL,192),(8896,0,65,NULL,NULL,191),(8897,0,65,NULL,NULL,190),(8898,0,65,NULL,NULL,209),(8899,0,65,NULL,NULL,189),(8900,0,65,NULL,NULL,210),(8901,0,65,NULL,NULL,212),(8902,0,65,NULL,NULL,231),(8903,0,65,NULL,NULL,230),(8904,0,65,NULL,NULL,229),(8905,0,65,NULL,NULL,228),(8906,0,65,NULL,NULL,227),(8907,0,65,NULL,NULL,226),(8908,0,65,NULL,NULL,225),(8909,0,65,NULL,NULL,224),(8910,0,65,NULL,NULL,223),(8911,0,65,NULL,NULL,222),(8912,0,65,NULL,NULL,221),(8913,0,65,NULL,NULL,220),(8914,0,65,NULL,NULL,219),(8915,0,65,NULL,NULL,218),(8916,0,65,NULL,NULL,217),(8917,0,65,NULL,NULL,216),(8918,0,65,NULL,NULL,215),(8919,0,65,NULL,NULL,214),(8920,0,65,NULL,NULL,213),(8921,0,65,NULL,NULL,211),(8922,0,65,NULL,NULL,188),(8923,0,65,NULL,NULL,187),(8924,0,65,NULL,NULL,186),(8925,0,65,NULL,NULL,161),(8926,0,65,NULL,NULL,160),(8927,0,65,NULL,NULL,159),(8928,0,65,NULL,NULL,158),(8929,0,65,NULL,NULL,157),(8930,0,65,NULL,NULL,156),(8931,0,65,NULL,NULL,155),(8932,0,65,NULL,NULL,154),(8933,0,65,NULL,NULL,153),(8934,0,65,NULL,NULL,152),(8935,0,65,NULL,NULL,151),(8936,0,65,NULL,NULL,150),(8937,0,65,NULL,NULL,149),(8938,0,65,NULL,NULL,148),(8939,0,65,NULL,NULL,147),(8940,0,65,NULL,NULL,146),(8941,1,65,NULL,NULL,145),(8942,1,65,NULL,NULL,144),(8943,1,65,NULL,NULL,143),(8944,0,65,NULL,NULL,162),(8945,0,65,NULL,NULL,163),(8946,0,65,NULL,NULL,164),(8947,0,65,NULL,NULL,165),(8948,0,65,NULL,NULL,185),(8949,0,65,NULL,NULL,184),(8950,0,65,NULL,NULL,183),(8951,0,65,NULL,NULL,182),(8952,0,65,NULL,NULL,181),(8953,0,65,NULL,NULL,180),(8954,0,65,NULL,NULL,179),(8955,0,65,NULL,NULL,178),(8956,0,65,NULL,NULL,177),(8957,0,65,NULL,NULL,232),(8958,0,65,NULL,NULL,176),(8959,0,65,NULL,NULL,174),(8960,0,65,NULL,NULL,173),(8961,0,65,NULL,NULL,172),(8962,0,65,NULL,NULL,171),(8963,0,65,NULL,NULL,170),(8964,0,65,NULL,NULL,169),(8965,0,65,NULL,NULL,168),(8966,0,65,NULL,NULL,167),(8967,0,65,NULL,NULL,166),(8968,0,65,NULL,NULL,175),(8969,0,65,NULL,NULL,233),(8970,1,66,NULL,NULL,1),(8971,2,66,NULL,NULL,103),(8972,1,66,NULL,NULL,102),(8973,1,66,NULL,NULL,101),(8974,0,66,NULL,NULL,100),(8975,0,66,NULL,NULL,99),(8976,0,66,NULL,NULL,98),(8977,0,66,NULL,NULL,97),(8978,0,66,NULL,NULL,96),(8979,0,66,NULL,NULL,95),(8980,0,66,NULL,NULL,94),(8981,2,66,NULL,NULL,93),(8982,1,66,NULL,NULL,92),(8983,1,66,NULL,NULL,91),(8984,0,66,NULL,NULL,90),(8985,0,66,NULL,NULL,89),(8986,0,66,NULL,NULL,88),(8987,0,66,NULL,NULL,87),(8988,0,66,NULL,NULL,73),(8989,0,66,NULL,NULL,74),(8990,1,66,NULL,NULL,75),(8991,1,66,NULL,NULL,76),(8992,2,66,NULL,NULL,77),(8993,2,66,NULL,NULL,78),(8994,1,66,NULL,NULL,104),(8995,1,66,NULL,NULL,79),(8996,1,66,NULL,NULL,81),(8997,1,66,NULL,NULL,82),(8998,1,66,NULL,NULL,83),(8999,1,66,NULL,NULL,84),(9000,2,66,NULL,NULL,85),(9001,2,66,NULL,NULL,86),(9002,2,66,NULL,NULL,80),(9003,1,66,NULL,NULL,105),(9004,2,66,NULL,NULL,106),(9005,2,66,NULL,NULL,107),(9006,2,66,NULL,NULL,126),(9007,0,66,NULL,NULL,127),(9008,0,66,NULL,NULL,128),(9009,2,66,NULL,NULL,129),(9010,1,66,NULL,NULL,130),(9011,1,66,NULL,NULL,131),(9012,0,66,NULL,NULL,125),(9013,1,66,NULL,NULL,132),(9014,0,66,NULL,NULL,134),(9015,0,66,NULL,NULL,135),(9016,0,66,NULL,NULL,136),(9017,2,66,'zxczxczc',NULL,137),(9018,2,66,NULL,NULL,138),(9019,2,66,NULL,NULL,139),(9020,2,66,NULL,NULL,133),(9021,0,66,NULL,NULL,72),(9022,0,66,NULL,NULL,124),(9023,2,66,NULL,NULL,122),(9024,1,66,NULL,NULL,108),(9025,2,66,NULL,NULL,109),(9026,1,66,NULL,NULL,110),(9027,2,66,NULL,NULL,111),(9028,2,66,NULL,NULL,112),(9029,2,66,NULL,NULL,113),(9030,2,66,NULL,NULL,123),(9031,2,66,NULL,NULL,114),(9032,1,66,NULL,NULL,116),(9033,1,66,NULL,NULL,117),(9034,2,66,NULL,NULL,118),(9035,1,66,NULL,NULL,119),(9036,2,66,NULL,NULL,120),(9037,1,66,NULL,NULL,121),(9038,1,66,NULL,NULL,115),(9039,2,66,NULL,NULL,140),(9040,2,66,NULL,NULL,71),(9041,0,66,NULL,NULL,69),(9042,0,66,NULL,NULL,32),(9043,0,66,NULL,NULL,31),(9044,0,66,NULL,NULL,30),(9045,0,66,NULL,NULL,29),(9046,0,66,NULL,NULL,28),(9047,2,66,'zxczxczxc',NULL,27),(9048,2,66,NULL,NULL,26),(9049,2,66,NULL,NULL,25),(9050,1,66,NULL,NULL,24),(9051,2,66,NULL,NULL,23),(9052,2,66,NULL,NULL,22),(9053,2,66,NULL,NULL,21),(9054,1,66,NULL,NULL,20),(9055,1,66,NULL,NULL,19),(9056,2,66,NULL,NULL,18),(9057,2,66,NULL,NULL,17),(9058,2,66,NULL,NULL,16),(9059,1,66,NULL,NULL,2),(9060,2,66,NULL,NULL,3),(9061,2,66,NULL,NULL,4),(9062,1,66,NULL,NULL,5),(9063,2,66,NULL,NULL,6),(9064,2,66,NULL,NULL,7),(9065,0,66,NULL,NULL,33),(9066,2,66,NULL,NULL,8),(9067,1,66,NULL,NULL,10),(9068,2,66,NULL,NULL,11),(9069,2,66,NULL,NULL,12),(9070,2,66,NULL,NULL,13),(9071,1,66,NULL,NULL,14),(9072,2,66,NULL,NULL,15),(9073,2,66,NULL,NULL,9),(9074,0,66,NULL,NULL,34),(9075,2,66,NULL,NULL,35),(9076,0,66,NULL,NULL,36),(9077,0,66,NULL,NULL,55),(9078,0,66,NULL,NULL,56),(9079,0,66,NULL,NULL,57),(9080,0,66,NULL,NULL,58),(9081,0,66,NULL,NULL,59),(9082,0,66,NULL,NULL,60),(9083,2,66,NULL,NULL,54),(9084,0,66,NULL,NULL,61),(9085,0,66,NULL,NULL,63),(9086,0,66,NULL,NULL,64),(9087,2,66,NULL,NULL,65),(9088,0,66,NULL,NULL,66),(9089,0,66,NULL,NULL,67),(9090,0,66,NULL,NULL,68),(9091,0,66,NULL,NULL,62),(9092,0,66,NULL,NULL,70),(9093,0,66,NULL,NULL,53),(9094,0,66,NULL,NULL,51),(9095,0,66,NULL,NULL,37),(9096,0,66,NULL,NULL,38),(9097,0,66,NULL,NULL,39),(9098,0,66,NULL,NULL,40),(9099,0,66,NULL,NULL,41),(9100,0,66,NULL,NULL,42),(9101,0,66,NULL,NULL,52),(9102,0,66,NULL,NULL,43),(9103,0,66,NULL,NULL,45),(9104,0,66,NULL,NULL,46),(9105,0,66,NULL,NULL,47),(9106,0,66,NULL,NULL,48),(9107,0,66,NULL,NULL,49),(9108,0,66,NULL,NULL,50),(9109,2,66,NULL,NULL,44),(9110,2,66,NULL,NULL,141),(9111,0,67,NULL,NULL,1),(9112,0,67,NULL,NULL,103),(9113,0,67,NULL,NULL,102),(9114,0,67,NULL,NULL,101),(9115,0,67,NULL,NULL,100),(9116,0,67,NULL,NULL,99),(9117,0,67,NULL,NULL,98),(9118,0,67,NULL,NULL,97),(9119,0,67,NULL,NULL,96),(9120,0,67,NULL,NULL,95),(9121,0,67,NULL,NULL,94),(9122,0,67,NULL,NULL,93),(9123,0,67,NULL,NULL,92),(9124,0,67,NULL,NULL,91),(9125,0,67,NULL,NULL,90),(9126,0,67,NULL,NULL,89),(9127,0,67,NULL,NULL,88),(9128,0,67,NULL,NULL,87),(9129,0,67,NULL,NULL,73),(9130,0,67,NULL,NULL,74),(9131,0,67,NULL,NULL,75),(9132,0,67,NULL,NULL,76),(9133,0,67,NULL,NULL,77),(9134,0,67,NULL,NULL,78),(9135,0,67,NULL,NULL,104),(9136,0,67,NULL,NULL,79),(9137,0,67,NULL,NULL,81),(9138,0,67,NULL,NULL,82),(9139,0,67,NULL,NULL,83),(9140,0,67,NULL,NULL,84),(9141,0,67,NULL,NULL,85),(9142,0,67,NULL,NULL,86),(9143,0,67,NULL,NULL,80),(9144,0,67,NULL,NULL,105),(9145,0,67,NULL,NULL,106),(9146,0,67,NULL,NULL,107),(9147,0,67,NULL,NULL,126),(9148,0,67,NULL,NULL,127),(9149,0,67,NULL,NULL,128),(9150,0,67,NULL,NULL,129),(9151,0,67,NULL,NULL,130),(9152,0,67,NULL,NULL,131),(9153,0,67,NULL,NULL,125),(9154,0,67,NULL,NULL,132),(9155,0,67,NULL,NULL,134),(9156,0,67,NULL,NULL,135),(9157,0,67,NULL,NULL,136),(9158,0,67,NULL,NULL,137),(9159,0,67,NULL,NULL,138),(9160,0,67,NULL,NULL,139),(9161,0,67,NULL,NULL,133),(9162,0,67,NULL,NULL,72),(9163,0,67,NULL,NULL,124),(9164,0,67,NULL,NULL,122),(9165,0,67,NULL,NULL,108),(9166,0,67,NULL,NULL,109),(9167,0,67,NULL,NULL,110),(9168,0,67,NULL,NULL,111),(9169,0,67,NULL,NULL,112),(9170,0,67,NULL,NULL,113),(9171,0,67,NULL,NULL,123),(9172,0,67,NULL,NULL,114),(9173,0,67,NULL,NULL,116),(9174,0,67,NULL,NULL,117),(9175,0,67,NULL,NULL,118),(9176,0,67,NULL,NULL,119),(9177,0,67,NULL,NULL,120),(9178,0,67,NULL,NULL,121),(9179,0,67,NULL,NULL,115),(9180,0,67,NULL,NULL,140),(9181,0,67,NULL,NULL,71),(9182,0,67,NULL,NULL,69),(9183,0,67,NULL,NULL,32),(9184,0,67,NULL,NULL,31),(9185,0,67,NULL,NULL,30),(9186,0,67,NULL,NULL,29),(9187,0,67,NULL,NULL,28),(9188,0,67,NULL,NULL,27),(9189,0,67,NULL,NULL,26),(9190,0,67,NULL,NULL,25),(9191,0,67,NULL,NULL,24),(9192,0,67,NULL,NULL,23),(9193,0,67,NULL,NULL,22),(9194,0,67,NULL,NULL,21),(9195,0,67,NULL,NULL,20),(9196,0,67,NULL,NULL,19),(9197,0,67,NULL,NULL,18),(9198,0,67,NULL,NULL,17),(9199,0,67,NULL,NULL,16),(9200,0,67,NULL,NULL,2),(9201,0,67,NULL,NULL,3),(9202,0,67,NULL,NULL,4),(9203,0,67,NULL,NULL,5),(9204,0,67,NULL,NULL,6),(9205,0,67,NULL,NULL,7),(9206,0,67,NULL,NULL,33),(9207,0,67,NULL,NULL,8),(9208,0,67,NULL,NULL,10),(9209,0,67,NULL,NULL,11),(9210,0,67,NULL,NULL,12),(9211,0,67,NULL,NULL,13),(9212,0,67,NULL,NULL,14),(9213,0,67,NULL,NULL,15),(9214,0,67,NULL,NULL,9),(9215,0,67,NULL,NULL,34),(9216,0,67,NULL,NULL,35),(9217,0,67,NULL,NULL,36),(9218,0,67,NULL,NULL,55),(9219,0,67,NULL,NULL,56),(9220,0,67,NULL,NULL,57),(9221,0,67,NULL,NULL,58),(9222,0,67,NULL,NULL,59),(9223,0,67,NULL,NULL,60),(9224,0,67,NULL,NULL,54),(9225,0,67,NULL,NULL,61),(9226,0,67,NULL,NULL,63),(9227,0,67,NULL,NULL,64),(9228,0,67,NULL,NULL,65),(9229,0,67,NULL,NULL,66),(9230,0,67,NULL,NULL,67),(9231,0,67,NULL,NULL,68),(9232,0,67,NULL,NULL,62),(9233,0,67,NULL,NULL,70),(9234,0,67,NULL,NULL,53),(9235,0,67,NULL,NULL,51),(9236,0,67,NULL,NULL,37),(9237,0,67,NULL,NULL,38),(9238,0,67,NULL,NULL,39),(9239,0,67,NULL,NULL,40),(9240,0,67,NULL,NULL,41),(9241,0,67,NULL,NULL,42),(9242,0,67,NULL,NULL,52),(9243,0,67,NULL,NULL,43),(9244,0,67,NULL,NULL,45),(9245,0,67,NULL,NULL,46),(9246,0,67,NULL,NULL,47),(9247,0,67,NULL,NULL,48),(9248,0,67,NULL,NULL,49),(9249,0,67,NULL,NULL,50),(9250,0,67,NULL,NULL,44),(9251,0,67,NULL,NULL,141),(9252,0,68,NULL,NULL,142),(9253,0,68,NULL,NULL,208),(9254,0,68,NULL,NULL,207),(9255,0,68,NULL,NULL,206),(9256,0,68,NULL,NULL,205),(9257,0,68,NULL,NULL,204),(9258,0,68,NULL,NULL,203),(9259,0,68,NULL,NULL,202),(9260,0,68,NULL,NULL,201),(9261,0,68,NULL,NULL,200),(9262,0,68,NULL,NULL,199),(9263,0,68,NULL,NULL,198),(9264,0,68,NULL,NULL,197),(9265,0,68,NULL,NULL,196),(9266,0,68,NULL,NULL,195),(9267,0,68,NULL,NULL,194),(9268,0,68,NULL,NULL,193),(9269,0,68,NULL,NULL,192),(9270,0,68,NULL,NULL,191),(9271,0,68,NULL,NULL,190),(9272,0,68,NULL,NULL,209),(9273,0,68,NULL,NULL,189),(9274,0,68,NULL,NULL,210),(9275,0,68,NULL,NULL,212),(9276,0,68,NULL,NULL,231),(9277,0,68,NULL,NULL,230),(9278,0,68,NULL,NULL,229),(9279,0,68,NULL,NULL,228),(9280,0,68,NULL,NULL,227),(9281,0,68,NULL,NULL,226),(9282,0,68,NULL,NULL,225),(9283,0,68,NULL,NULL,224),(9284,0,68,NULL,NULL,223),(9285,0,68,NULL,NULL,222),(9286,0,68,NULL,NULL,221),(9287,0,68,NULL,NULL,220),(9288,0,68,NULL,NULL,219),(9289,0,68,NULL,NULL,218),(9290,0,68,NULL,NULL,217),(9291,0,68,NULL,NULL,216),(9292,0,68,NULL,NULL,215),(9293,0,68,NULL,NULL,214),(9294,0,68,NULL,NULL,213),(9295,0,68,NULL,NULL,211),(9296,0,68,NULL,NULL,188),(9297,0,68,NULL,NULL,187),(9298,0,68,NULL,NULL,186),(9299,0,68,NULL,NULL,161),(9300,0,68,NULL,NULL,160),(9301,0,68,NULL,NULL,159),(9302,0,68,NULL,NULL,158),(9303,0,68,NULL,NULL,157),(9304,0,68,NULL,NULL,156),(9305,0,68,NULL,NULL,155),(9306,0,68,NULL,NULL,154),(9307,0,68,NULL,NULL,153),(9308,0,68,NULL,NULL,152),(9309,0,68,NULL,NULL,151),(9310,0,68,NULL,NULL,150),(9311,0,68,NULL,NULL,149),(9312,0,68,NULL,NULL,148),(9313,0,68,NULL,NULL,147),(9314,0,68,NULL,NULL,146),(9315,0,68,NULL,NULL,145),(9316,0,68,NULL,NULL,144),(9317,0,68,NULL,NULL,143),(9318,0,68,NULL,NULL,162),(9319,0,68,NULL,NULL,163),(9320,0,68,NULL,NULL,164),(9321,0,68,NULL,NULL,165),(9322,0,68,NULL,NULL,185),(9323,0,68,NULL,NULL,184),(9324,0,68,NULL,NULL,183),(9325,0,68,NULL,NULL,182),(9326,0,68,NULL,NULL,181),(9327,0,68,NULL,NULL,180),(9328,0,68,NULL,NULL,179),(9329,0,68,NULL,NULL,178),(9330,0,68,NULL,NULL,177),(9331,0,68,NULL,NULL,232),(9332,0,68,NULL,NULL,176),(9333,0,68,NULL,NULL,174),(9334,0,68,NULL,NULL,173),(9335,0,68,NULL,NULL,172),(9336,0,68,NULL,NULL,171),(9337,0,68,NULL,NULL,170),(9338,0,68,NULL,NULL,169),(9339,0,68,NULL,NULL,168),(9340,0,68,NULL,NULL,167),(9341,0,68,NULL,NULL,166),(9342,0,68,NULL,NULL,175),(9343,0,68,NULL,NULL,233),(9626,2,71,NULL,NULL,1),(9627,0,71,NULL,NULL,103),(9628,0,71,NULL,NULL,102),(9629,0,71,NULL,NULL,101),(9630,0,71,NULL,NULL,100),(9631,0,71,NULL,NULL,99),(9632,0,71,NULL,NULL,98),(9633,0,71,NULL,NULL,97),(9634,0,71,NULL,NULL,96),(9635,0,71,NULL,NULL,95),(9636,0,71,NULL,NULL,94),(9637,0,71,NULL,NULL,93),(9638,0,71,NULL,NULL,92),(9639,0,71,NULL,NULL,91),(9640,0,71,NULL,NULL,90),(9641,0,71,NULL,NULL,89),(9642,0,71,NULL,NULL,88),(9643,0,71,NULL,NULL,87),(9644,0,71,NULL,NULL,73),(9645,0,71,NULL,NULL,74),(9646,0,71,NULL,NULL,75),(9647,0,71,NULL,NULL,76),(9648,0,71,NULL,NULL,77),(9649,0,71,NULL,NULL,78),(9650,0,71,NULL,NULL,104),(9651,0,71,NULL,NULL,79),(9652,0,71,NULL,NULL,81),(9653,0,71,NULL,NULL,82),(9654,0,71,NULL,NULL,83),(9655,0,71,NULL,NULL,84),(9656,0,71,NULL,NULL,85),(9657,0,71,NULL,NULL,86),(9658,0,71,NULL,NULL,80),(9659,0,71,NULL,NULL,105),(9660,0,71,NULL,NULL,106),(9661,0,71,NULL,NULL,107),(9662,0,71,NULL,NULL,126),(9663,0,71,NULL,NULL,127),(9664,0,71,NULL,NULL,128),(9665,0,71,NULL,NULL,129),(9666,0,71,NULL,NULL,130),(9667,0,71,NULL,NULL,131),(9668,0,71,NULL,NULL,125),(9669,0,71,NULL,NULL,132),(9670,0,71,NULL,NULL,134),(9671,0,71,NULL,NULL,135),(9672,0,71,NULL,NULL,136),(9673,0,71,NULL,NULL,137),(9674,0,71,NULL,NULL,138),(9675,0,71,NULL,NULL,139),(9676,0,71,NULL,NULL,133),(9677,0,71,NULL,NULL,72),(9678,0,71,NULL,NULL,124),(9679,0,71,NULL,NULL,122),(9680,0,71,NULL,NULL,108),(9681,0,71,NULL,NULL,109),(9682,0,71,NULL,NULL,110),(9683,0,71,NULL,NULL,111),(9684,0,71,NULL,NULL,112),(9685,0,71,NULL,NULL,113),(9686,0,71,NULL,NULL,123),(9687,0,71,NULL,NULL,114),(9688,0,71,NULL,NULL,116),(9689,0,71,NULL,NULL,117),(9690,0,71,NULL,NULL,118),(9691,0,71,NULL,NULL,119),(9692,0,71,NULL,NULL,120),(9693,0,71,NULL,NULL,121),(9694,0,71,NULL,NULL,115),(9695,0,71,NULL,NULL,140),(9696,0,71,NULL,NULL,71),(9697,0,71,NULL,NULL,69),(9698,0,71,NULL,NULL,32),(9699,0,71,NULL,NULL,31),(9700,0,71,NULL,NULL,30),(9701,0,71,NULL,NULL,29),(9702,0,71,NULL,NULL,28),(9703,0,71,NULL,NULL,27),(9704,0,71,NULL,NULL,26),(9705,0,71,NULL,NULL,25),(9706,0,71,NULL,NULL,24),(9707,0,71,NULL,NULL,23),(9708,0,71,NULL,NULL,22),(9709,0,71,NULL,NULL,21),(9710,0,71,NULL,NULL,20),(9711,0,71,NULL,NULL,19),(9712,1,71,NULL,NULL,18),(9713,1,71,NULL,NULL,17),(9714,2,71,NULL,NULL,16),(9715,0,71,NULL,NULL,2),(9716,0,71,NULL,NULL,3),(9717,0,71,NULL,NULL,4),(9718,0,71,NULL,NULL,5),(9719,0,71,NULL,NULL,6),(9720,0,71,NULL,NULL,7),(9721,0,71,NULL,NULL,33),(9722,0,71,NULL,NULL,8),(9723,1,71,NULL,NULL,10),(9724,1,71,NULL,NULL,11),(9725,2,71,NULL,NULL,12),(9726,2,71,NULL,NULL,13),(9727,2,71,NULL,NULL,14),(9728,2,71,NULL,NULL,15),(9729,0,71,NULL,NULL,9),(9730,0,71,NULL,NULL,34),(9731,0,71,NULL,NULL,35),(9732,0,71,NULL,NULL,36),(9733,0,71,NULL,NULL,55),(9734,0,71,NULL,NULL,56),(9735,0,71,NULL,NULL,57),(9736,0,71,NULL,NULL,58),(9737,0,71,NULL,NULL,59),(9738,0,71,NULL,NULL,60),(9739,0,71,NULL,NULL,54),(9740,0,71,NULL,NULL,61),(9741,0,71,NULL,NULL,63),(9742,0,71,NULL,NULL,64),(9743,0,71,NULL,NULL,65),(9744,0,71,NULL,NULL,66),(9745,0,71,NULL,NULL,67),(9746,0,71,NULL,NULL,68),(9747,0,71,NULL,NULL,62),(9748,0,71,NULL,NULL,70),(9749,0,71,NULL,NULL,53),(9750,0,71,NULL,NULL,51),(9751,0,71,NULL,NULL,37),(9752,0,71,NULL,NULL,38),(9753,0,71,NULL,NULL,39),(9754,0,71,NULL,NULL,40),(9755,0,71,NULL,NULL,41),(9756,0,71,NULL,NULL,42),(9757,0,71,NULL,NULL,52),(9758,0,71,NULL,NULL,43),(9759,0,71,NULL,NULL,45),(9760,0,71,NULL,NULL,46),(9761,0,71,NULL,NULL,47),(9762,0,71,NULL,NULL,48),(9763,0,71,NULL,NULL,49),(9764,0,71,NULL,NULL,50),(9765,0,71,NULL,NULL,44),(9766,0,71,NULL,NULL,141),(9859,1,73,'Si actualiza',NULL,142),(9860,0,73,NULL,NULL,208),(9861,0,73,NULL,NULL,207),(9862,0,73,NULL,NULL,206),(9863,0,73,NULL,NULL,205),(9864,0,73,NULL,NULL,204),(9865,0,73,NULL,NULL,203),(9866,0,73,NULL,NULL,202),(9867,0,73,NULL,NULL,201),(9868,0,73,NULL,NULL,200),(9869,0,73,NULL,NULL,199),(9870,0,73,NULL,NULL,198),(9871,0,73,NULL,NULL,197),(9872,0,73,NULL,NULL,196),(9873,0,73,NULL,NULL,195),(9874,0,73,NULL,NULL,194),(9875,0,73,NULL,NULL,193),(9876,0,73,NULL,NULL,192),(9877,0,73,NULL,NULL,191),(9878,0,73,NULL,NULL,190),(9879,0,73,NULL,NULL,209),(9880,0,73,NULL,NULL,189),(9881,0,73,NULL,NULL,210),(9882,0,73,NULL,NULL,212),(9883,0,73,NULL,NULL,231),(9884,0,73,NULL,NULL,230),(9885,0,73,NULL,NULL,229),(9886,0,73,NULL,NULL,228),(9887,0,73,NULL,NULL,227),(9888,0,73,NULL,NULL,226),(9889,0,73,NULL,NULL,225),(9890,0,73,NULL,NULL,224),(9891,0,73,NULL,NULL,223),(9892,0,73,NULL,NULL,222),(9893,0,73,NULL,NULL,221),(9894,0,73,NULL,NULL,220),(9895,0,73,NULL,NULL,219),(9896,0,73,NULL,NULL,218),(9897,0,73,NULL,NULL,217),(9898,0,73,NULL,NULL,216),(9899,0,73,NULL,NULL,215),(9900,0,73,NULL,NULL,214),(9901,0,73,NULL,NULL,213),(9902,0,73,NULL,NULL,211),(9903,0,73,NULL,NULL,188),(9904,0,73,NULL,NULL,187),(9905,0,73,NULL,NULL,186),(9906,0,73,NULL,NULL,161),(9907,0,73,NULL,NULL,160),(9908,0,73,NULL,NULL,159),(9909,0,73,NULL,NULL,158),(9910,0,73,NULL,NULL,157),(9911,0,73,NULL,NULL,156),(9912,0,73,NULL,NULL,155),(9913,0,73,NULL,NULL,154),(9914,0,73,NULL,NULL,153),(9915,0,73,NULL,NULL,152),(9916,0,73,NULL,NULL,151),(9917,0,73,NULL,NULL,150),(9918,0,73,NULL,NULL,149),(9919,0,73,NULL,NULL,148),(9920,0,73,NULL,NULL,147),(9921,0,73,NULL,NULL,146),(9922,0,73,NULL,NULL,145),(9923,2,73,NULL,NULL,144),(9924,0,73,'Una nota',NULL,143),(9925,0,73,NULL,NULL,162),(9926,0,73,NULL,NULL,163),(9927,0,73,NULL,NULL,164),(9928,0,73,NULL,NULL,165),(9929,0,73,NULL,NULL,185),(9930,0,73,NULL,NULL,184),(9931,0,73,NULL,NULL,183),(9932,0,73,NULL,NULL,182),(9933,0,73,NULL,NULL,181),(9934,0,73,NULL,NULL,180),(9935,0,73,NULL,NULL,179),(9936,0,73,NULL,NULL,178),(9937,0,73,NULL,NULL,177),(9938,0,73,NULL,NULL,232),(9939,0,73,NULL,NULL,176),(9940,0,73,NULL,NULL,174),(9941,0,73,NULL,NULL,173),(9942,0,73,NULL,NULL,172),(9943,0,73,NULL,NULL,171),(9944,0,73,NULL,NULL,170),(9945,0,73,NULL,NULL,169),(9946,0,73,NULL,NULL,168),(9947,0,73,NULL,NULL,167),(9948,0,73,NULL,NULL,166),(9949,0,73,NULL,NULL,175),(9950,0,73,NULL,NULL,233),(9951,0,74,NULL,NULL,142),(9952,0,74,NULL,NULL,208),(9953,0,74,NULL,NULL,207),(9954,0,74,NULL,NULL,206),(9955,0,74,NULL,NULL,205),(9956,0,74,NULL,NULL,204),(9957,0,74,NULL,NULL,203),(9958,0,74,NULL,NULL,202),(9959,0,74,NULL,NULL,201),(9960,0,74,NULL,NULL,200),(9961,0,74,NULL,NULL,199),(9962,0,74,NULL,NULL,198),(9963,0,74,NULL,NULL,197),(9964,0,74,NULL,NULL,196),(9965,0,74,NULL,NULL,195),(9966,0,74,NULL,NULL,194),(9967,0,74,NULL,NULL,193),(9968,0,74,NULL,NULL,192),(9969,0,74,NULL,NULL,191),(9970,0,74,NULL,NULL,190),(9971,0,74,NULL,NULL,209),(9972,0,74,NULL,NULL,189),(9973,0,74,NULL,NULL,210),(9974,0,74,NULL,NULL,212),(9975,0,74,NULL,NULL,231),(9976,0,74,NULL,NULL,230),(9977,0,74,NULL,NULL,229),(9978,0,74,NULL,NULL,228),(9979,0,74,NULL,NULL,227),(9980,0,74,NULL,NULL,226),(9981,0,74,NULL,NULL,225),(9982,0,74,NULL,NULL,224),(9983,0,74,NULL,NULL,223),(9984,0,74,NULL,NULL,222),(9985,0,74,NULL,NULL,221),(9986,0,74,NULL,NULL,220),(9987,0,74,NULL,NULL,219),(9988,0,74,NULL,NULL,218),(9989,0,74,NULL,NULL,217),(9990,0,74,NULL,NULL,216),(9991,0,74,NULL,NULL,215),(9992,0,74,NULL,NULL,214),(9993,0,74,NULL,NULL,213),(9994,0,74,NULL,NULL,211),(9995,0,74,NULL,NULL,188),(9996,0,74,NULL,NULL,187),(9997,0,74,NULL,NULL,186),(9998,0,74,NULL,NULL,161),(9999,0,74,NULL,NULL,160),(10000,0,74,NULL,NULL,159),(10001,0,74,NULL,NULL,158),(10002,0,74,NULL,NULL,157),(10003,0,74,NULL,NULL,156),(10004,0,74,NULL,NULL,155),(10005,0,74,NULL,NULL,154),(10006,0,74,NULL,NULL,153),(10007,0,74,NULL,NULL,152),(10008,0,74,NULL,NULL,151),(10009,0,74,NULL,NULL,150),(10010,0,74,NULL,NULL,149),(10011,0,74,NULL,NULL,148),(10012,0,74,NULL,NULL,147),(10013,0,74,NULL,NULL,146),(10014,0,74,NULL,NULL,145),(10015,0,74,NULL,NULL,144),(10016,0,74,NULL,NULL,143),(10017,0,74,NULL,NULL,162),(10018,0,74,NULL,NULL,163),(10019,0,74,NULL,NULL,164),(10020,0,74,NULL,NULL,165),(10021,0,74,NULL,NULL,185),(10022,0,74,NULL,NULL,184),(10023,0,74,NULL,NULL,183),(10024,0,74,NULL,NULL,182),(10025,0,74,NULL,NULL,181),(10026,0,74,NULL,NULL,180),(10027,0,74,NULL,NULL,179),(10028,0,74,NULL,NULL,178),(10029,0,74,NULL,NULL,177),(10030,0,74,NULL,NULL,232),(10031,0,74,NULL,NULL,176),(10032,0,74,NULL,NULL,174),(10033,0,74,NULL,NULL,173),(10034,0,74,NULL,NULL,172),(10035,0,74,NULL,NULL,171),(10036,0,74,NULL,NULL,170),(10037,0,74,NULL,NULL,169),(10038,0,74,NULL,NULL,168),(10039,0,74,NULL,NULL,167),(10040,0,74,NULL,NULL,166),(10041,0,74,NULL,NULL,175),(10042,0,74,NULL,NULL,233),(10043,0,75,'xcafasdfdc',NULL,1),(10044,0,75,NULL,NULL,103),(10045,0,75,NULL,NULL,102),(10046,0,75,NULL,NULL,101),(10047,0,75,NULL,NULL,100),(10048,0,75,NULL,NULL,99),(10049,0,75,NULL,NULL,98),(10050,0,75,NULL,NULL,97),(10051,0,75,NULL,NULL,96),(10052,0,75,NULL,NULL,95),(10053,0,75,NULL,NULL,94),(10054,0,75,NULL,NULL,93),(10055,0,75,NULL,NULL,92),(10056,0,75,NULL,NULL,91),(10057,0,75,NULL,NULL,90),(10058,0,75,NULL,NULL,89),(10059,0,75,NULL,NULL,88),(10060,0,75,NULL,NULL,87),(10061,0,75,NULL,NULL,73),(10062,0,75,NULL,NULL,74),(10063,0,75,NULL,NULL,75),(10064,0,75,NULL,NULL,76),(10065,0,75,NULL,NULL,77),(10066,0,75,NULL,NULL,78),(10067,0,75,NULL,NULL,104),(10068,0,75,NULL,NULL,79),(10069,0,75,NULL,NULL,81),(10070,0,75,NULL,NULL,82),(10071,0,75,NULL,NULL,83),(10072,0,75,NULL,NULL,84),(10073,0,75,NULL,NULL,85),(10074,0,75,NULL,NULL,86),(10075,0,75,NULL,NULL,80),(10076,0,75,NULL,NULL,105),(10077,0,75,NULL,NULL,106),(10078,0,75,NULL,NULL,107),(10079,0,75,NULL,NULL,126),(10080,0,75,NULL,NULL,127),(10081,0,75,NULL,NULL,128),(10082,0,75,NULL,NULL,129),(10083,0,75,NULL,NULL,130),(10084,0,75,NULL,NULL,131),(10085,0,75,NULL,NULL,125),(10086,0,75,NULL,NULL,132),(10087,0,75,NULL,NULL,134),(10088,0,75,NULL,NULL,135),(10089,0,75,NULL,NULL,136),(10090,0,75,NULL,NULL,137),(10091,0,75,NULL,NULL,138),(10092,0,75,NULL,NULL,139),(10093,0,75,NULL,NULL,133),(10094,0,75,NULL,NULL,72),(10095,0,75,NULL,NULL,124),(10096,0,75,NULL,NULL,122),(10097,0,75,NULL,NULL,108),(10098,0,75,NULL,NULL,109),(10099,0,75,NULL,NULL,110),(10100,0,75,NULL,NULL,111),(10101,0,75,NULL,NULL,112),(10102,0,75,NULL,NULL,113),(10103,0,75,NULL,NULL,123),(10104,0,75,NULL,NULL,114),(10105,0,75,NULL,NULL,116),(10106,0,75,NULL,NULL,117),(10107,0,75,NULL,NULL,118),(10108,0,75,NULL,NULL,119),(10109,0,75,NULL,NULL,120),(10110,0,75,NULL,NULL,121),(10111,0,75,NULL,NULL,115),(10112,0,75,NULL,NULL,140),(10113,0,75,NULL,NULL,71),(10114,0,75,NULL,NULL,69),(10115,0,75,NULL,NULL,32),(10116,0,75,NULL,NULL,31),(10117,0,75,NULL,NULL,30),(10118,0,75,NULL,NULL,29),(10119,0,75,NULL,NULL,28),(10120,0,75,NULL,NULL,27),(10121,0,75,NULL,NULL,26),(10122,0,75,NULL,NULL,25),(10123,0,75,NULL,NULL,24),(10124,0,75,NULL,NULL,23),(10125,0,75,NULL,NULL,22),(10126,0,75,NULL,NULL,21),(10127,0,75,NULL,NULL,20),(10128,0,75,NULL,NULL,19),(10129,0,75,NULL,NULL,18),(10130,0,75,NULL,NULL,17),(10131,0,75,NULL,NULL,16),(10132,0,75,NULL,NULL,2),(10133,0,75,NULL,NULL,3),(10134,0,75,NULL,NULL,4),(10135,0,75,NULL,NULL,5),(10136,0,75,NULL,NULL,6),(10137,0,75,NULL,NULL,7),(10138,0,75,NULL,NULL,33),(10139,0,75,NULL,NULL,8),(10140,0,75,NULL,NULL,10),(10141,0,75,NULL,NULL,11),(10142,0,75,NULL,NULL,12),(10143,0,75,NULL,NULL,13),(10144,0,75,NULL,NULL,14),(10145,0,75,NULL,NULL,15),(10146,0,75,NULL,NULL,9),(10147,0,75,NULL,NULL,34),(10148,0,75,NULL,NULL,35),(10149,0,75,NULL,NULL,36),(10150,0,75,NULL,NULL,55),(10151,0,75,NULL,NULL,56),(10152,0,75,NULL,NULL,57),(10153,0,75,NULL,NULL,58),(10154,0,75,NULL,NULL,59),(10155,0,75,NULL,NULL,60),(10156,0,75,NULL,NULL,54),(10157,0,75,NULL,NULL,61),(10158,0,75,NULL,NULL,63),(10159,0,75,NULL,NULL,64),(10160,0,75,NULL,NULL,65),(10161,0,75,NULL,NULL,66),(10162,0,75,NULL,NULL,67),(10163,0,75,NULL,NULL,68),(10164,0,75,NULL,NULL,62),(10165,0,75,NULL,NULL,70),(10166,0,75,NULL,NULL,53),(10167,0,75,NULL,NULL,51),(10168,0,75,NULL,NULL,37),(10169,0,75,NULL,NULL,38),(10170,0,75,NULL,NULL,39),(10171,0,75,NULL,NULL,40),(10172,0,75,NULL,NULL,41),(10173,0,75,NULL,NULL,42),(10174,0,75,NULL,NULL,52),(10175,0,75,NULL,NULL,43),(10176,0,75,NULL,NULL,45),(10177,0,75,NULL,NULL,46),(10178,0,75,NULL,NULL,47),(10179,0,75,NULL,NULL,48),(10180,0,75,NULL,NULL,49),(10181,0,75,NULL,NULL,50),(10182,0,75,NULL,NULL,44),(10183,0,75,NULL,NULL,141),(10184,0,76,'ddffdaaaa',NULL,1),(10185,0,76,NULL,NULL,103),(10186,0,76,NULL,NULL,102),(10187,0,76,NULL,NULL,101),(10188,0,76,NULL,NULL,100),(10189,0,76,NULL,NULL,99),(10190,0,76,NULL,NULL,98),(10191,0,76,NULL,NULL,97),(10192,0,76,NULL,NULL,96),(10193,0,76,NULL,NULL,95),(10194,0,76,NULL,NULL,94),(10195,0,76,NULL,NULL,93),(10196,0,76,NULL,NULL,92),(10197,0,76,NULL,NULL,91),(10198,0,76,NULL,NULL,90),(10199,0,76,NULL,NULL,89),(10200,0,76,NULL,NULL,88),(10201,0,76,NULL,NULL,87),(10202,0,76,NULL,NULL,73),(10203,0,76,NULL,NULL,74),(10204,0,76,NULL,NULL,75),(10205,0,76,NULL,NULL,76),(10206,0,76,NULL,NULL,77),(10207,0,76,NULL,NULL,78),(10208,0,76,NULL,NULL,104),(10209,0,76,NULL,NULL,79),(10210,0,76,NULL,NULL,81),(10211,0,76,NULL,NULL,82),(10212,0,76,NULL,NULL,83),(10213,0,76,NULL,NULL,84),(10214,0,76,NULL,NULL,85),(10215,0,76,NULL,NULL,86),(10216,0,76,NULL,NULL,80),(10217,0,76,NULL,NULL,105),(10218,0,76,NULL,NULL,106),(10219,0,76,NULL,NULL,107),(10220,0,76,NULL,NULL,126),(10221,0,76,NULL,NULL,127),(10222,0,76,NULL,NULL,128),(10223,0,76,NULL,NULL,129),(10224,0,76,NULL,NULL,130),(10225,0,76,NULL,NULL,131),(10226,0,76,NULL,NULL,125),(10227,0,76,NULL,NULL,132),(10228,0,76,NULL,NULL,134),(10229,0,76,NULL,NULL,135),(10230,0,76,NULL,NULL,136),(10231,0,76,NULL,NULL,137),(10232,0,76,NULL,NULL,138),(10233,0,76,NULL,NULL,139),(10234,0,76,NULL,NULL,133),(10235,0,76,NULL,NULL,72),(10236,0,76,NULL,NULL,124),(10237,0,76,NULL,NULL,122),(10238,0,76,NULL,NULL,108),(10239,0,76,NULL,NULL,109),(10240,0,76,NULL,NULL,110),(10241,0,76,NULL,NULL,111),(10242,0,76,NULL,NULL,112),(10243,0,76,NULL,NULL,113),(10244,0,76,NULL,NULL,123),(10245,0,76,NULL,NULL,114),(10246,0,76,NULL,NULL,116),(10247,0,76,NULL,NULL,117),(10248,0,76,NULL,NULL,118),(10249,0,76,NULL,NULL,119),(10250,0,76,NULL,NULL,120),(10251,0,76,NULL,NULL,121),(10252,0,76,NULL,NULL,115),(10253,0,76,NULL,NULL,140),(10254,0,76,NULL,NULL,71),(10255,0,76,NULL,NULL,69),(10256,0,76,NULL,NULL,32),(10257,0,76,NULL,NULL,31),(10258,0,76,NULL,NULL,30),(10259,0,76,NULL,NULL,29),(10260,0,76,NULL,NULL,28),(10261,0,76,NULL,NULL,27),(10262,0,76,NULL,NULL,26),(10263,0,76,NULL,NULL,25),(10264,0,76,NULL,NULL,24),(10265,0,76,NULL,NULL,23),(10266,0,76,NULL,NULL,22),(10267,0,76,NULL,NULL,21),(10268,0,76,NULL,NULL,20),(10269,0,76,NULL,NULL,19),(10270,0,76,NULL,NULL,18),(10271,0,76,NULL,NULL,17),(10272,0,76,NULL,NULL,16),(10273,0,76,NULL,NULL,2),(10274,0,76,NULL,NULL,3),(10275,0,76,NULL,NULL,4),(10276,0,76,NULL,NULL,5),(10277,0,76,NULL,NULL,6),(10278,0,76,NULL,NULL,7),(10279,0,76,NULL,NULL,33),(10280,0,76,NULL,NULL,8),(10281,0,76,NULL,NULL,10),(10282,0,76,NULL,NULL,11),(10283,0,76,NULL,NULL,12),(10284,0,76,NULL,NULL,13),(10285,0,76,NULL,NULL,14),(10286,0,76,NULL,NULL,15),(10287,0,76,NULL,NULL,9),(10288,0,76,NULL,NULL,34),(10289,0,76,NULL,NULL,35),(10290,0,76,NULL,NULL,36),(10291,0,76,NULL,NULL,55),(10292,0,76,NULL,NULL,56),(10293,0,76,NULL,NULL,57),(10294,0,76,NULL,NULL,58),(10295,0,76,NULL,NULL,59),(10296,0,76,NULL,NULL,60),(10297,0,76,NULL,NULL,54),(10298,0,76,NULL,NULL,61),(10299,0,76,NULL,NULL,63),(10300,0,76,NULL,NULL,64),(10301,0,76,NULL,NULL,65),(10302,0,76,NULL,NULL,66),(10303,0,76,NULL,NULL,67),(10304,0,76,NULL,NULL,68),(10305,0,76,NULL,NULL,62),(10306,0,76,NULL,NULL,70),(10307,0,76,NULL,NULL,53),(10308,0,76,NULL,NULL,51),(10309,0,76,NULL,NULL,37),(10310,0,76,NULL,NULL,38),(10311,0,76,NULL,NULL,39),(10312,0,76,NULL,NULL,40),(10313,0,76,NULL,NULL,41),(10314,0,76,NULL,NULL,42),(10315,0,76,NULL,NULL,52),(10316,0,76,NULL,NULL,43),(10317,0,76,NULL,NULL,45),(10318,0,76,NULL,NULL,46),(10319,0,76,NULL,NULL,47),(10320,0,76,NULL,NULL,48),(10321,0,76,NULL,NULL,49),(10322,0,76,NULL,NULL,50),(10323,0,76,NULL,NULL,44),(10324,0,76,NULL,NULL,141),(10325,0,77,NULL,NULL,1),(10326,0,77,NULL,NULL,103),(10327,0,77,NULL,NULL,102),(10328,0,77,NULL,NULL,101),(10329,0,77,NULL,NULL,100),(10330,0,77,NULL,NULL,99),(10331,0,77,NULL,NULL,98),(10332,0,77,NULL,NULL,97),(10333,0,77,NULL,NULL,96),(10334,0,77,NULL,NULL,95),(10335,0,77,NULL,NULL,94),(10336,0,77,NULL,NULL,93),(10337,0,77,NULL,NULL,92),(10338,0,77,NULL,NULL,91),(10339,0,77,NULL,NULL,90),(10340,0,77,NULL,NULL,89),(10341,0,77,NULL,NULL,88),(10342,0,77,NULL,NULL,87),(10343,0,77,NULL,NULL,73),(10344,0,77,NULL,NULL,74),(10345,0,77,NULL,NULL,75),(10346,0,77,NULL,NULL,76),(10347,0,77,NULL,NULL,77),(10348,0,77,NULL,NULL,78),(10349,0,77,NULL,NULL,104),(10350,0,77,NULL,NULL,79),(10351,0,77,NULL,NULL,81),(10352,0,77,NULL,NULL,82),(10353,0,77,NULL,NULL,83),(10354,0,77,NULL,NULL,84),(10355,0,77,NULL,NULL,85),(10356,0,77,NULL,NULL,86),(10357,0,77,NULL,NULL,80),(10358,0,77,NULL,NULL,105),(10359,0,77,NULL,NULL,106),(10360,0,77,NULL,NULL,107),(10361,0,77,NULL,NULL,126),(10362,0,77,NULL,NULL,127),(10363,0,77,NULL,NULL,128),(10364,0,77,NULL,NULL,129),(10365,0,77,NULL,NULL,130),(10366,0,77,NULL,NULL,131),(10367,0,77,NULL,NULL,125),(10368,0,77,NULL,NULL,132),(10369,0,77,NULL,NULL,134),(10370,0,77,NULL,NULL,135),(10371,0,77,NULL,NULL,136),(10372,0,77,NULL,NULL,137),(10373,0,77,NULL,NULL,138),(10374,0,77,NULL,NULL,139),(10375,0,77,NULL,NULL,133),(10376,0,77,NULL,NULL,72),(10377,0,77,NULL,NULL,124),(10378,0,77,NULL,NULL,122),(10379,0,77,NULL,NULL,108),(10380,0,77,NULL,NULL,109),(10381,0,77,NULL,NULL,110),(10382,0,77,NULL,NULL,111),(10383,0,77,NULL,NULL,112),(10384,0,77,NULL,NULL,113),(10385,0,77,NULL,NULL,123),(10386,0,77,NULL,NULL,114),(10387,0,77,NULL,NULL,116),(10388,0,77,NULL,NULL,117),(10389,0,77,NULL,NULL,118),(10390,0,77,NULL,NULL,119),(10391,0,77,NULL,NULL,120),(10392,0,77,NULL,NULL,121),(10393,0,77,NULL,NULL,115),(10394,0,77,NULL,NULL,140),(10395,0,77,NULL,NULL,71),(10396,0,77,NULL,NULL,69),(10397,0,77,NULL,NULL,32),(10398,0,77,NULL,NULL,31),(10399,0,77,NULL,NULL,30),(10400,0,77,NULL,NULL,29),(10401,0,77,NULL,NULL,28),(10402,0,77,NULL,NULL,27),(10403,0,77,NULL,NULL,26),(10404,0,77,NULL,NULL,25),(10405,0,77,NULL,NULL,24),(10406,0,77,NULL,NULL,23),(10407,0,77,NULL,NULL,22),(10408,0,77,NULL,NULL,21),(10409,0,77,NULL,NULL,20),(10410,0,77,NULL,NULL,19),(10411,0,77,NULL,NULL,18),(10412,0,77,NULL,NULL,17),(10413,0,77,NULL,NULL,16),(10414,0,77,NULL,NULL,2),(10415,0,77,NULL,NULL,3),(10416,0,77,NULL,NULL,4),(10417,0,77,NULL,NULL,5),(10418,0,77,NULL,NULL,6),(10419,0,77,NULL,NULL,7),(10420,0,77,NULL,NULL,33),(10421,0,77,NULL,NULL,8),(10422,0,77,NULL,NULL,10),(10423,0,77,NULL,NULL,11),(10424,0,77,NULL,NULL,12),(10425,0,77,NULL,NULL,13),(10426,0,77,NULL,NULL,14),(10427,0,77,NULL,NULL,15),(10428,0,77,NULL,NULL,9),(10429,0,77,NULL,NULL,34),(10430,0,77,NULL,NULL,35),(10431,0,77,NULL,NULL,36),(10432,0,77,NULL,NULL,55),(10433,0,77,NULL,NULL,56),(10434,0,77,NULL,NULL,57),(10435,0,77,NULL,NULL,58),(10436,0,77,NULL,NULL,59),(10437,0,77,NULL,NULL,60),(10438,0,77,NULL,NULL,54),(10439,0,77,NULL,NULL,61),(10440,0,77,NULL,NULL,63),(10441,0,77,NULL,NULL,64),(10442,0,77,NULL,NULL,65),(10443,0,77,NULL,NULL,66),(10444,0,77,NULL,NULL,67),(10445,0,77,NULL,NULL,68),(10446,0,77,NULL,NULL,62),(10447,0,77,NULL,NULL,70),(10448,0,77,NULL,NULL,53),(10449,0,77,NULL,NULL,51),(10450,0,77,NULL,NULL,37),(10451,0,77,NULL,NULL,38),(10452,0,77,NULL,NULL,39),(10453,0,77,NULL,NULL,40),(10454,0,77,NULL,NULL,41),(10455,0,77,NULL,NULL,42),(10456,0,77,NULL,NULL,52),(10457,0,77,NULL,NULL,43),(10458,0,77,NULL,NULL,45),(10459,0,77,NULL,NULL,46),(10460,0,77,NULL,NULL,47),(10461,0,77,NULL,NULL,48),(10462,0,77,NULL,NULL,49),(10463,0,77,NULL,NULL,50),(10464,0,77,NULL,NULL,44),(10465,0,77,NULL,NULL,141),(10466,0,78,NULL,NULL,1),(10467,0,78,NULL,NULL,103),(10468,0,78,NULL,NULL,102),(10469,0,78,NULL,NULL,101),(10470,0,78,NULL,NULL,100),(10471,0,78,NULL,NULL,99),(10472,0,78,NULL,NULL,98),(10473,0,78,NULL,NULL,97),(10474,0,78,NULL,NULL,96),(10475,0,78,NULL,NULL,95),(10476,0,78,NULL,NULL,94),(10477,0,78,NULL,NULL,93),(10478,0,78,NULL,NULL,92),(10479,0,78,NULL,NULL,91),(10480,0,78,NULL,NULL,90),(10481,0,78,NULL,NULL,89),(10482,0,78,NULL,NULL,88),(10483,0,78,NULL,NULL,87),(10484,0,78,NULL,NULL,73),(10485,0,78,NULL,NULL,74),(10486,0,78,NULL,NULL,75),(10487,0,78,NULL,NULL,76),(10488,0,78,NULL,NULL,77),(10489,0,78,NULL,NULL,78),(10490,0,78,NULL,NULL,104),(10491,0,78,NULL,NULL,79),(10492,0,78,NULL,NULL,81),(10493,0,78,NULL,NULL,82),(10494,0,78,NULL,NULL,83),(10495,0,78,NULL,NULL,84),(10496,0,78,NULL,NULL,85),(10497,0,78,NULL,NULL,86),(10498,0,78,NULL,NULL,80),(10499,0,78,NULL,NULL,105),(10500,0,78,NULL,NULL,106),(10501,0,78,NULL,NULL,107),(10502,0,78,NULL,NULL,126),(10503,0,78,NULL,NULL,127),(10504,0,78,NULL,NULL,128),(10505,0,78,NULL,NULL,129),(10506,0,78,NULL,NULL,130),(10507,0,78,NULL,NULL,131),(10508,0,78,NULL,NULL,125),(10509,0,78,NULL,NULL,132),(10510,0,78,NULL,NULL,134),(10511,0,78,NULL,NULL,135),(10512,0,78,NULL,NULL,136),(10513,0,78,NULL,NULL,137),(10514,0,78,NULL,NULL,138),(10515,0,78,NULL,NULL,139),(10516,0,78,NULL,NULL,133),(10517,0,78,NULL,NULL,72),(10518,0,78,NULL,NULL,124),(10519,0,78,NULL,NULL,122),(10520,0,78,NULL,NULL,108),(10521,0,78,NULL,NULL,109),(10522,0,78,NULL,NULL,110),(10523,0,78,NULL,NULL,111),(10524,0,78,NULL,NULL,112),(10525,0,78,NULL,NULL,113),(10526,0,78,NULL,NULL,123),(10527,0,78,NULL,NULL,114),(10528,0,78,NULL,NULL,116),(10529,0,78,NULL,NULL,117),(10530,0,78,NULL,NULL,118),(10531,0,78,NULL,NULL,119),(10532,0,78,NULL,NULL,120),(10533,0,78,NULL,NULL,121),(10534,0,78,NULL,NULL,115),(10535,0,78,NULL,NULL,140),(10536,0,78,NULL,NULL,71),(10537,0,78,NULL,NULL,69),(10538,0,78,NULL,NULL,32),(10539,0,78,NULL,NULL,31),(10540,0,78,NULL,NULL,30),(10541,0,78,NULL,NULL,29),(10542,0,78,NULL,NULL,28),(10543,0,78,NULL,NULL,27),(10544,0,78,NULL,NULL,26),(10545,0,78,NULL,NULL,25),(10546,0,78,NULL,NULL,24),(10547,0,78,NULL,NULL,23),(10548,0,78,NULL,NULL,22),(10549,0,78,NULL,NULL,21),(10550,0,78,NULL,NULL,20),(10551,0,78,NULL,NULL,19),(10552,0,78,NULL,NULL,18),(10553,0,78,NULL,NULL,17),(10554,0,78,NULL,NULL,16),(10555,0,78,NULL,NULL,2),(10556,0,78,NULL,NULL,3),(10557,0,78,NULL,NULL,4),(10558,0,78,NULL,NULL,5),(10559,0,78,NULL,NULL,6),(10560,0,78,NULL,NULL,7),(10561,0,78,NULL,NULL,33),(10562,0,78,NULL,NULL,8),(10563,0,78,NULL,NULL,10),(10564,0,78,NULL,NULL,11),(10565,0,78,NULL,NULL,12),(10566,0,78,NULL,NULL,13),(10567,0,78,NULL,NULL,14),(10568,0,78,NULL,NULL,15),(10569,0,78,NULL,NULL,9),(10570,0,78,NULL,NULL,34),(10571,0,78,NULL,NULL,35),(10572,0,78,NULL,NULL,36),(10573,0,78,NULL,NULL,55),(10574,0,78,NULL,NULL,56),(10575,0,78,NULL,NULL,57),(10576,0,78,NULL,NULL,58),(10577,0,78,NULL,NULL,59),(10578,0,78,NULL,NULL,60),(10579,0,78,NULL,NULL,54),(10580,0,78,NULL,NULL,61),(10581,0,78,NULL,NULL,63),(10582,0,78,NULL,NULL,64),(10583,0,78,NULL,NULL,65),(10584,0,78,NULL,NULL,66),(10585,0,78,NULL,NULL,67),(10586,0,78,NULL,NULL,68),(10587,0,78,NULL,NULL,62),(10588,0,78,NULL,NULL,70),(10589,0,78,NULL,NULL,53),(10590,0,78,NULL,NULL,51),(10591,0,78,NULL,NULL,37),(10592,0,78,NULL,NULL,38),(10593,0,78,NULL,NULL,39),(10594,0,78,NULL,NULL,40),(10595,0,78,NULL,NULL,41),(10596,0,78,NULL,NULL,42),(10597,0,78,NULL,NULL,52),(10598,0,78,NULL,NULL,43),(10599,0,78,NULL,NULL,45),(10600,0,78,NULL,NULL,46),(10601,0,78,NULL,NULL,47),(10602,0,78,NULL,NULL,48),(10603,0,78,NULL,NULL,49),(10604,0,78,NULL,NULL,50),(10605,0,78,NULL,NULL,44),(10606,0,78,NULL,NULL,141),(10607,0,79,NULL,NULL,1),(10608,0,79,NULL,NULL,103),(10609,0,79,NULL,NULL,102),(10610,0,79,NULL,NULL,101),(10611,0,79,NULL,NULL,100),(10612,0,79,NULL,NULL,99),(10613,0,79,NULL,NULL,98),(10614,0,79,NULL,NULL,97),(10615,0,79,NULL,NULL,96),(10616,0,79,NULL,NULL,95),(10617,0,79,NULL,NULL,94),(10618,0,79,NULL,NULL,93),(10619,0,79,NULL,NULL,92),(10620,0,79,NULL,NULL,91),(10621,0,79,NULL,NULL,90),(10622,0,79,NULL,NULL,89),(10623,0,79,NULL,NULL,88),(10624,0,79,NULL,NULL,87),(10625,0,79,NULL,NULL,73),(10626,0,79,NULL,NULL,74),(10627,0,79,NULL,NULL,75),(10628,0,79,NULL,NULL,76),(10629,0,79,NULL,NULL,77),(10630,0,79,NULL,NULL,78),(10631,0,79,NULL,NULL,104),(10632,0,79,NULL,NULL,79),(10633,0,79,NULL,NULL,81),(10634,0,79,NULL,NULL,82),(10635,0,79,NULL,NULL,83),(10636,0,79,NULL,NULL,84),(10637,0,79,NULL,NULL,85),(10638,0,79,NULL,NULL,86),(10639,0,79,NULL,NULL,80),(10640,0,79,NULL,NULL,105),(10641,0,79,NULL,NULL,106),(10642,0,79,NULL,NULL,107),(10643,0,79,NULL,NULL,126),(10644,0,79,NULL,NULL,127),(10645,0,79,NULL,NULL,128),(10646,0,79,NULL,NULL,129),(10647,0,79,NULL,NULL,130),(10648,0,79,NULL,NULL,131),(10649,0,79,NULL,NULL,125),(10650,0,79,NULL,NULL,132),(10651,0,79,NULL,NULL,134),(10652,0,79,NULL,NULL,135),(10653,0,79,NULL,NULL,136),(10654,0,79,NULL,NULL,137),(10655,0,79,NULL,NULL,138),(10656,0,79,NULL,NULL,139),(10657,0,79,NULL,NULL,133),(10658,0,79,NULL,NULL,72),(10659,0,79,NULL,NULL,124),(10660,0,79,NULL,NULL,122),(10661,0,79,NULL,NULL,108),(10662,0,79,NULL,NULL,109),(10663,0,79,NULL,NULL,110),(10664,0,79,NULL,NULL,111),(10665,0,79,NULL,NULL,112),(10666,0,79,NULL,NULL,113),(10667,0,79,NULL,NULL,123),(10668,0,79,NULL,NULL,114),(10669,0,79,NULL,NULL,116),(10670,0,79,NULL,NULL,117),(10671,0,79,NULL,NULL,118),(10672,0,79,NULL,NULL,119),(10673,0,79,NULL,NULL,120),(10674,0,79,NULL,NULL,121),(10675,0,79,NULL,NULL,115),(10676,0,79,NULL,NULL,140),(10677,0,79,NULL,NULL,71),(10678,0,79,NULL,NULL,69),(10679,0,79,NULL,NULL,32),(10680,0,79,NULL,NULL,31),(10681,0,79,NULL,NULL,30),(10682,0,79,NULL,NULL,29),(10683,0,79,NULL,NULL,28),(10684,0,79,NULL,NULL,27),(10685,0,79,NULL,NULL,26),(10686,0,79,NULL,NULL,25),(10687,0,79,NULL,NULL,24),(10688,0,79,NULL,NULL,23),(10689,0,79,NULL,NULL,22),(10690,0,79,NULL,NULL,21),(10691,0,79,NULL,NULL,20),(10692,0,79,NULL,NULL,19),(10693,0,79,NULL,NULL,18),(10694,0,79,NULL,NULL,17),(10695,0,79,NULL,NULL,16),(10696,0,79,NULL,NULL,2),(10697,0,79,NULL,NULL,3),(10698,0,79,NULL,NULL,4),(10699,0,79,NULL,NULL,5),(10700,0,79,NULL,NULL,6),(10701,0,79,NULL,NULL,7),(10702,0,79,NULL,NULL,33),(10703,0,79,NULL,NULL,8),(10704,0,79,NULL,NULL,10),(10705,0,79,NULL,NULL,11),(10706,0,79,NULL,NULL,12),(10707,0,79,NULL,NULL,13),(10708,0,79,NULL,NULL,14),(10709,0,79,NULL,NULL,15),(10710,0,79,NULL,NULL,9),(10711,0,79,NULL,NULL,34),(10712,0,79,NULL,NULL,35),(10713,0,79,NULL,NULL,36),(10714,0,79,NULL,NULL,55),(10715,0,79,NULL,NULL,56),(10716,0,79,NULL,NULL,57),(10717,0,79,NULL,NULL,58),(10718,0,79,NULL,NULL,59),(10719,0,79,NULL,NULL,60),(10720,0,79,NULL,NULL,54),(10721,0,79,NULL,NULL,61),(10722,0,79,NULL,NULL,63),(10723,0,79,NULL,NULL,64),(10724,0,79,NULL,NULL,65),(10725,0,79,NULL,NULL,66),(10726,0,79,NULL,NULL,67),(10727,0,79,NULL,NULL,68),(10728,0,79,NULL,NULL,62),(10729,0,79,NULL,NULL,70),(10730,0,79,NULL,NULL,53),(10731,0,79,NULL,NULL,51),(10732,0,79,NULL,NULL,37),(10733,0,79,NULL,NULL,38),(10734,0,79,NULL,NULL,39),(10735,0,79,NULL,NULL,40),(10736,0,79,NULL,NULL,41),(10737,0,79,NULL,NULL,42),(10738,0,79,NULL,NULL,52),(10739,0,79,NULL,NULL,43),(10740,0,79,NULL,NULL,45),(10741,0,79,NULL,NULL,46),(10742,0,79,NULL,NULL,47),(10743,0,79,NULL,NULL,48),(10744,0,79,NULL,NULL,49),(10745,0,79,NULL,NULL,50),(10746,0,79,NULL,NULL,44),(10747,0,79,NULL,NULL,141),(10748,0,80,NULL,NULL,1),(10749,0,80,NULL,NULL,103),(10750,0,80,NULL,NULL,102),(10751,0,80,NULL,NULL,101),(10752,0,80,NULL,NULL,100),(10753,0,80,NULL,NULL,99),(10754,0,80,NULL,NULL,98),(10755,0,80,NULL,NULL,97),(10756,0,80,NULL,NULL,96),(10757,0,80,NULL,NULL,95),(10758,0,80,NULL,NULL,94),(10759,0,80,NULL,NULL,93),(10760,0,80,NULL,NULL,92),(10761,0,80,NULL,NULL,91),(10762,0,80,NULL,NULL,90),(10763,0,80,NULL,NULL,89),(10764,0,80,NULL,NULL,88),(10765,0,80,NULL,NULL,87),(10766,0,80,NULL,NULL,73),(10767,0,80,NULL,NULL,74),(10768,0,80,NULL,NULL,75),(10769,0,80,NULL,NULL,76),(10770,0,80,NULL,NULL,77),(10771,0,80,NULL,NULL,78),(10772,0,80,NULL,NULL,104),(10773,0,80,NULL,NULL,79),(10774,0,80,NULL,NULL,81),(10775,0,80,NULL,NULL,82),(10776,0,80,NULL,NULL,83),(10777,0,80,NULL,NULL,84),(10778,0,80,NULL,NULL,85),(10779,0,80,NULL,NULL,86),(10780,0,80,NULL,NULL,80),(10781,0,80,NULL,NULL,105),(10782,0,80,NULL,NULL,106),(10783,0,80,NULL,NULL,107),(10784,0,80,NULL,NULL,126),(10785,0,80,NULL,NULL,127),(10786,0,80,NULL,NULL,128),(10787,0,80,NULL,NULL,129),(10788,0,80,NULL,NULL,130),(10789,0,80,NULL,NULL,131),(10790,0,80,NULL,NULL,125),(10791,0,80,NULL,NULL,132),(10792,0,80,NULL,NULL,134),(10793,0,80,NULL,NULL,135),(10794,0,80,NULL,NULL,136),(10795,0,80,NULL,NULL,137),(10796,0,80,NULL,NULL,138),(10797,0,80,NULL,NULL,139),(10798,0,80,NULL,NULL,133),(10799,0,80,NULL,NULL,72),(10800,0,80,NULL,NULL,124),(10801,0,80,NULL,NULL,122),(10802,0,80,NULL,NULL,108),(10803,0,80,NULL,NULL,109),(10804,0,80,NULL,NULL,110),(10805,0,80,NULL,NULL,111),(10806,0,80,NULL,NULL,112),(10807,0,80,NULL,NULL,113),(10808,0,80,NULL,NULL,123),(10809,0,80,NULL,NULL,114),(10810,0,80,NULL,NULL,116),(10811,0,80,NULL,NULL,117),(10812,0,80,NULL,NULL,118),(10813,0,80,NULL,NULL,119),(10814,0,80,NULL,NULL,120),(10815,0,80,NULL,NULL,121),(10816,0,80,NULL,NULL,115),(10817,0,80,NULL,NULL,140),(10818,0,80,NULL,NULL,71),(10819,0,80,NULL,NULL,69),(10820,0,80,NULL,NULL,32),(10821,0,80,NULL,NULL,31),(10822,0,80,NULL,NULL,30),(10823,0,80,NULL,NULL,29),(10824,0,80,NULL,NULL,28),(10825,0,80,NULL,NULL,27),(10826,0,80,NULL,NULL,26),(10827,0,80,NULL,NULL,25),(10828,0,80,NULL,NULL,24),(10829,0,80,NULL,NULL,23),(10830,0,80,NULL,NULL,22),(10831,0,80,NULL,NULL,21),(10832,0,80,NULL,NULL,20),(10833,0,80,NULL,NULL,19),(10834,0,80,NULL,NULL,18),(10835,0,80,NULL,NULL,17),(10836,0,80,NULL,NULL,16),(10837,0,80,NULL,NULL,2),(10838,0,80,NULL,NULL,3),(10839,0,80,NULL,NULL,4),(10840,0,80,NULL,NULL,5),(10841,0,80,NULL,NULL,6),(10842,0,80,NULL,NULL,7),(10843,0,80,NULL,NULL,33),(10844,0,80,NULL,NULL,8),(10845,0,80,NULL,NULL,10),(10846,0,80,NULL,NULL,11),(10847,0,80,NULL,NULL,12),(10848,0,80,NULL,NULL,13),(10849,0,80,NULL,NULL,14),(10850,0,80,NULL,NULL,15),(10851,0,80,NULL,NULL,9),(10852,0,80,NULL,NULL,34),(10853,0,80,NULL,NULL,35),(10854,0,80,NULL,NULL,36),(10855,0,80,NULL,NULL,55),(10856,0,80,NULL,NULL,56),(10857,0,80,NULL,NULL,57),(10858,0,80,NULL,NULL,58),(10859,0,80,NULL,NULL,59),(10860,0,80,NULL,NULL,60),(10861,0,80,NULL,NULL,54),(10862,0,80,NULL,NULL,61),(10863,0,80,NULL,NULL,63),(10864,0,80,NULL,NULL,64),(10865,0,80,NULL,NULL,65),(10866,0,80,NULL,NULL,66),(10867,0,80,NULL,NULL,67),(10868,0,80,NULL,NULL,68),(10869,0,80,NULL,NULL,62),(10870,0,80,NULL,NULL,70),(10871,0,80,NULL,NULL,53),(10872,0,80,NULL,NULL,51),(10873,0,80,NULL,NULL,37),(10874,0,80,NULL,NULL,38),(10875,0,80,NULL,NULL,39),(10876,0,80,NULL,NULL,40),(10877,0,80,NULL,NULL,41),(10878,0,80,NULL,NULL,42),(10879,0,80,NULL,NULL,52),(10880,0,80,NULL,NULL,43),(10881,0,80,NULL,NULL,45),(10882,0,80,NULL,NULL,46),(10883,0,80,NULL,NULL,47),(10884,0,80,NULL,NULL,48),(10885,0,80,NULL,NULL,49),(10886,0,80,NULL,NULL,50),(10887,0,80,NULL,NULL,44),(10888,0,80,NULL,NULL,141),(10889,2,81,NULL,NULL,1),(10890,1,81,NULL,NULL,103),(10891,2,81,NULL,NULL,102),(10892,1,81,NULL,NULL,101),(10893,0,81,NULL,NULL,100),(10894,0,81,NULL,NULL,99),(10895,0,81,NULL,NULL,98),(10896,0,81,NULL,NULL,97),(10897,0,81,NULL,NULL,96),(10898,0,81,NULL,NULL,95),(10899,0,81,NULL,NULL,94),(10900,2,81,NULL,NULL,93),(10901,2,81,NULL,NULL,92),(10902,1,81,NULL,NULL,91),(10903,0,81,NULL,NULL,90),(10904,0,81,NULL,NULL,89),(10905,0,81,NULL,NULL,88),(10906,0,81,NULL,NULL,87),(10907,0,81,NULL,NULL,73),(10908,0,81,NULL,NULL,74),(10909,2,81,NULL,NULL,75),(10910,0,81,NULL,NULL,76),(10911,0,81,NULL,NULL,77),(10912,0,81,NULL,NULL,78),(10913,2,81,NULL,NULL,104),(10914,0,81,NULL,NULL,79),(10915,0,81,NULL,NULL,81),(10916,0,81,NULL,NULL,82),(10917,0,81,NULL,NULL,83),(10918,0,81,NULL,NULL,84),(10919,0,81,NULL,NULL,85),(10920,2,81,NULL,NULL,86),(10921,0,81,NULL,NULL,80),(10922,1,81,NULL,NULL,105),(10923,2,81,NULL,NULL,106),(10924,1,81,NULL,NULL,107),(10925,0,81,NULL,NULL,126),(10926,0,81,NULL,NULL,127),(10927,0,81,NULL,NULL,128),(10928,0,81,NULL,NULL,129),(10929,0,81,NULL,NULL,130),(10930,0,81,NULL,NULL,131),(10931,0,81,NULL,NULL,125),(10932,0,81,NULL,NULL,132),(10933,0,81,NULL,NULL,134),(10934,0,81,NULL,NULL,135),(10935,0,81,NULL,NULL,136),(10936,0,81,NULL,NULL,137),(10937,0,81,NULL,NULL,138),(10938,0,81,NULL,NULL,139),(10939,0,81,NULL,NULL,133),(10940,0,81,NULL,NULL,72),(10941,0,81,NULL,NULL,124),(10942,0,81,NULL,NULL,122),(10943,1,81,NULL,NULL,108),(10944,2,81,NULL,NULL,109),(10945,1,81,NULL,NULL,110),(10946,2,81,NULL,NULL,111),(10947,1,81,NULL,NULL,112),(10948,2,81,NULL,NULL,113),(10949,0,81,NULL,NULL,123),(10950,1,81,NULL,NULL,114),(10951,1,81,NULL,NULL,116),(10952,2,81,NULL,NULL,117),(10953,2,81,NULL,NULL,118),(10954,0,81,NULL,NULL,119),(10955,0,81,NULL,NULL,120),(10956,0,81,NULL,NULL,121),(10957,2,81,NULL,NULL,115),(10958,0,81,NULL,NULL,140),(10959,2,81,NULL,NULL,71),(10960,0,81,NULL,NULL,69),(10961,0,81,NULL,NULL,32),(10962,0,81,NULL,NULL,31),(10963,0,81,NULL,NULL,30),(10964,0,81,NULL,NULL,29),(10965,0,81,NULL,NULL,28),(10966,2,81,NULL,NULL,27),(10967,1,81,NULL,NULL,26),(10968,2,81,NULL,NULL,25),(10969,1,81,NULL,NULL,24),(10970,2,81,NULL,NULL,23),(10971,1,81,NULL,NULL,22),(10972,2,81,NULL,NULL,21),(10973,1,81,NULL,NULL,20),(10974,2,81,NULL,NULL,19),(10975,0,81,NULL,NULL,18),(10976,0,81,NULL,NULL,17),(10977,0,81,NULL,NULL,16),(10978,0,81,NULL,NULL,2),(10979,0,81,NULL,NULL,3),(10980,0,81,NULL,NULL,4),(10981,0,81,NULL,NULL,5),(10982,0,81,NULL,NULL,6),(10983,0,81,NULL,NULL,7),(10984,0,81,NULL,NULL,33),(10985,0,81,NULL,NULL,8),(10986,2,81,NULL,NULL,10),(10987,0,81,NULL,NULL,11),(10988,0,81,NULL,NULL,12),(10989,0,81,NULL,NULL,13),(10990,0,81,NULL,NULL,14),(10991,0,81,NULL,NULL,15),(10992,0,81,NULL,NULL,9),(10993,0,81,NULL,NULL,34),(10994,2,81,NULL,NULL,35),(10995,0,81,NULL,NULL,36),(10996,0,81,NULL,NULL,55),(10997,0,81,NULL,NULL,56),(10998,0,81,NULL,NULL,57),(10999,0,81,NULL,NULL,58),(11000,0,81,NULL,NULL,59),(11001,0,81,NULL,NULL,60),(11002,2,81,NULL,NULL,54),(11003,0,81,NULL,NULL,61),(11004,0,81,NULL,NULL,63),(11005,0,81,NULL,NULL,64),(11006,2,81,NULL,NULL,65),(11007,0,81,NULL,NULL,66),(11008,0,81,NULL,NULL,67),(11009,0,81,NULL,NULL,68),(11010,0,81,NULL,NULL,62),(11011,0,81,NULL,NULL,70),(11012,0,81,NULL,NULL,53),(11013,0,81,NULL,NULL,51),(11014,0,81,NULL,NULL,37),(11015,0,81,NULL,NULL,38),(11016,0,81,NULL,NULL,39),(11017,0,81,NULL,NULL,40),(11018,0,81,NULL,NULL,41),(11019,0,81,NULL,NULL,42),(11020,0,81,NULL,NULL,52),(11021,0,81,NULL,NULL,43),(11022,0,81,NULL,NULL,45),(11023,0,81,NULL,NULL,46),(11024,0,81,NULL,NULL,47),(11025,0,81,NULL,NULL,48),(11026,0,81,NULL,NULL,49),(11027,0,81,NULL,NULL,50),(11028,2,81,NULL,NULL,44),(11029,0,81,NULL,NULL,141),(11030,0,82,NULL,NULL,1),(11031,0,82,NULL,NULL,103),(11032,0,82,NULL,NULL,102),(11033,0,82,NULL,NULL,101),(11034,0,82,NULL,NULL,100),(11035,0,82,NULL,NULL,99),(11036,0,82,NULL,NULL,98),(11037,0,82,NULL,NULL,97),(11038,0,82,NULL,NULL,96),(11039,0,82,NULL,NULL,95),(11040,0,82,NULL,NULL,94),(11041,0,82,NULL,NULL,93),(11042,0,82,NULL,NULL,92),(11043,0,82,NULL,NULL,91),(11044,0,82,NULL,NULL,90),(11045,0,82,NULL,NULL,89),(11046,0,82,NULL,NULL,88),(11047,0,82,NULL,NULL,87),(11048,0,82,NULL,NULL,73),(11049,0,82,NULL,NULL,74),(11050,0,82,NULL,NULL,75),(11051,0,82,NULL,NULL,76),(11052,0,82,NULL,NULL,77),(11053,0,82,NULL,NULL,78),(11054,0,82,NULL,NULL,104),(11055,0,82,NULL,NULL,79),(11056,0,82,NULL,NULL,81),(11057,0,82,NULL,NULL,82),(11058,0,82,NULL,NULL,83),(11059,0,82,NULL,NULL,84),(11060,0,82,NULL,NULL,85),(11061,0,82,NULL,NULL,86),(11062,0,82,NULL,NULL,80),(11063,0,82,NULL,NULL,105),(11064,0,82,NULL,NULL,106),(11065,0,82,NULL,NULL,107),(11066,0,82,NULL,NULL,126),(11067,0,82,NULL,NULL,127),(11068,0,82,NULL,NULL,128),(11069,0,82,NULL,NULL,129),(11070,0,82,NULL,NULL,130),(11071,0,82,NULL,NULL,131),(11072,0,82,NULL,NULL,125),(11073,0,82,NULL,NULL,132),(11074,0,82,NULL,NULL,134),(11075,0,82,NULL,NULL,135),(11076,0,82,NULL,NULL,136),(11077,0,82,NULL,NULL,137),(11078,0,82,NULL,NULL,138),(11079,0,82,NULL,NULL,139),(11080,0,82,NULL,NULL,133),(11081,0,82,NULL,NULL,72),(11082,0,82,NULL,NULL,124),(11083,0,82,NULL,NULL,122),(11084,0,82,NULL,NULL,108),(11085,0,82,NULL,NULL,109),(11086,0,82,NULL,NULL,110),(11087,0,82,NULL,NULL,111),(11088,0,82,NULL,NULL,112),(11089,0,82,NULL,NULL,113),(11090,0,82,NULL,NULL,123),(11091,0,82,NULL,NULL,114),(11092,0,82,NULL,NULL,116),(11093,0,82,NULL,NULL,117),(11094,0,82,NULL,NULL,118),(11095,0,82,NULL,NULL,119),(11096,0,82,NULL,NULL,120),(11097,0,82,NULL,NULL,121),(11098,0,82,NULL,NULL,115),(11099,0,82,NULL,NULL,140),(11100,0,82,NULL,NULL,71),(11101,0,82,NULL,NULL,69),(11102,0,82,NULL,NULL,32),(11103,0,82,NULL,NULL,31),(11104,0,82,NULL,NULL,30),(11105,0,82,NULL,NULL,29),(11106,0,82,NULL,NULL,28),(11107,0,82,NULL,NULL,27),(11108,0,82,NULL,NULL,26),(11109,0,82,NULL,NULL,25),(11110,0,82,NULL,NULL,24),(11111,0,82,NULL,NULL,23),(11112,0,82,NULL,NULL,22),(11113,0,82,NULL,NULL,21),(11114,0,82,NULL,NULL,20),(11115,0,82,NULL,NULL,19),(11116,0,82,NULL,NULL,18),(11117,0,82,NULL,NULL,17),(11118,0,82,NULL,NULL,16),(11119,0,82,NULL,NULL,2),(11120,0,82,NULL,NULL,3),(11121,0,82,NULL,NULL,4),(11122,0,82,NULL,NULL,5),(11123,0,82,NULL,NULL,6),(11124,0,82,NULL,NULL,7),(11125,0,82,NULL,NULL,33),(11126,0,82,NULL,NULL,8),(11127,0,82,NULL,NULL,10),(11128,0,82,NULL,NULL,11),(11129,0,82,NULL,NULL,12),(11130,0,82,NULL,NULL,13),(11131,0,82,NULL,NULL,14),(11132,0,82,NULL,NULL,15),(11133,0,82,NULL,NULL,9),(11134,0,82,NULL,NULL,34),(11135,0,82,NULL,NULL,35),(11136,0,82,NULL,NULL,36),(11137,0,82,NULL,NULL,55),(11138,0,82,NULL,NULL,56),(11139,0,82,NULL,NULL,57),(11140,0,82,NULL,NULL,58),(11141,0,82,NULL,NULL,59),(11142,0,82,NULL,NULL,60),(11143,0,82,NULL,NULL,54),(11144,0,82,NULL,NULL,61),(11145,0,82,NULL,NULL,63),(11146,0,82,NULL,NULL,64),(11147,0,82,NULL,NULL,65),(11148,0,82,NULL,NULL,66),(11149,0,82,NULL,NULL,67),(11150,0,82,NULL,NULL,68),(11151,0,82,NULL,NULL,62),(11152,0,82,NULL,NULL,70),(11153,0,82,NULL,NULL,53),(11154,0,82,NULL,NULL,51),(11155,0,82,NULL,NULL,37),(11156,0,82,NULL,NULL,38),(11157,0,82,NULL,NULL,39),(11158,0,82,NULL,NULL,40),(11159,0,82,NULL,NULL,41),(11160,0,82,NULL,NULL,42),(11161,0,82,NULL,NULL,52),(11162,0,82,NULL,NULL,43),(11163,0,82,NULL,NULL,45),(11164,0,82,NULL,NULL,46),(11165,0,82,NULL,NULL,47),(11166,0,82,NULL,NULL,48),(11167,0,82,NULL,NULL,49),(11168,0,82,NULL,NULL,50),(11169,0,82,NULL,NULL,44),(11170,0,82,NULL,NULL,141);
/*!40000 ALTER TABLE `respuestas` ENABLE KEYS */;
UNLOCK TABLES;

--
-- Table structure for table `roles`
--

DROP TABLE IF EXISTS `roles`;
/*!40101 SET @saved_cs_client     = @@character_set_client */;
/*!40101 SET character_set_client = utf8 */;
CREATE TABLE `roles` (
  `Id` int(11) NOT NULL AUTO_INCREMENT,
  `Role` longtext NOT NULL,
  PRIMARY KEY (`Id`)
) ENGINE=InnoDB AUTO_INCREMENT=4 DEFAULT CHARSET=latin1;
/*!40101 SET character_set_client = @saved_cs_client */;

--
-- Dumping data for table `roles`
--

LOCK TABLES `roles` WRITE;
/*!40000 ALTER TABLE `roles` DISABLE KEYS */;
INSERT INTO `roles` VALUES (1,'Usuario'),(2,'Administrador'),(3,'Evaluador');
/*!40000 ALTER TABLE `roles` ENABLE KEYS */;
UNLOCK TABLES;

--
-- Table structure for table `sections`
--

DROP TABLE IF EXISTS `sections`;
/*!40101 SET @saved_cs_client     = @@character_set_client */;
/*!40101 SET character_set_client = utf8 */;
CREATE TABLE `sections` (
  `Id` int(11) NOT NULL AUTO_INCREMENT,
  `Nombre` varchar(120) NOT NULL,
  `AssessmentId` int(11) NOT NULL DEFAULT '1',
  `Peso` int(11) NOT NULL DEFAULT '0',
  `PesoNivel1` int(11) DEFAULT NULL,
  `PesoNivel2` int(11) DEFAULT NULL,
  `PesoNivel3` int(11) DEFAULT NULL,
  PRIMARY KEY (`Id`),
  KEY `IX_Sections_AssessmentId` (`AssessmentId`),
  CONSTRAINT `FK_Sections_Assessment_AssessmentId` FOREIGN KEY (`AssessmentId`) REFERENCES `assessment` (`AssessmentId`) ON DELETE CASCADE
) ENGINE=InnoDB AUTO_INCREMENT=13 DEFAULT CHARSET=latin1;
/*!40101 SET character_set_client = @saved_cs_client */;

--
-- Dumping data for table `sections`
--

LOCK TABLES `sections` WRITE;
/*!40000 ALTER TABLE `sections` DISABLE KEYS */;
INSERT INTO `sections` VALUES (1,'EQUIPO',1,15,60,25,15),(2,'EVENTOS',1,20,60,25,15),(3,' HERRAMIENTAS ',1,15,60,25,15),(4,'MINDSET',1,20,60,25,15),(5,'APLICACIÓN PRÁCTICA',1,30,60,25,15),(6,'ORGANIZACION EQUIPOS',2,14,60,25,15),(7,'CICLO DE VIDA',2,14,60,25,15),(8,'CONSTRUCCIÓN',2,14,60,25,15),(9,'TESTING Y CALIDAD',2,14,60,25,15),(10,'DESPLIEGUE',2,14,60,25,15),(11,'MONITORIZACION',2,14,60,25,15),(12,'APROVISIONAMIENTO',2,16,60,25,15);
/*!40000 ALTER TABLE `sections` ENABLE KEYS */;
UNLOCK TABLES;

--
-- Table structure for table `unidad`
--

DROP TABLE IF EXISTS `unidad`;
/*!40101 SET @saved_cs_client     = @@character_set_client */;
/*!40101 SET character_set_client = utf8 */;
CREATE TABLE `unidad` (
  `UnidadId` int(11) NOT NULL AUTO_INCREMENT,
  `OficinaId` int(11) NOT NULL,
  `UnidadNombre` varchar(50) NOT NULL,
  PRIMARY KEY (`UnidadId`),
  KEY `IX_Unidad_OficinaId` (`OficinaId`),
  CONSTRAINT `FK_Unidad_Oficina_OficinaId` FOREIGN KEY (`OficinaId`) REFERENCES `oficina` (`OficinaId`) ON DELETE CASCADE
) ENGINE=InnoDB AUTO_INCREMENT=7 DEFAULT CHARSET=latin1;
/*!40101 SET character_set_client = @saved_cs_client */;

--
-- Dumping data for table `unidad`
--

LOCK TABLES `unidad` WRITE;
/*!40000 ALTER TABLE `unidad` DISABLE KEYS */;
INSERT INTO `unidad` VALUES (1,1,'Unidad de Prueba'),(2,2,'Centers'),(3,3,'Centers'),(4,4,'Centers'),(5,5,'Centers'),(6,6,'Centers');
/*!40000 ALTER TABLE `unidad` ENABLE KEYS */;
UNLOCK TABLES;

--
-- Table structure for table `userproyectos`
--

DROP TABLE IF EXISTS `userproyectos`;
/*!40101 SET @saved_cs_client     = @@character_set_client */;
/*!40101 SET character_set_client = utf8 */;
CREATE TABLE `userproyectos` (
  `Id` int(11) NOT NULL AUTO_INCREMENT,
  `UserNombre` varchar(127) NOT NULL,
  `ProyectoId` int(11) NOT NULL,
  PRIMARY KEY (`Id`),
  KEY `IX_UserProyecto_ProyectoId` (`ProyectoId`),
  KEY `IX_UserProyecto_UserNombre` (`UserNombre`),
  CONSTRAINT `FK_UserProyecto_Proyectos_ProyectoId` FOREIGN KEY (`ProyectoId`) REFERENCES `proyectos` (`Id`) ON DELETE CASCADE,
  CONSTRAINT `FK_UserProyecto_Users_UserNombre` FOREIGN KEY (`UserNombre`) REFERENCES `users` (`Nombre`) ON DELETE CASCADE
) ENGINE=InnoDB AUTO_INCREMENT=142 DEFAULT CHARSET=latin1;
/*!40101 SET character_set_client = @saved_cs_client */;

--
-- Dumping data for table `userproyectos`
--

LOCK TABLES `userproyectos` WRITE;
/*!40000 ALTER TABLE `userproyectos` DISABLE KEYS */;
INSERT INTO `userproyectos` VALUES (1,'Admin',1),(2,'Admin',2),(4,'User',1),(5,'jherrric',5),(6,'mcampong',6),(7,'cgonzaro',7),(8,'fvellari',8),(9,'marcossa',9),(11,'mcampong',2),(12,'cgonzaro',2),(13,'jgadeado',11),(14,'jgalvezj',12),(15,'jbeltrma',22),(16,'agiampas',23),(19,'fmorenov',26),(24,'usuario_prueba',32),(27,'usuario_prueba',34),(38,'acornago',35),(39,'eroura',41),(40,'TestAGD',42),(41,'AGD2',43),(42,'AGD',44),(49,'test_user',45),(50,'acornago',2),(51,'acornago',1),(94,'salva',46),(98,'salva',35),(120,'eroura',35),(121,'eroura',18),(123,'eroura',21),(124,'vpaduaca',48),(127,'vpaduaca',49),(135,'eroura',34),(139,'test_user',34),(141,'test_user',32);
/*!40000 ALTER TABLE `userproyectos` ENABLE KEYS */;
UNLOCK TABLES;

--
-- Table structure for table `users`
--

DROP TABLE IF EXISTS `users`;
/*!40101 SET @saved_cs_client     = @@character_set_client */;
/*!40101 SET character_set_client = utf8 */;
CREATE TABLE `users` (
  `Nombre` varchar(127) NOT NULL,
  `Password` longtext NOT NULL,
  `RoleId` int(11) NOT NULL DEFAULT '1',
  `Activo` bit(1) NOT NULL DEFAULT b'1',
  `NombreCompleto` longtext,
  PRIMARY KEY (`Nombre`),
  KEY `IX_Users_RoleId` (`RoleId`),
  CONSTRAINT `FK_Users_Roles_RoleId` FOREIGN KEY (`RoleId`) REFERENCES `roles` (`Id`) ON DELETE CASCADE
) ENGINE=InnoDB DEFAULT CHARSET=latin1;
/*!40101 SET character_set_client = @saved_cs_client */;

--
-- Dumping data for table `users`
--

LOCK TABLES `users` WRITE;
/*!40000 ALTER TABLE `users` DISABLE KEYS */;
INSERT INTO `users` VALUES ('acornago','5178298d310cfc2239970c0e059c32eb82ed028e75335f5307052351b034d123',1,_binary '','Álvaro Cornago'),('Admin','c1c224b03cd9bc7b6a86d77f5dace40191766c485cd55dc48caf9ac873335d6f',2,_binary '',NULL),('AGD','03ac674216f3e15c761ee1a5e255f067953623c8b388b4459e13f978d7c846f4',2,_binary '\0','AGD PRUEBA'),('AGD2','03ac674216f3e15c761ee1a5e255f067953623c8b388b4459e13f978d7c846f4',2,_binary '\0','AGD2'),('agiampas','9ffb264969759f3ff02acfbbb22d4fbed6482d814cbfe59ce59c03cf2d5a35eb',2,_binary '','Adrián Giampaslia Domínguez'),('cgonzaro','03ac674216f3e15c761ee1a5e255f067953623c8b388b4459e13f978d7c846f4',3,_binary '','Cristian Gonzalez'),('eroura','03ac674216f3e15c761ee1a5e255f067953623c8b388b4459e13f978d7c846f4',1,_binary '','Eva Roura'),('fmorenov','03ac674216f3e15c761ee1a5e255f067953623c8b388b4459e13f978d7c846f4',2,_binary '','Francisco Javier Moreno Vicente'),('fvellari','03ac674216f3e15c761ee1a5e255f067953623c8b388b4459e13f978d7c846f4',2,_binary '','Francisco Jose Vellarino'),('jbeltrma','03ac674216f3e15c761ee1a5e255f067953623c8b388b4459e13f978d7c846f4',2,_binary '','Jose Antonio Beltran Marquez'),('jgadeado','default-password',1,_binary '\0',NULL),('jgalvezj','03ac674216f3e15c761ee1a5e255f067953623c8b388b4459e13f978d7c846f4',1,_binary '\0','Juan Antonio Gálvez Jimenez'),('jherrric','default-password',1,_binary '\0',NULL),('marcossa','03ac674216f3e15c761ee1a5e255f067953623c8b388b4459e13f978d7c846f4',2,_binary '','Moises Arcos'),('mcampong','03ac674216f3e15c761ee1a5e255f067953623c8b388b4459e13f978d7c846f4',1,_binary '\0','Moisés Campón'),('salva','03ac674216f3e15c761ee1a5e255f067953623c8b388b4459e13f978d7c846f4',3,_binary '\0','salvatore'),('Test','532eaabd9574880dbf76b9b8cc00832c20a6ec113d682299550d7a6e0f345e25',1,_binary '\0',NULL),('TestAGD','03ac674216f3e15c761ee1a5e255f067953623c8b388b4459e13f978d7c846f4',1,_binary '\0','AGD Pruebas'),('test_user','03ac674216f3e15c761ee1a5e255f067953623c8b388b4459e13f978d7c846f4',1,_binary '','Usuario de Test'),('User','b512d97e7cbf97c273e4db073bbb547aa65a84589227f8f3d9e4a72b9372a24d',1,_binary '\0',NULL),('usuario_prueba','03ac674216f3e15c761ee1a5e255f067953623c8b388b4459e13f978d7c846f4',1,_binary '\0','Usuario de Prueba'),('vpaduaca','5178298d310cfc2239970c0e059c32eb82ed028e75335f5307052351b034d123',1,_binary '','Verónica Padua');
/*!40000 ALTER TABLE `users` ENABLE KEYS */;
UNLOCK TABLES;

--
-- Dumping events for database 'agilemeter'
--

--
-- Dumping routines for database 'agilemeter'
--
/*!40103 SET TIME_ZONE=@OLD_TIME_ZONE */;

/*!40101 SET SQL_MODE=@OLD_SQL_MODE */;
/*!40014 SET FOREIGN_KEY_CHECKS=@OLD_FOREIGN_KEY_CHECKS */;
/*!40014 SET UNIQUE_CHECKS=@OLD_UNIQUE_CHECKS */;
/*!40101 SET CHARACTER_SET_CLIENT=@OLD_CHARACTER_SET_CLIENT */;
/*!40101 SET CHARACTER_SET_RESULTS=@OLD_CHARACTER_SET_RESULTS */;
/*!40101 SET COLLATION_CONNECTION=@OLD_COLLATION_CONNECTION */;
/*!40111 SET SQL_NOTES=@OLD_SQL_NOTES */;

-- Dump completed on 2019-07-25 11:18:50
